ABJ|BRU,|BRU|ABJ|
ABJ|OUA,|OUA|ABJ|
ABJ|JED,|JED|IST|ABJ|
ABJ|CPH,|CPH|IST|ABJ|
ABJ|YYZ,|YYZ|BRU|ABJ|
ABJ|DEN,|DEN|ORD|BRU|ABJ|
ABJ|YUL,|YUL|BRU|ABJ|
ABJ|NBO,|NBO|IST|ABJ|
ABJ|ICN,|ICN|IST|ABJ|
ABJ|NRT,|NRT|IST|ABJ|
ABJ|YHZ,|YHZ|YUL|BRU|ABJ|
ABJ|YOW,|YOW|YUL|BRU|ABJ|
ABJ|BJM,|BJM|BRU|ABJ|
ABJ|COO,|COO|BRU|ABJ|
ABJ|DKR,|DKR|BRU|ABJ|
ABJ|DLA,|DLA|IST|ABJ|
ABJ|KGL,|KGL|IST|ABJ|
ABJ|LAD,|LAD|BRU|ABJ|
ABJ|AMS,|AMS|IST|ABJ|
ABJ|OSL,|OSL|IST|ABJ|
ABJ|VNO,|VNO|IST|ABJ|
ABJ|WAW,|WAW|IST|ABJ|
ABJ|YYC,|YYC|YUL|BRU|ABJ|
ABJ|ATL,|ATL|IAD|BRU|ABJ|
ABJ|MSY,|MSY|IAD|BRU|ABJ|
ABJ|YEG,|YEG|YUL|BRU|ABJ|
ABJ|YMM,|YMM|YYZ|BRU|ABJ|
ABJ|YQR,|YQR|YWG|YUL|BRU|ABJ|
ABJ|YVR,|YVR|YUL|BRU|ABJ|
ABJ|YWG,|YWG|YUL|BRU|ABJ|
ABJ|YXE,|YXE|YWG|YUL|BRU|ABJ|
ABJ|CKY,|CKY|DKR|BRU|ABJ|
ABJ|FIH,|FIH|IST|ABJ|
ABJ|SCL,|SCL|EZE|GRU|IST|ABJ|
ABJ|LCA,|LCA|FRA|IST|ABJ|
ABJ|NAP,|NAP|IST|ABJ|
ABJ|VLC,|VLC|IST|ABJ|
ABJ|BKK,|BKK|IST|ABJ|
ABJ|ADD,|ADD|IST|ABJ|
ABJ|FRA,|FRA|IST|ABJ|
ABJ|IST,|IST|ABJ|
ABJ|EBB,|EBB|KGL|IST|ABJ|
ABJ|YLW,|YLW|YYC|YUL|BRU|ABJ|
ABJ|YYT,|YYT|LHR|IST|ABJ|
ABJ|GUA,|GUA|EWR|BRU|ABJ|
ABJ|EWR,|EWR|BRU|ABJ|
ABJ|IAD,|IAD|BRU|ABJ|
ABJ|IAH,|IAH|YUL|BRU|ABJ|
ABJ|ORD,|ORD|BRU|ABJ|
ABJ|SOF,|SOF|IST|ABJ|
ABJ|YQB,|YQB|YUL|BRU|ABJ|
ABJ|YXU,|YXU|YYZ|BRU|ABJ|
ABJ|EZE,|EZE|GRU|IST|ABJ|
ABJ|YYJ,|YYJ|YYC|YUL|BRU|ABJ|
ABJ|YYY,|YYY|YUL|BRU|ABJ|
ABJ|YQQ,|YQQ|YYC|YUL|BRU|ABJ|
ABJ|YYR,|YYR|YWK|YZV|YUL|BRU|ABJ|
ABJ|LHR,|LHR|IST|ABJ|
ABJ|SFO,|SFO|YUL|BRU|ABJ|
ABJ|YQU,|YQU|YEG|YUL|BRU|ABJ|
ABJ|YZF,|YZF|YEG|YUL|BRU|ABJ|
ABJ|YGR,|YGR|YGP|YQB|YUL|BRU|ABJ|
ABJ|YGP,|YGP|YQB|YUL|BRU|ABJ|
ABJ|BOS,|BOS|YUL|BRU|ABJ|
ABJ|YDF,|YDF|YYT|LHR|IST|ABJ|
ABJ|YFC,|YFC|YUL|BRU|ABJ|
ABJ|YQM,|YQM|YUL|BRU|ABJ|
ABJ|YQX,|YQX|YYT|LHR|IST|ABJ|
ABJ|YQY,|YQY|YHZ|YUL|BRU|ABJ|
ABJ|YSJ,|YSJ|YUL|BRU|ABJ|
ABJ|YYG,|YYG|YUL|BRU|ABJ|
ABJ|LAX,|LAX|ORD|BRU|ABJ|
ABJ|DCA,|DCA|EWR|BRU|ABJ|
ABJ|LGA,|LGA|YUL|BRU|ABJ|
ABJ|YZV,|YZV|YUL|BRU|ABJ|
ABJ|YWL,|YWL|YVR|YUL|BRU|ABJ|
ABJ|AZS,|AZS|YUL|BRU|ABJ|
ABJ|BDL,|BDL|YUL|BRU|ABJ|
ABJ|CCC,|CCC|YUL|BRU|ABJ|
ABJ|CDG,|CDG|IST|ABJ|
ABJ|CUN,|CUN|EWR|BRU|ABJ|
ABJ|CZM,|CZM|YUL|BRU|ABJ|
ABJ|FDF,|FDF|YUL|BRU|ABJ|
ABJ|FLL,|FLL|EWR|BRU|ABJ|
ABJ|GVA,|GVA|IST|ABJ|
ABJ|HOG,|HOG|YUL|BRU|ABJ|
ABJ|LAS,|LAS|ORD|BRU|ABJ|
ABJ|MBJ,|MBJ|EWR|BRU|ABJ|
ABJ|MCO,|MCO|EWR|BRU|ABJ|
ABJ|MUC,|MUC|IST|ABJ|
ABJ|PAP,|PAP|YUL|BRU|ABJ|
ABJ|PTP,|PTP|YUL|BRU|ABJ|
ABJ|PUJ,|PUJ|EWR|BRU|ABJ|
ABJ|SNU,|SNU|YUL|BRU|ABJ|
ABJ|VRA,|VRA|YUL|BRU|ABJ|
ABJ|YBC,|YBC|YUL|BRU|ABJ|
ABJ|YBG,|YBG|YUL|BRU|ABJ|
ABJ|YTZ,|YTZ|YUL|BRU|ABJ|
ABJ|YUY,|YUY|YUL|BRU|ABJ|
ABJ|YVO,|YVO|YUL|BRU|ABJ|
ABJ|ZBF,|ZBF|YUL|BRU|ABJ|
ABJ|ZRH,|ZRH|IST|ABJ|
ABJ|ZSA,|ZSA|YUL|BRU|ABJ|
ABJ|AKL,|AKL|BKK|IST|ABJ|
ABJ|HKG,|HKG|IST|ABJ|
ABJ|HND,|HND|YVR|YUL|BRU|ABJ|
ABJ|HNL,|HNL|SFO|YUL|BRU|ABJ|
ABJ|MEX,|MEX|IAD|BRU|ABJ|
ABJ|OGG,|OGG|SFO|YUL|BRU|ABJ|
ABJ|PDX,|PDX|YYC|YUL|BRU|ABJ|
ABJ|PEK,|PEK|IST|ABJ|
ABJ|PVG,|PVG|IST|ABJ|
ABJ|PVR,|PVR|IAH|YUL|BRU|ABJ|
ABJ|SEA,|SEA|YYZ|BRU|ABJ|
ABJ|SYD,|SYD|BKK|IST|ABJ|
ABJ|YBL,|YBL|YVR|YUL|BRU|ABJ|
ABJ|YCD,|YCD|YVR|YUL|BRU|ABJ|
ABJ|YCG,|YCG|YYC|YUL|BRU|ABJ|
ABJ|YKA,|YKA|YYC|YUL|BRU|ABJ|
ABJ|YPR,|YPR|YVR|YUL|BRU|ABJ|
ABJ|YQZ,|YQZ|YVR|YUL|BRU|ABJ|
ABJ|YXC,|YXC|YYC|YUL|BRU|ABJ|
ABJ|YXJ,|YXJ|YYC|YUL|BRU|ABJ|
ABJ|YXS,|YXS|YYC|YUL|BRU|ABJ|
ABJ|YXT,|YXT|YVR|YUL|BRU|ABJ|
ABJ|YXY,|YXY|YVR|YUL|BRU|ABJ|
ABJ|YYD,|YYD|YVR|YUL|BRU|ABJ|
ABJ|YYF,|YYF|YVR|YUL|BRU|ABJ|
ABJ|YZP,|YZP|YVR|YUL|BRU|ABJ|
ABJ|YQT,|YQT|YYZ|BRU|ABJ|
ABJ|SJD,|SJD|ORD|BRU|ABJ|
ABJ|YQF,|YQF|YYC|YUL|BRU|ABJ|
ABJ|YQL,|YQL|YYC|YUL|BRU|ABJ|
ABJ|YXH,|YXH|YYC|YUL|BRU|ABJ|
ABJ|YWK,|YWK|YZV|YUL|BRU|ABJ|
ABJ|ANU,|ANU|EWR|BRU|ABJ|
ABJ|AUA,|AUA|EWR|BRU|ABJ|
ABJ|AUH,|AUH|IST|ABJ|
ABJ|BCN,|BCN|IST|ABJ|
ABJ|BDA,|BDA|EWR|BRU|ABJ|
ABJ|BGI,|BGI|YYZ|BRU|ABJ|
ABJ|BNA,|BNA|YYZ|BRU|ABJ|
ABJ|BOG,|BOG|JFK|BRU|ABJ|
ABJ|BWI,|BWI|EWR|BRU|ABJ|
ABJ|CLE,|CLE|YYZ|BRU|ABJ|
ABJ|CLT,|CLT|EWR|BRU|ABJ|
ABJ|CMH,|CMH|YYZ|BRU|ABJ|
ABJ|CVG,|CVG|YYZ|BRU|ABJ|
ABJ|DFW,|DFW|ORD|BRU|ABJ|
ABJ|DTW,|DTW|YYZ|BRU|ABJ|
ABJ|DUB,|DUB|IST|ABJ|
ABJ|FCO,|FCO|IST|ABJ|
ABJ|GCM,|GCM|EWR|BRU|ABJ|
ABJ|GGT,|GGT|FLL|EWR|BRU|ABJ|
ABJ|GND,|GND|YYZ|BRU|ABJ|
ABJ|GRU,|GRU|IST|ABJ|
ABJ|HAV,|HAV|YYZ|BRU|ABJ|
ABJ|IND,|IND|YYZ|BRU|ABJ|
ABJ|JFK,|JFK|BRU|ABJ|
ABJ|KIN,|KIN|YYZ|BRU|ABJ|
ABJ|LIM,|LIM|EWR|BRU|ABJ|
ABJ|LIR,|LIR|EWR|BRU|ABJ|
ABJ|MCI,|MCI|ORD|BRU|ABJ|
ABJ|MDT,|MDT|IAD|BRU|ABJ|
ABJ|MIA,|MIA|EWR|BRU|ABJ|
ABJ|MKE,|MKE|YYZ|BRU|ABJ|
ABJ|MSP,|MSP|YUL|BRU|ABJ|
ABJ|NAS,|NAS|EWR|BRU|ABJ|
ABJ|PHL,|PHL|IAD|BRU|ABJ|
ABJ|PHX,|PHX|ORD|BRU|ABJ|
ABJ|PIT,|PIT|YYZ|BRU|ABJ|
ABJ|PLS,|PLS|EWR|BRU|ABJ|
ABJ|POP,|POP|EWR|BRU|ABJ|
ABJ|RDU,|RDU|EWR|BRU|ABJ|
ABJ|ROC,|ROC|YYZ|BRU|ABJ|
ABJ|RSW,|RSW|EWR|BRU|ABJ|
ABJ|SAN,|SAN|ORD|BRU|ABJ|
ABJ|SJO,|SJO|EWR|BRU|ABJ|
ABJ|STL,|STL|ORD|BRU|ABJ|
ABJ|SYR,|SYR|EWR|BRU|ABJ|
ABJ|TLV,|TLV|IST|ABJ|
ABJ|TPA,|TPA|EWR|BRU|ABJ|
ABJ|UVF,|UVF|EWR|BRU|ABJ|
ABJ|VIE,|VIE|IST|ABJ|
ABJ|YAM,|YAM|YYZ|BRU|ABJ|
ABJ|YGK,|YGK|YYZ|BRU|ABJ|
ABJ|YQG,|YQG|YYZ|BRU|ABJ|
ABJ|YSB,|YSB|YYZ|BRU|ABJ|
ABJ|YTS,|YTS|YYZ|BRU|ABJ|
ABJ|YYB,|YYB|YYZ|BRU|ABJ|
ABJ|YZR,|YZR|YYZ|BRU|ABJ|
ABJ|CAN,|CAN|IST|ABJ|
ABJ|URC,|URC|IST|ABJ|
ABJ|CTU,|CTU|URC|IST|ABJ|
ABJ|HGH,|HGH|URC|IST|ABJ|
ABJ|XMN,|XMN|CSX|URC|IST|ABJ|
ABJ|CGO,|CGO|URC|IST|ABJ|
ABJ|CSX,|CSX|URC|IST|ABJ|
ABJ|SHE,|SHE|PEK|IST|ABJ|
ABJ|SJW,|SJW|URC|IST|ABJ|
ABJ|WUH,|WUH|URC|IST|ABJ|
ABJ|SZX,|SZX|CKG|URC|IST|ABJ|
ABJ|CKG,|CKG|URC|IST|ABJ|
ABJ|KMG,|KMG|CTU|URC|IST|ABJ|
ABJ|FOC,|FOC|XIY|URC|IST|ABJ|
ABJ|NNG,|NNG|KWE|URC|IST|ABJ|
ABJ|SWA,|SWA|CAN|IST|ABJ|
ABJ|ACX,|ACX|CAN|IST|ABJ|
ABJ|AQG,|AQG|CAN|IST|ABJ|
ABJ|AVA,|AVA|CAN|IST|ABJ|
ABJ|BFJ,|BFJ|CAN|IST|ABJ|
ABJ|BHY,|BHY|CKG|URC|IST|ABJ|
ABJ|BNE,|BNE|BKK|IST|ABJ|
ABJ|CGD,|CGD|PEK|IST|ABJ|
ABJ|CGK,|CGK|SIN|IST|ABJ|
ABJ|CGQ,|CGQ|HET|URC|IST|ABJ|
ABJ|CIH,|CIH|PEK|IST|ABJ|
ABJ|CNX,|CNX|CAN|IST|ABJ|
ABJ|CZX,|CZX|TYN|URC|IST|ABJ|
ABJ|DAC,|DAC|IST|ABJ|
ABJ|DAD,|DAD|CAN|IST|ABJ|
ABJ|DEL,|DEL|IST|ABJ|
ABJ|DIG,|DIG|KMG|CTU|URC|IST|ABJ|
ABJ|DLC,|DLC|PEK|IST|ABJ|
ABJ|DPS,|DPS|CAN|IST|ABJ|
ABJ|DXB,|DXB|IST|ABJ|
ABJ|DYG,|DYG|CSX|URC|IST|ABJ|
ABJ|FUG,|FUG|CAN|IST|ABJ|
ABJ|FUK,|FUK|ICN|IST|ABJ|
ABJ|HAK,|HAK|CTU|URC|IST|ABJ|
ABJ|HAN,|HAN|CAN|IST|ABJ|
ABJ|HDG,|HDG|CAN|IST|ABJ|
ABJ|HET,|HET|URC|IST|ABJ|
ABJ|HFE,|HFE|XIY|URC|IST|ABJ|
ABJ|HJJ,|HJJ|CSX|URC|IST|ABJ|
ABJ|HKT,|HKT|KWE|URC|IST|ABJ|
ABJ|HRB,|HRB|PEK|IST|ABJ|
ABJ|HZH,|HZH|CAN|IST|ABJ|
ABJ|JIU,|JIU|CAN|IST|ABJ|
ABJ|JJN,|JJN|CSX|URC|IST|ABJ|
ABJ|JNG,|JNG|CAN|IST|ABJ|
ABJ|KHN,|KHN|XIY|URC|IST|ABJ|
ABJ|KIX,|KIX|IST|ABJ|
ABJ|KOW,|KOW|CAN|IST|ABJ|
ABJ|KTM,|KTM|IST|ABJ|
ABJ|KUL,|KUL|IST|ABJ|
ABJ|KWE,|KWE|URC|IST|ABJ|
ABJ|KWL,|KWL|CKG|URC|IST|ABJ|
ABJ|LHW,|LHW|URC|IST|ABJ|
ABJ|LYA,|LYA|KHN|XIY|URC|IST|ABJ|
ABJ|LYG,|LYG|XUZ|INC|URC|IST|ABJ|
ABJ|LZH,|LZH|CAN|IST|ABJ|
ABJ|MEL,|MEL|BKK|IST|ABJ|
ABJ|MIG,|MIG|CSX|URC|IST|ABJ|
ABJ|MLE,|MLE|IST|ABJ|
ABJ|MNL,|MNL|CAN|IST|ABJ|
ABJ|MXZ,|MXZ|CAN|IST|ABJ|
ABJ|NAO,|NAO|PEK|IST|ABJ|
ABJ|NGB,|NGB|WUH|URC|IST|ABJ|
ABJ|NKG,|NKG|URC|IST|ABJ|
ABJ|NNY,|NNY|CGO|URC|IST|ABJ|
ABJ|PEN,|PEN|CAN|IST|ABJ|
ABJ|PER,|PER|BKK|IST|ABJ|
ABJ|PNH,|PNH|CAN|IST|ABJ|
ABJ|REP,|REP|CAN|IST|ABJ|
ABJ|RGN,|RGN|CAN|IST|ABJ|
ABJ|SGN,|SGN|BKK|IST|ABJ|
ABJ|SHA,|SHA|URC|IST|ABJ|
ABJ|SIN,|SIN|IST|ABJ|
ABJ|SVO,|SVO|URC|IST|ABJ|
ABJ|SYX,|SYX|CKG|URC|IST|ABJ|
ABJ|TAO,|TAO|TYN|URC|IST|ABJ|
ABJ|TEN,|TEN|CAN|IST|ABJ|
ABJ|TNA,|TNA|URC|IST|ABJ|
ABJ|TPE,|TPE|URC|IST|ABJ|
ABJ|TSN,|TSN|HET|URC|IST|ABJ|
ABJ|TXN,|TXN|TYN|URC|IST|ABJ|
ABJ|TYN,|TYN|URC|IST|ABJ|
ABJ|WNZ,|WNZ|XIY|URC|IST|ABJ|
ABJ|WUX,|WUX|CAN|IST|ABJ|
ABJ|XFN,|XFN|CAN|IST|ABJ|
ABJ|XIY,|XIY|URC|IST|ABJ|
ABJ|XUZ,|XUZ|INC|URC|IST|ABJ|
ABJ|YIH,|YIH|CKG|URC|IST|ABJ|
ABJ|YIW,|YIW|URC|IST|ABJ|
ABJ|YNT,|YNT|SHE|PEK|IST|ABJ|
ABJ|YNZ,|YNZ|WUH|URC|IST|ABJ|
ABJ|YTY,|YTY|CGO|URC|IST|ABJ|
ABJ|ZHA,|ZHA|CAN|IST|ABJ|
ABJ|ZYI,|ZYI|CAN|IST|ABJ|
ABJ|BAV,|BAV|URC|IST|ABJ|
ABJ|CJU,|CJU|DLC|PEK|IST|ABJ|
ABJ|DSN,|DSN|CGO|URC|IST|ABJ|
ABJ|HMI,|HMI|URC|IST|ABJ|
ABJ|INC,|INC|URC|IST|ABJ|
ABJ|KHH,|KHH|WUH|URC|IST|ABJ|
ABJ|UYN,|UYN|XIY|URC|IST|ABJ|
ABJ|XNN,|XNN|URC|IST|ABJ|
ABJ|ZUH,|ZUH|KWE|URC|IST|ABJ|
ABJ|YNJ,|YNJ|PEK|IST|ABJ|
ABJ|DAT,|DAT|TYN|URC|IST|ABJ|
ABJ|JHG,|JHG|KMG|CTU|URC|IST|ABJ|
ABJ|LJG,|LJG|KMG|CTU|URC|IST|ABJ|
ABJ|LXA,|LXA|CKG|URC|IST|ABJ|
ABJ|YCU,|YCU|CKG|URC|IST|ABJ|
ABJ|LZO,|LZO|CSX|URC|IST|ABJ|
ABJ|MDG,|MDG|DLC|PEK|IST|ABJ|
ABJ|NGO,|NGO|ICN|IST|ABJ|
ABJ|TOY,|TOY|DLC|PEK|IST|ABJ|
ABJ|MFM,|MFM|XMN|CSX|URC|IST|ABJ|
ABJ|TGO,|TGO|HET|URC|IST|ABJ|
ABJ|XIL,|XIL|HET|URC|IST|ABJ|
ABJ|HEK,|HEK|HRB|PEK|IST|ABJ|
ABJ|KIJ,|KIJ|HRB|PEK|IST|ABJ|
ABJ|LDS,|LDS|HRB|PEK|IST|ABJ|
ABJ|OHE,|OHE|HRB|PEK|IST|ABJ|
ABJ|HSN,|HSN|LYG|XUZ|INC|URC|IST|ABJ|
ABJ|DLU,|DLU|KMG|CTU|URC|IST|ABJ|
ABJ|SYM,|SYM|KMG|CTU|URC|IST|ABJ|
ABJ|ZAT,|ZAT|KMG|CTU|URC|IST|ABJ|
ABJ|LUN,|LUN|NBO|IST|ABJ|
ABJ|AOG,|AOG|PEK|IST|ABJ|
ABJ|GMP,|GMP|PEK|IST|ABJ|
ABJ|ISB,|ISB|IST|ABJ|
ABJ|TAS,|TAS|IST|ABJ|
ABJ|WUS,|WUS|PEK|IST|ABJ|
ABJ|JMU,|JMU|PVG|IST|ABJ|
ABJ|NDG,|NDG|PVG|IST|ABJ|
ABJ|JXA,|JXA|SHE|PEK|IST|ABJ|
ABJ|PUS,|PUS|SHE|PEK|IST|ABJ|
ABJ|BKI,|BKI|SZX|CKG|URC|IST|ABJ|
ABJ|AKU,|AKU|URC|IST|ABJ|
ABJ|ALA,|ALA|IST|ABJ|
ABJ|ASB,|ASB|IST|ABJ|
ABJ|DNH,|DNH|URC|IST|ABJ|
ABJ|DYU,|DYU|IST|ABJ|
ABJ|FRU,|FRU|IST|ABJ|
ABJ|GYD,|GYD|IST|ABJ|
ABJ|HTN,|HTN|URC|IST|ABJ|
ABJ|IKA,|IKA|IST|ABJ|
ABJ|KCA,|KCA|URC|IST|ABJ|
ABJ|KHG,|KHG|URC|IST|ABJ|
ABJ|KRL,|KRL|URC|IST|ABJ|
ABJ|KRY,|KRY|URC|IST|ABJ|
ABJ|LBD,|LBD|URC|IST|ABJ|
ABJ|NLT,|NLT|URC|IST|ABJ|
ABJ|OSS,|OSS|IST|ABJ|
ABJ|OVB,|OVB|IST|ABJ|
ABJ|TBS,|TBS|IST|ABJ|
ABJ|TCG,|TCG|URC|IST|ABJ|
ABJ|TSE,|TSE|IST|ABJ|
ABJ|YIN,|YIN|URC|IST|ABJ|
ABJ|ENH,|ENH|WUH|URC|IST|ABJ|
ABJ|ENY,|ENY|XIY|URC|IST|ABJ|
ABJ|WXN,|WXN|XIY|URC|IST|ABJ|
ABJ|BLL,|BLL|IST|ABJ|
ABJ|ESB,|ESB|IST|ABJ|
ABJ|SAW,|SAW|ADB|IST|ABJ|
ABJ|HAM,|HAM|IST|ABJ|
ABJ|HRE,|HRE|ADD|IST|ABJ|
ABJ|JUB,|JUB|CAI|IST|ABJ|
ABJ|SSG,|SSG|DLA|IST|ABJ|
ABJ|BGW,|BGW|IST|ABJ|
ABJ|EBL,|EBL|IST|ABJ|
ABJ|VKO,|VKO|IST|ABJ|
ABJ|MCT,|MCT|IST|ABJ|
ABJ|AYT,|AYT|IST|ABJ|
ABJ|SCQ,|SCQ|BIO|IST|ABJ|
ABJ|AAL,|AAL|IST|ABJ|
ABJ|AOE,|AOE|BRU|ABJ|
ABJ|JNB,|JNB|IST|ABJ|
ABJ|LBV,|LBV|DLA|IST|ABJ|
ABJ|ADA,|ADA|IST|ABJ|
ABJ|ADB,|ADB|IST|ABJ|
ABJ|ADF,|ADF|IST|ABJ|
ABJ|AJI,|AJI|IST|ABJ|
ABJ|BAL,|BAL|IST|ABJ|
ABJ|BJV,|BJV|IST|ABJ|
ABJ|CKZ,|CKZ|ESB|IST|ABJ|
ABJ|DIY,|DIY|IST|ABJ|
ABJ|ECN,|ECN|IST|ABJ|
ABJ|ERC,|ERC|IST|ABJ|
ABJ|ERZ,|ERZ|IST|ABJ|
ABJ|EZS,|EZS|IST|ABJ|
ABJ|GNY,|GNY|IST|ABJ|
ABJ|GZP,|GZP|ESB|IST|ABJ|
ABJ|GZT,|GZT|IST|ABJ|
ABJ|HTY,|HTY|IST|ABJ|
ABJ|KCM,|KCM|IST|ABJ|
ABJ|KSY,|KSY|IST|ABJ|
ABJ|MLX,|MLX|IST|ABJ|
ABJ|MQM,|MQM|IST|ABJ|
ABJ|MSR,|MSR|IST|ABJ|
ABJ|TEQ,|TEQ|ESB|IST|ABJ|
ABJ|TZX,|TZX|IST|ABJ|
ABJ|VAN,|VAN|IST|ABJ|
ABJ|ULN,|ULN|FRU|IST|ABJ|
ABJ|HIJ,|HIJ|ICN|IST|ABJ|
ABJ|VVO,|VVO|ICN|IST|ABJ|
ABJ|ACC,|ACC|IST|ABJ|
ABJ|AER,|AER|IST|ABJ|
ABJ|AGP,|AGP|IST|ABJ|
ABJ|ALG,|ALG|IST|ABJ|
ABJ|AMM,|AMM|IST|ABJ|
ABJ|AQJ,|AQJ|IST|ABJ|
ABJ|ARN,|ARN|GOT|BRU|ABJ|
ABJ|ASR,|ASR|IST|ABJ|
ABJ|ATH,|ATH|IST|ABJ|
ABJ|BAH,|BAH|IST|ABJ|
ABJ|BEG,|BEG|IST|ABJ|
ABJ|BEN,|BEN|IST|ABJ|
ABJ|BEY,|BEY|IST|ABJ|
ABJ|BHX,|BHX|BRU|ABJ|
ABJ|BIO,|BIO|IST|ABJ|
ABJ|BLQ,|BLQ|IST|ABJ|
ABJ|BOM,|BOM|IST|ABJ|
ABJ|BRE,|BRE|IST|ABJ|
ABJ|BSL,|BSL|IST|ABJ|
ABJ|BSR,|BSR|IST|ABJ|
ABJ|BUD,|BUD|IST|ABJ|
ABJ|BUS,|BUS|IST|ABJ|
ABJ|CAI,|CAI|IST|ABJ|
ABJ|CGN,|CGN|IST|ABJ|
ABJ|CMN,|CMN|IST|ABJ|
ABJ|CND,|CND|IST|ABJ|
ABJ|DAR,|DAR|IST|ABJ|
ABJ|DLM,|DLM|IST|ABJ|
ABJ|DMM,|DMM|IST|ABJ|
ABJ|DNK,|DNK|IST|ABJ|
ABJ|DNZ,|DNZ|IST|ABJ|
ABJ|DOK,|DOK|IST|ABJ|
ABJ|DUS,|DUS|IST|ABJ|
ABJ|EDI,|EDI|IST|ABJ|
ABJ|ELQ,|ELQ|IST|ABJ|
ABJ|FDH,|FDH|IST|ABJ|
ABJ|GOA,|GOA|IST|ABJ|
ABJ|GOT,|GOT|BRU|ABJ|
ABJ|HAJ,|HAJ|BRU|ABJ|
ABJ|HBE,|HBE|IST|ABJ|
ABJ|HEL,|HEL|IST|ABJ|
ABJ|HRG,|HRG|IST|ABJ|
ABJ|IFN,|IFN|IST|ABJ|
ABJ|ISE,|ISE|IST|ABJ|
ABJ|ISU,|ISU|IST|ABJ|
ABJ|JIB,|JIB|IST|ABJ|
ABJ|JRO,|JRO|IST|ABJ|
ABJ|KAN,|KAN|IST|ABJ|
ABJ|KBL,|KBL|IST|ABJ|
ABJ|KBP,|KBP|IST|ABJ|
ABJ|KFS,|KFS|IST|ABJ|
ABJ|KHI,|KHI|IST|ABJ|
ABJ|KIV,|KIV|IST|ABJ|
ABJ|KRT,|KRT|IST|ABJ|
ABJ|KSH,|KSH|IST|ABJ|
ABJ|KVD,|KVD|IST|ABJ|
ABJ|KWI,|KWI|IST|ABJ|
ABJ|KYA,|KYA|IST|ABJ|
ABJ|KZN,|KZN|IST|ABJ|
ABJ|KZR,|KZR|IST|ABJ|
ABJ|LED,|LED|IST|ABJ|
ABJ|LEJ,|LEJ|IST|ABJ|
ABJ|LGW,|LGW|IST|ABJ|
ABJ|LHE,|LHE|IST|ABJ|
ABJ|LIS,|LIS|IST|ABJ|
ABJ|LJU,|LJU|IST|ABJ|
ABJ|LOS,|LOS|IST|ABJ|
ABJ|LUX,|LUX|IST|ABJ|
ABJ|LWO,|LWO|IST|ABJ|
ABJ|LYS,|LYS|IST|ABJ|
ABJ|MAD,|MAD|IST|ABJ|
ABJ|MAN,|MAN|BRU|ABJ|
ABJ|MED,|MED|IST|ABJ|
ABJ|MHD,|MHD|IST|ABJ|
ABJ|MLA,|MLA|IST|ABJ|
ABJ|MRS,|MRS|IST|ABJ|
ABJ|MSQ,|MSQ|IST|ABJ|
ABJ|MXP,|MXP|IST|ABJ|
ABJ|MZH,|MZH|IST|ABJ|
ABJ|MZR,|MZR|IST|ABJ|
ABJ|NAJ,|NAJ|IST|ABJ|
ABJ|NAV,|NAV|IST|ABJ|
ABJ|NCE,|NCE|IST|ABJ|
ABJ|NIM,|NIM|IST|ABJ|
ABJ|NJF,|NJF|IST|ABJ|
ABJ|NSI,|NSI|IST|ABJ|
ABJ|NUE,|NUE|IST|ABJ|
ABJ|ODS,|ODS|IST|ABJ|
ABJ|ORN,|ORN|IST|ABJ|
ABJ|OTP,|OTP|IST|ABJ|
ABJ|PRG,|PRG|BRU|ABJ|
ABJ|PRN,|PRN|IST|ABJ|
ABJ|RIX,|RIX|IST|ABJ|
ABJ|ROV,|ROV|IST|ABJ|
ABJ|RTM,|RTM|IST|ABJ|
ABJ|RUH,|RUH|IST|ABJ|
ABJ|SAH,|SAH|IST|ABJ|
ABJ|SJJ,|SJJ|IST|ABJ|
ABJ|SKG,|SKG|IST|ABJ|
ABJ|SKP,|SKP|IST|ABJ|
ABJ|SSH,|SSH|IST|ABJ|
ABJ|STR,|STR|IST|ABJ|
ABJ|SVX,|SVX|IST|ABJ|
ABJ|SYZ,|SYZ|IST|ABJ|
ABJ|SZG,|SZG|IST|ABJ|
ABJ|TBZ,|TBZ|IST|ABJ|
ABJ|TGD,|TGD|IST|ABJ|
ABJ|TIA,|TIA|IST|ABJ|
ABJ|TIF,|TIF|IST|ABJ|
ABJ|TIP,|TIP|IST|ABJ|
ABJ|TLL,|TLL|IST|ABJ|
ABJ|TLS,|TLS|IST|ABJ|
ABJ|TRN,|TRN|IST|ABJ|
ABJ|TUN,|TUN|IST|ABJ|
ABJ|TXL,|TXL|IST|ABJ|
ABJ|UFA,|UFA|IST|ABJ|
ABJ|VAS,|VAS|IST|ABJ|
ABJ|VCE,|VCE|IST|ABJ|
ABJ|YNB,|YNB|IST|ABJ|
ABJ|ZAG,|ZAG|IST|ABJ|
ABJ|MGQ,|MGQ|JIB|IST|ABJ|
ABJ|CPT,|CPT|JNB|IST|ABJ|
ABJ|MBA,|MBA|JRO|IST|ABJ|
ABJ|NDJ,|NDJ|KAN|IST|ABJ|
ABJ|CMB,|CMB|MLE|IST|ABJ|
ABJ|ADE,|ADE|SAH|IST|ABJ|
ABJ|ASF,|ASF|SAW|ADB|IST|ABJ|
ABJ|STW,|STW|SAW|ADB|IST|ABJ|
ABJ|LFW,|LFW|ABJ|
ABJ|CEC,|CEC|ACV|SMF|ORD|BRU|ABJ|
ABJ|SMF,|SMF|ORD|BRU|ABJ|
ABJ|CDR,|CDR|AIA|DEN|ORD|BRU|ABJ|
ABJ|FMN,|FMN|DEN|ORD|BRU|ABJ|
ABJ|JST,|JST|IAD|BRU|ABJ|
ABJ|JHW,|JHW|CLE|YYZ|BRU|ABJ|
ABJ|SHD,|SHD|IAD|BRU|ABJ|
ABJ|PTY,|PTY|JFK|BRU|ABJ|
ABJ|FNA,|FNA|BRU|ABJ|
ABJ|SXB,|SXB|BRU|ABJ|
ABJ|ACV,|ACV|SMF|ORD|BRU|ABJ|
ABJ|MGW,|MGW|IAD|BRU|ABJ|
ABJ|ALB,|ALB|EWR|BRU|ABJ|
ABJ|AUS,|AUS|CLE|YYZ|BRU|ABJ|
ABJ|BFD,|BFD|CLE|YYZ|BRU|ABJ|
ABJ|BUF,|BUF|EWR|BRU|ABJ|
ABJ|CHS,|CHS|EWR|BRU|ABJ|
ABJ|DAY,|DAY|CLE|YYZ|BRU|ABJ|
ABJ|DUJ,|DUJ|CLE|YYZ|BRU|ABJ|
ABJ|ERI,|ERI|CLE|YYZ|BRU|ABJ|
ABJ|FKL,|FKL|CLE|YYZ|BRU|ABJ|
ABJ|FNT,|FNT|CLE|YYZ|BRU|ABJ|
ABJ|GRR,|GRR|CLE|YYZ|BRU|ABJ|
ABJ|GSP,|GSP|EWR|BRU|ABJ|
ABJ|PBI,|PBI|EWR|BRU|ABJ|
ABJ|PKB,|PKB|CLE|YYZ|BRU|ABJ|
ABJ|RIC,|RIC|EWR|BRU|ABJ|
ABJ|SDF,|SDF|CLE|YYZ|BRU|ABJ|
ABJ|GUM,|GUM|FUK|ICN|IST|ABJ|
ABJ|WRL,|WRL|CYS|DEN|ORD|BRU|ABJ|
ABJ|LBL,|ABJ|
ABJ|ABQ,|ABQ|ORD|BRU|ABJ|
ABJ|AIA,|AIA|DEN|ORD|BRU|ABJ|
ABJ|ALS,|ALS|DEN|ORD|BRU|ABJ|
ABJ|AMA,|AMA|DAL|STL|ORD|BRU|ABJ|
ABJ|ANC,|ANC|ORD|BRU|ABJ|
ABJ|ASE,|ASE|DEN|ORD|BRU|ABJ|
ABJ|BFL,|BFL|DEN|ORD|BRU|ABJ|
ABJ|BHM,|BHM|BWI|EWR|BRU|ABJ|
ABJ|BIL,|BIL|DEN|ORD|BRU|ABJ|
ABJ|BIS,|BIS|DEN|ORD|BRU|ABJ|
ABJ|BOI,|BOI|ORD|BRU|ABJ|
ABJ|BUR,|BUR|LAS|ORD|BRU|ABJ|
ABJ|BZN,|BZN|ORD|BRU|ABJ|
ABJ|CID,|CID|ORD|BRU|ABJ|
ABJ|COD,|COD|DEN|ORD|BRU|ABJ|
ABJ|COS,|COS|ORD|BRU|ABJ|
ABJ|CPR,|CPR|DEN|ORD|BRU|ABJ|
ABJ|CYS,|CYS|DEN|ORD|BRU|ABJ|
ABJ|DIK,|DIK|DEN|ORD|BRU|ABJ|
ABJ|DRO,|DRO|DEN|ORD|BRU|ABJ|
ABJ|DSM,|DSM|ORD|BRU|ABJ|
ABJ|EGE,|EGE|DEN|ORD|BRU|ABJ|
ABJ|ELP,|ELP|DAL|STL|ORD|BRU|ABJ|
ABJ|EUG,|EUG|PDX|YYC|YUL|BRU|ABJ|
ABJ|FAR,|FAR|ORD|BRU|ABJ|
ABJ|FAT,|FAT|DEN|ORD|BRU|ABJ|
ABJ|FCA,|FCA|DEN|ORD|BRU|ABJ|
ABJ|FSD,|FSD|ORD|BRU|ABJ|
ABJ|GCC,|GCC|DEN|ORD|BRU|ABJ|
ABJ|GEG,|GEG|DEN|ORD|BRU|ABJ|
ABJ|GJT,|GJT|DEN|ORD|BRU|ABJ|
ABJ|GTF,|GTF|DEN|ORD|BRU|ABJ|
ABJ|GUC,|GUC|DEN|ORD|BRU|ABJ|
ABJ|HDN,|HDN|DEN|ORD|BRU|ABJ|
ABJ|HLN,|HLN|DEN|ORD|BRU|ABJ|
ABJ|HSV,|HSV|IAD|BRU|ABJ|
ABJ|ICT,|ICT|ORD|BRU|ABJ|
ABJ|IDA,|IDA|DEN|ORD|BRU|ABJ|
ABJ|ISN,|ISN|DEN|ORD|BRU|ABJ|
ABJ|JAC,|JAC|DEN|ORD|BRU|ABJ|
ABJ|KOA,|KOA|SFO|YUL|BRU|ABJ|
ABJ|LAR,|LAR|DEN|ORD|BRU|ABJ|
ABJ|LBB,|LBB|DAL|STL|ORD|BRU|ABJ|
ABJ|LIH,|LIH|SFO|YUL|BRU|ABJ|
ABJ|LIT,|LIT|ORD|BRU|ABJ|
ABJ|LNK,|LNK|ORD|BRU|ABJ|
ABJ|MAF,|MAF|DAL|STL|ORD|BRU|ABJ|
ABJ|MEM,|MEM|EWR|BRU|ABJ|
ABJ|MFR,|MFR|DEN|ORD|BRU|ABJ|
ABJ|MLI,|MLI|ORD|BRU|ABJ|
ABJ|MOT,|MOT|DEN|ORD|BRU|ABJ|
ABJ|MRY,|MRY|DEN|ORD|BRU|ABJ|
ABJ|MSN,|MSN|ORD|BRU|ABJ|
ABJ|MSO,|MSO|DEN|ORD|BRU|ABJ|
ABJ|MTJ,|MTJ|DEN|ORD|BRU|ABJ|
ABJ|OKC,|OKC|ORD|BRU|ABJ|
ABJ|OMA,|OMA|ORD|BRU|ABJ|
ABJ|ONT,|ONT|DEN|ORD|BRU|ABJ|
ABJ|PIA,|PIA|ORD|BRU|ABJ|
ABJ|PIR,|PIR|DEN|ORD|BRU|ABJ|
ABJ|PSC,|PSC|DEN|ORD|BRU|ABJ|
ABJ|PSP,|PSP|DEN|ORD|BRU|ABJ|
ABJ|PUB,|PUB|DEN|ORD|BRU|ABJ|
ABJ|RAP,|RAP|ORD|BRU|ABJ|
ABJ|RDM,|RDM|DEN|ORD|BRU|ABJ|
ABJ|RKS,|RKS|DEN|ORD|BRU|ABJ|
ABJ|RNO,|RNO|DEN|ORD|BRU|ABJ|
ABJ|SAF,|SAF|DEN|ORD|BRU|ABJ|
ABJ|SAT,|SAT|ORD|BRU|ABJ|
ABJ|SBA,|SBA|DEN|ORD|BRU|ABJ|
ABJ|SGF,|SGF|ORD|BRU|ABJ|
ABJ|SGU,|SGU|DEN|ORD|BRU|ABJ|
ABJ|SHV,|SHV|IAH|YUL|BRU|ABJ|
ABJ|SJC,|SJC|DEN|ORD|BRU|ABJ|
ABJ|SLC,|SLC|ORD|BRU|ABJ|
ABJ|SNA,|SNA|ORD|BRU|ABJ|
ABJ|TUL,|TUL|ORD|BRU|ABJ|
ABJ|TUS,|TUS|MDW|DTW|YYZ|BRU|ABJ|
ABJ|TYS,|TYS|IAD|BRU|ABJ|
ABJ|XNA,|XNA|ORD|BRU|ABJ|
ABJ|SAL,|SAL|JFK|BRU|ABJ|
ABJ|BJL,|BJL|DKR|BRU|ABJ|
ABJ|BFS,|BFS|EWR|BRU|ABJ|
ABJ|BON,|BON|EWR|BRU|ABJ|
ABJ|BQN,|BQN|EWR|BRU|ABJ|
ABJ|BTV,|BTV|EWR|BRU|ABJ|
ABJ|BZE,|BZE|EWR|BRU|ABJ|
ABJ|GLA,|GLA|EWR|BRU|ABJ|
ABJ|GSO,|GSO|EWR|BRU|ABJ|
ABJ|ITH,|ITH|EWR|BRU|ABJ|
ABJ|JAX,|JAX|EWR|BRU|ABJ|
ABJ|MHT,|MHT|EWR|BRU|ABJ|
ABJ|MYR,|MYR|EWR|BRU|ABJ|
ABJ|ORF,|ORF|EWR|BRU|ABJ|
ABJ|POS,|POS|EWR|BRU|ABJ|
ABJ|PVD,|PVD|EWR|BRU|ABJ|
ABJ|PWM,|PWM|EWR|BRU|ABJ|
ABJ|SAP,|SAP|EWR|BRU|ABJ|
ABJ|SAV,|SAV|EWR|BRU|ABJ|
ABJ|SDQ,|SDQ|EWR|BRU|ABJ|
ABJ|SJU,|SJU|EWR|BRU|ABJ|
ABJ|SNN,|SNN|EWR|BRU|ABJ|
ABJ|STT,|STT|EWR|BRU|ABJ|
ABJ|SXM,|SXM|EWR|BRU|ABJ|
ABJ|BIM,|BIM|FLL|EWR|BRU|ABJ|
ABJ|ELH,|ELH|PBI|EWR|BRU|ABJ|
ABJ|EYW,|EYW|RSW|EWR|BRU|ABJ|
ABJ|FPO,|FPO|FLL|EWR|BRU|ABJ|
ABJ|GHB,|GHB|FLL|EWR|BRU|ABJ|
ABJ|MHH,|MHH|PBI|EWR|BRU|ABJ|
ABJ|TCB,|TCB|FLL|EWR|BRU|ABJ|
ABJ|SOW,|SOW|FMN|DEN|ORD|BRU|ABJ|
ABJ|ROB,|ROB|FNA|BRU|ABJ|
ABJ|GIG,|GIG|GRU|IST|ABJ|
ABJ|CNS,|CNS|GUM|FUK|ICN|IST|ABJ|
ABJ|CTS,|CTS|GUM|FUK|ICN|IST|ABJ|
ABJ|OKJ,|OKJ|GUM|FUK|ICN|IST|ABJ|
ABJ|ROP,|ROP|GUM|FUK|ICN|IST|ABJ|
ABJ|ROR,|ROR|MNL|CAN|IST|ABJ|
ABJ|SDJ,|SDJ|GUM|FUK|ICN|IST|ABJ|
ABJ|SPN,|SPN|GUM|FUK|ICN|IST|ABJ|
ABJ|TKK,|TKK|GUM|FUK|ICN|IST|ABJ|
ABJ|YAP,|YAP|ROR|MNL|CAN|IST|ABJ|
ABJ|MAJ,|MAJ|KWA|PNI|TKK|GUM|FUK|ICN|IST|ABJ|
ABJ|AOO,|AOO|IAD|BRU|ABJ|
ABJ|BGM,|BGM|IAD|BRU|ABJ|
ABJ|BKW,|BKW|IAD|BRU|ABJ|
ABJ|CAE,|CAE|IAD|BRU|ABJ|
ABJ|CHO,|CHO|IAD|BRU|ABJ|
ABJ|CRW,|CRW|IAD|BRU|ABJ|
ABJ|FAY,|FAY|IAD|BRU|ABJ|
ABJ|LWB,|LWB|IAD|BRU|ABJ|
ABJ|ROA,|ROA|IAD|BRU|ABJ|
ABJ|SCE,|SCE|IAD|BRU|ABJ|
ABJ|ACA,|ACA|IAH|YUL|BRU|ABJ|
ABJ|ACY,|ACY|ORD|BRU|ABJ|
ABJ|AEX,|AEX|IAH|YUL|BRU|ABJ|
ABJ|AGU,|AGU|IAH|YUL|BRU|ABJ|
ABJ|BJX,|BJX|IAH|YUL|BRU|ABJ|
ABJ|BRO,|BRO|IAH|YUL|BRU|ABJ|
ABJ|BTR,|BTR|IAH|YUL|BRU|ABJ|
ABJ|CCS,|CCS|IAH|YUL|BRU|ABJ|
ABJ|CLL,|CLL|IAH|YUL|BRU|ABJ|
ABJ|CME,|CME|IAH|YUL|BRU|ABJ|
ABJ|CRP,|CRP|IAH|YUL|BRU|ABJ|
ABJ|CUU,|CUU|IAH|YUL|BRU|ABJ|
ABJ|DAL,|DAL|STL|ORD|BRU|ABJ|
ABJ|DGO,|DGO|IAH|YUL|BRU|ABJ|
ABJ|GDL,|GDL|IAH|YUL|BRU|ABJ|
ABJ|GPT,|GPT|IAH|YUL|BRU|ABJ|
ABJ|GRK,|GRK|IAH|YUL|BRU|ABJ|
ABJ|HOB,|HOB|IAH|YUL|BRU|ABJ|
ABJ|HRL,|HRL|IAH|YUL|BRU|ABJ|
ABJ|HUX,|HUX|IAH|YUL|BRU|ABJ|
ABJ|JAN,|JAN|ORD|BRU|ABJ|
ABJ|LCH,|LCH|IAH|YUL|BRU|ABJ|
ABJ|LEX,|LEX|ORD|BRU|ABJ|
ABJ|LFT,|LFT|IAH|YUL|BRU|ABJ|
ABJ|LRD,|LRD|IAH|YUL|BRU|ABJ|
ABJ|MFE,|MFE|IAH|YUL|BRU|ABJ|
ABJ|MGA,|MGA|IAH|YUL|BRU|ABJ|
ABJ|MID,|MID|IAH|YUL|BRU|ABJ|
ABJ|MLM,|MLM|IAH|YUL|BRU|ABJ|
ABJ|MLU,|MLU|IAH|YUL|BRU|ABJ|
ABJ|MOB,|MOB|ORD|BRU|ABJ|
ABJ|MTY,|MTY|IAH|YUL|BRU|ABJ|
ABJ|OAX,|OAX|IAH|YUL|BRU|ABJ|
ABJ|PBC,|PBC|IAH|YUL|BRU|ABJ|
ABJ|PNS,|PNS|BNA|YYZ|BRU|ABJ|
ABJ|QRO,|QRO|IAH|YUL|BRU|ABJ|
ABJ|RTB,|RTB|IAH|YUL|BRU|ABJ|
ABJ|SLP,|SLP|IAH|YUL|BRU|ABJ|
ABJ|SLW,|SLW|IAH|YUL|BRU|ABJ|
ABJ|TAM,|TAM|IAH|YUL|BRU|ABJ|
ABJ|TGU,|TGU|IAH|YUL|BRU|ABJ|
ABJ|TRC,|TRC|IAH|YUL|BRU|ABJ|
ABJ|TYR,|TYR|IAH|YUL|BRU|ABJ|
ABJ|UIO,|UIO|IAH|YUL|BRU|ABJ|
ABJ|VER,|VER|IAH|YUL|BRU|ABJ|
ABJ|VPS,|VPS|IAH|YUL|BRU|ABJ|
ABJ|VSA,|VSA|IAH|YUL|BRU|ABJ|
ABJ|ZIH,|ZIH|IAH|YUL|BRU|ABJ|
ABJ|ZLO,|ZLO|IAH|YUL|BRU|ABJ|
ABJ|KWA,|KWA|PNI|TKK|GUM|FUK|ICN|IST|ABJ|
ABJ|PNI,|PNI|TKK|GUM|FUK|ICN|IST|ABJ|
ABJ|KSA,|KSA|PNI|TKK|GUM|FUK|ICN|IST|ABJ|
ABJ|CLD,|CLD|LAX|ORD|BRU|ABJ|
ABJ|ITO,|ITO|LAX|ORD|BRU|ABJ|
ABJ|SBP,|SBP|LAX|ORD|BRU|ABJ|
ABJ|SMX,|SMX|LAX|ORD|BRU|ABJ|
ABJ|YUM,|YUM|LAX|ORD|BRU|ABJ|
ABJ|DDC,|ABJ|
ABJ|TMS,|TMS|LIS|IST|ABJ|
ABJ|PHC,|PHC|LOS|IST|ABJ|
ABJ|GNV,|GNV|MCO|EWR|BRU|ABJ|
ABJ|TLH,|TLH|MCO|EWR|BRU|ABJ|
ABJ|CKB,|CKB|MGW|IAD|BRU|ABJ|
ABJ|BAQ,|BAQ|MIA|EWR|BRU|ABJ|
ABJ|CLO,|CLO|MIA|EWR|BRU|ABJ|
ABJ|CTG,|CTG|MIA|EWR|BRU|ABJ|
ABJ|MDE,|MDE|MIA|EWR|BRU|ABJ|
ABJ|ABE,|ABE|ORD|BRU|ABJ|
ABJ|ATW,|ATW|ORD|BRU|ABJ|
ABJ|AVL,|AVL|ORD|BRU|ABJ|
ABJ|AVP,|AVP|ORD|BRU|ABJ|
ABJ|CAK,|CAK|LGA|YUL|BRU|ABJ|
ABJ|CMX,|CMX|ORD|BRU|ABJ|
ABJ|CWA,|CWA|ORD|BRU|ABJ|
ABJ|DLH,|DLH|ORD|BRU|ABJ|
ABJ|EAU,|EAU|ORD|BRU|ABJ|
ABJ|ELM,|ELM|ORD|BRU|ABJ|
ABJ|FOE,|FOE|ORD|BRU|ABJ|
ABJ|FWA,|FWA|ORD|BRU|ABJ|
ABJ|GRB,|GRB|ORD|BRU|ABJ|
ABJ|HPN,|HPN|ORD|BRU|ABJ|
ABJ|LAN,|LAN|ORD|BRU|ABJ|
ABJ|MBS,|MBS|ORD|BRU|ABJ|
ABJ|MKG,|MKG|ORD|BRU|ABJ|
ABJ|PAH,|PAH|ORD|BRU|ABJ|
ABJ|SBN,|SBN|ORD|BRU|ABJ|
ABJ|SPI,|SPI|ORD|BRU|ABJ|
ABJ|SRQ,|SRQ|ORD|BRU|ABJ|
ABJ|STC,|STC|ORD|BRU|ABJ|
ABJ|TVC,|TVC|ORD|BRU|ABJ|
ABJ|LMT,|LMT|PDX|YYC|YUL|BRU|ABJ|
ABJ|HON,|HON|PIR|DEN|ORD|BRU|ABJ|
ABJ|CIC,|CIC|SFO|YUL|BRU|ABJ|
ABJ|MOD,|MOD|SFO|YUL|BRU|ABJ|
ABJ|OTH,|OTH|SFO|YUL|BRU|ABJ|
ABJ|RDD,|RDD|SFO|YUL|BRU|ABJ|
ABJ|EIS,|EIS|SJU|EWR|BRU|ABJ|
ABJ|DME,|DME|VIE|IST|ABJ|
ABJ|EVN,|EVN|VIE|IST|ABJ|
ABJ|HOU,|HOU|IND|YYZ|BRU|ABJ|
ABJ|MDW,|MDW|DTW|YYZ|BRU|ABJ|
ABJ|OAK,|OAK|SLC|ORD|BRU|ABJ|
ABJ|ECP,|ECP|BWI|EWR|BRU|ABJ|
ABJ|ISP,|ISP|BWI|EWR|BRU|ABJ|
ABJ|YHM,|YHM|YQM|YUL|BRU|ABJ|
ABJ|YXX,|YXX|YYC|YUL|BRU|ABJ|
ABJ|YBR,|YBR|YYC|YUL|BRU|ABJ|
ABJ|YKF,|YKF|YYC|YUL|BRU|ABJ|
ABJ|GDN,|ABJ|
ABJ|TRD,|ABJ|
ABJ|NKC,|ABJ|
ABJ|PGA,|ABJ|
