ARN|BRU,|BRU|IST|ARN|
ARN|OUA,|OUA|NIM|IST|ARN|
ARN|JED,|JED|IST|ARN|
ARN|CPH,|CPH|IST|ARN|
ARN|YYZ,|YYZ|EWR|ARN|
ARN|DEN,|DEN|EWR|ARN|
ARN|YUL,|YUL|EWR|ARN|
ARN|NBO,|NBO|IST|ARN|
ARN|ICN,|ICN|IST|ARN|
ARN|NRT,|NRT|IST|ARN|
ARN|YHZ,|YHZ|EWR|ARN|
ARN|YOW,|YOW|EWR|ARN|
ARN|BJM,|BJM|BRU|IST|ARN|
ARN|COO,|COO|BRU|IST|ARN|
ARN|DKR,|DKR|BRU|IST|ARN|
ARN|DLA,|DLA|IST|ARN|
ARN|KGL,|KGL|IST|ARN|
ARN|LAD,|LAD|BRU|IST|ARN|
ARN|ABJ,|ABJ|OUA|NIM|IST|ARN|
ARN|AMS,|AMS|IST|ARN|
ARN|OSL,|OSL|IST|ARN|
ARN|VNO,|VNO|IST|ARN|
ARN|WAW,|WAW|IST|ARN|
ARN|YYC,|YYC|EWR|ARN|
ARN|ATL,|ATL|EWR|ARN|
ARN|MSY,|MSY|EWR|ARN|
ARN|YEG,|YEG|EWR|ARN|
ARN|YMM,|YMM|YYZ|EWR|ARN|
ARN|YQR,|YQR|YYZ|EWR|ARN|
ARN|YVR,|YVR|EWR|ARN|
ARN|YWG,|YWG|YYZ|EWR|ARN|
ARN|YXE,|YXE|YYZ|EWR|ARN|
ARN|CKY,|CKY|DKR|BRU|IST|ARN|
ARN|FIH,|FIH|IST|ARN|
ARN|SCL,|SCL|YYZ|EWR|ARN|
ARN|LCA,|LCA|FRA|IST|ARN|
ARN|NAP,|NAP|IST|ARN|
ARN|VLC,|VLC|IST|ARN|
ARN|BKK,|BKK|IST|ARN|
ARN|ADD,|ADD|IST|ARN|
ARN|FRA,|FRA|IST|ARN|
ARN|IST,|IST|ARN|
ARN|EBB,|EBB|KGL|IST|ARN|
ARN|YLW,|YLW|YYZ|EWR|ARN|
ARN|YYT,|YYT|EWR|ARN|
ARN|GUA,|GUA|EWR|ARN|
ARN|EWR,|EWR|ARN|
ARN|IAD,|IAD|EWR|ARN|
ARN|IAH,|IAH|EWR|ARN|
ARN|ORD,|ORD|EWR|ARN|
ARN|SOF,|SOF|IST|ARN|
ARN|YQB,|YQB|EWR|ARN|
ARN|YXU,|YXU|YYZ|EWR|ARN|
ARN|EZE,|EZE|GRU|IST|ARN|
ARN|YYJ,|YYJ|YYZ|EWR|ARN|
ARN|YYY,|YYY|YUL|EWR|ARN|
ARN|YQQ,|YQQ|YYC|EWR|ARN|
ARN|YYR,|YYR|YHZ|EWR|ARN|
ARN|LHR,|LHR|IST|ARN|
ARN|SFO,|SFO|EWR|ARN|
ARN|YQU,|YQU|YEG|EWR|ARN|
ARN|YZF,|YZF|YEG|EWR|ARN|
ARN|YGR,|YGR|YGP|YQB|EWR|ARN|
ARN|YGP,|YGP|YQB|EWR|ARN|
ARN|BOS,|BOS|EWR|ARN|
ARN|YDF,|YDF|YHZ|EWR|ARN|
ARN|YFC,|YFC|YUL|EWR|ARN|
ARN|YQM,|YQM|EWR|ARN|
ARN|YQX,|YQX|YHZ|EWR|ARN|
ARN|YQY,|YQY|YHZ|EWR|ARN|
ARN|YSJ,|YSJ|YUL|EWR|ARN|
ARN|YYG,|YYG|YHZ|EWR|ARN|
ARN|LAX,|LAX|EWR|ARN|
ARN|DCA,|DCA|EWR|ARN|
ARN|LGA,|LGA|IAD|EWR|ARN|
ARN|YZV,|YZV|YQB|EWR|ARN|
ARN|YWL,|YWL|YVR|EWR|ARN|
ARN|AZS,|AZS|YYZ|EWR|ARN|
ARN|BDL,|BDL|BWI|EWR|ARN|
ARN|CCC,|CCC|YYZ|EWR|ARN|
ARN|CDG,|CDG|IST|ARN|
ARN|CUN,|CUN|EWR|ARN|
ARN|CZM,|CZM|YUL|EWR|ARN|
ARN|FDF,|FDF|YUL|EWR|ARN|
ARN|FLL,|FLL|EWR|ARN|
ARN|GVA,|GVA|IST|ARN|
ARN|HOG,|HOG|YYZ|EWR|ARN|
ARN|LAS,|LAS|EWR|ARN|
ARN|MBJ,|MBJ|EWR|ARN|
ARN|MCO,|MCO|EWR|ARN|
ARN|MUC,|MUC|IST|ARN|
ARN|PAP,|PAP|YUL|EWR|ARN|
ARN|PTP,|PTP|YUL|EWR|ARN|
ARN|PUJ,|PUJ|EWR|ARN|
ARN|SNU,|SNU|YYZ|EWR|ARN|
ARN|VRA,|VRA|YYZ|EWR|ARN|
ARN|YBC,|YBC|YUL|EWR|ARN|
ARN|YBG,|YBG|YUL|EWR|ARN|
ARN|YTZ,|YTZ|YUL|EWR|ARN|
ARN|YUY,|YUY|YUL|EWR|ARN|
ARN|YVO,|YVO|YUL|EWR|ARN|
ARN|ZBF,|ZBF|YUL|EWR|ARN|
ARN|ZRH,|ZRH|IST|ARN|
ARN|ZSA,|ZSA|YUL|EWR|ARN|
ARN|AKL,|AKL|BKK|IST|ARN|
ARN|HKG,|HKG|IST|ARN|
ARN|HND,|HND|YVR|EWR|ARN|
ARN|HNL,|HNL|EWR|ARN|
ARN|MEX,|MEX|EWR|ARN|
ARN|OGG,|OGG|ORD|EWR|ARN|
ARN|PDX,|PDX|EWR|ARN|
ARN|PEK,|PEK|IST|ARN|
ARN|PVG,|PVG|IST|ARN|
ARN|PVR,|PVR|EWR|ARN|
ARN|SEA,|SEA|EWR|ARN|
ARN|SYD,|SYD|BKK|IST|ARN|
ARN|YBL,|YBL|YVR|EWR|ARN|
ARN|YCD,|YCD|YVR|EWR|ARN|
ARN|YCG,|YCG|YYC|EWR|ARN|
ARN|YKA,|YKA|YYC|EWR|ARN|
ARN|YPR,|YPR|YVR|EWR|ARN|
ARN|YQZ,|YQZ|YVR|EWR|ARN|
ARN|YXC,|YXC|YYC|EWR|ARN|
ARN|YXJ,|YXJ|YYC|EWR|ARN|
ARN|YXS,|YXS|YYC|EWR|ARN|
ARN|YXT,|YXT|YVR|EWR|ARN|
ARN|YXY,|YXY|YVR|EWR|ARN|
ARN|YYD,|YYD|YVR|EWR|ARN|
ARN|YYF,|YYF|YVR|EWR|ARN|
ARN|YZP,|YZP|YVR|EWR|ARN|
ARN|YQT,|YQT|YYZ|EWR|ARN|
ARN|SJD,|SJD|EWR|ARN|
ARN|YQF,|YQF|YYC|EWR|ARN|
ARN|YQL,|YQL|YYC|EWR|ARN|
ARN|YXH,|YXH|YYC|EWR|ARN|
ARN|YWK,|YWK|YZV|YQB|EWR|ARN|
ARN|ANU,|ANU|EWR|ARN|
ARN|AUA,|AUA|EWR|ARN|
ARN|AUH,|AUH|IST|ARN|
ARN|BCN,|BCN|IST|ARN|
ARN|BDA,|BDA|EWR|ARN|
ARN|BGI,|BGI|YYZ|EWR|ARN|
ARN|BNA,|BNA|EWR|ARN|
ARN|BOG,|BOG|EWR|ARN|
ARN|BWI,|BWI|EWR|ARN|
ARN|CLE,|CLE|EWR|ARN|
ARN|CLT,|CLT|EWR|ARN|
ARN|CMH,|CMH|EWR|ARN|
ARN|CVG,|CVG|EWR|ARN|
ARN|DFW,|DFW|EWR|ARN|
ARN|DTW,|DTW|EWR|ARN|
ARN|DUB,|DUB|IST|ARN|
ARN|FCO,|FCO|IST|ARN|
ARN|GCM,|GCM|EWR|ARN|
ARN|GGT,|GGT|FLL|EWR|ARN|
ARN|GND,|GND|YYZ|EWR|ARN|
ARN|GRU,|GRU|IST|ARN|
ARN|HAV,|HAV|YYZ|EWR|ARN|
ARN|IND,|IND|EWR|ARN|
ARN|JFK,|JFK|IAD|EWR|ARN|
ARN|KIN,|KIN|YYZ|EWR|ARN|
ARN|LIM,|LIM|EWR|ARN|
ARN|LIR,|LIR|EWR|ARN|
ARN|MCI,|MCI|EWR|ARN|
ARN|MDT,|MDT|IAD|EWR|ARN|
ARN|MIA,|MIA|EWR|ARN|
ARN|MKE,|MKE|EWR|ARN|
ARN|MSP,|MSP|EWR|ARN|
ARN|NAS,|NAS|EWR|ARN|
ARN|PHL,|PHL|IAD|EWR|ARN|
ARN|PHX,|PHX|EWR|ARN|
ARN|PIT,|PIT|EWR|ARN|
ARN|PLS,|PLS|EWR|ARN|
ARN|POP,|POP|EWR|ARN|
ARN|RDU,|RDU|EWR|ARN|
ARN|ROC,|ROC|EWR|ARN|
ARN|RSW,|RSW|EWR|ARN|
ARN|SAN,|SAN|EWR|ARN|
ARN|SJO,|SJO|EWR|ARN|
ARN|STL,|STL|EWR|ARN|
ARN|SYR,|SYR|EWR|ARN|
ARN|TLV,|TLV|IST|ARN|
ARN|TPA,|TPA|EWR|ARN|
ARN|UVF,|UVF|EWR|ARN|
ARN|VIE,|VIE|IST|ARN|
ARN|YAM,|YAM|YYZ|EWR|ARN|
ARN|YGK,|YGK|YYZ|EWR|ARN|
ARN|YQG,|YQG|YYZ|EWR|ARN|
ARN|YSB,|YSB|YYZ|EWR|ARN|
ARN|YTS,|YTS|YYZ|EWR|ARN|
ARN|YYB,|YYB|YYZ|EWR|ARN|
ARN|YZR,|YZR|YYZ|EWR|ARN|
ARN|CAN,|CAN|IST|ARN|
ARN|URC,|URC|IST|ARN|
ARN|CTU,|CTU|URC|IST|ARN|
ARN|HGH,|HGH|URC|IST|ARN|
ARN|XMN,|XMN|CSX|URC|IST|ARN|
ARN|CGO,|CGO|URC|IST|ARN|
ARN|CSX,|CSX|URC|IST|ARN|
ARN|SHE,|SHE|PEK|IST|ARN|
ARN|SJW,|SJW|URC|IST|ARN|
ARN|WUH,|WUH|URC|IST|ARN|
ARN|SZX,|SZX|CKG|URC|IST|ARN|
ARN|CKG,|CKG|URC|IST|ARN|
ARN|KMG,|KMG|CTU|URC|IST|ARN|
ARN|FOC,|FOC|XIY|URC|IST|ARN|
ARN|NNG,|NNG|KWE|URC|IST|ARN|
ARN|SWA,|SWA|CAN|IST|ARN|
ARN|ACX,|ACX|CAN|IST|ARN|
ARN|AQG,|AQG|CAN|IST|ARN|
ARN|AVA,|AVA|CAN|IST|ARN|
ARN|BFJ,|BFJ|CAN|IST|ARN|
ARN|BHY,|BHY|CKG|URC|IST|ARN|
ARN|BNE,|BNE|BKK|IST|ARN|
ARN|CGD,|CGD|PEK|IST|ARN|
ARN|CGK,|CGK|SIN|IST|ARN|
ARN|CGQ,|CGQ|HET|URC|IST|ARN|
ARN|CIH,|CIH|PEK|IST|ARN|
ARN|CNX,|CNX|CAN|IST|ARN|
ARN|CZX,|CZX|TYN|URC|IST|ARN|
ARN|DAC,|DAC|IST|ARN|
ARN|DAD,|DAD|CAN|IST|ARN|
ARN|DEL,|DEL|IST|ARN|
ARN|DIG,|DIG|KMG|CTU|URC|IST|ARN|
ARN|DLC,|DLC|PEK|IST|ARN|
ARN|DPS,|DPS|CAN|IST|ARN|
ARN|DXB,|DXB|IST|ARN|
ARN|DYG,|DYG|CSX|URC|IST|ARN|
ARN|FUG,|FUG|CAN|IST|ARN|
ARN|FUK,|FUK|ICN|IST|ARN|
ARN|HAK,|HAK|CTU|URC|IST|ARN|
ARN|HAN,|HAN|CAN|IST|ARN|
ARN|HDG,|HDG|CAN|IST|ARN|
ARN|HET,|HET|URC|IST|ARN|
ARN|HFE,|HFE|XIY|URC|IST|ARN|
ARN|HJJ,|HJJ|CSX|URC|IST|ARN|
ARN|HKT,|HKT|KWE|URC|IST|ARN|
ARN|HRB,|HRB|PEK|IST|ARN|
ARN|HZH,|HZH|CAN|IST|ARN|
ARN|JIU,|JIU|CAN|IST|ARN|
ARN|JJN,|JJN|CSX|URC|IST|ARN|
ARN|JNG,|JNG|CAN|IST|ARN|
ARN|KHN,|KHN|XIY|URC|IST|ARN|
ARN|KIX,|KIX|IST|ARN|
ARN|KOW,|KOW|CAN|IST|ARN|
ARN|KTM,|KTM|IST|ARN|
ARN|KUL,|KUL|IST|ARN|
ARN|KWE,|KWE|URC|IST|ARN|
ARN|KWL,|KWL|CKG|URC|IST|ARN|
ARN|LHW,|LHW|URC|IST|ARN|
ARN|LYA,|LYA|KHN|XIY|URC|IST|ARN|
ARN|LYG,|LYG|XUZ|INC|URC|IST|ARN|
ARN|LZH,|LZH|CAN|IST|ARN|
ARN|MEL,|MEL|BKK|IST|ARN|
ARN|MIG,|MIG|CSX|URC|IST|ARN|
ARN|MLE,|MLE|IST|ARN|
ARN|MNL,|MNL|CAN|IST|ARN|
ARN|MXZ,|MXZ|CAN|IST|ARN|
ARN|NAO,|NAO|PEK|IST|ARN|
ARN|NGB,|NGB|WUH|URC|IST|ARN|
ARN|NKG,|NKG|URC|IST|ARN|
ARN|NNY,|NNY|CGO|URC|IST|ARN|
ARN|PEN,|PEN|CAN|IST|ARN|
ARN|PER,|PER|BKK|IST|ARN|
ARN|PNH,|PNH|CAN|IST|ARN|
ARN|REP,|REP|CAN|IST|ARN|
ARN|RGN,|RGN|CAN|IST|ARN|
ARN|SGN,|SGN|BKK|IST|ARN|
ARN|SHA,|SHA|URC|IST|ARN|
ARN|SIN,|SIN|IST|ARN|
ARN|SVO,|SVO|URC|IST|ARN|
ARN|SYX,|SYX|CKG|URC|IST|ARN|
ARN|TAO,|TAO|TYN|URC|IST|ARN|
ARN|TEN,|TEN|CAN|IST|ARN|
ARN|TNA,|TNA|URC|IST|ARN|
ARN|TPE,|TPE|URC|IST|ARN|
ARN|TSN,|TSN|HET|URC|IST|ARN|
ARN|TXN,|TXN|TYN|URC|IST|ARN|
ARN|TYN,|TYN|URC|IST|ARN|
ARN|WNZ,|WNZ|XIY|URC|IST|ARN|
ARN|WUX,|WUX|CAN|IST|ARN|
ARN|XFN,|XFN|CAN|IST|ARN|
ARN|XIY,|XIY|URC|IST|ARN|
ARN|XUZ,|XUZ|INC|URC|IST|ARN|
ARN|YIH,|YIH|CKG|URC|IST|ARN|
ARN|YIW,|YIW|URC|IST|ARN|
ARN|YNT,|YNT|SHE|PEK|IST|ARN|
ARN|YNZ,|YNZ|WUH|URC|IST|ARN|
ARN|YTY,|YTY|CGO|URC|IST|ARN|
ARN|ZHA,|ZHA|CAN|IST|ARN|
ARN|ZYI,|ZYI|CAN|IST|ARN|
ARN|BAV,|BAV|URC|IST|ARN|
ARN|CJU,|CJU|DLC|PEK|IST|ARN|
ARN|DSN,|DSN|CGO|URC|IST|ARN|
ARN|HMI,|HMI|URC|IST|ARN|
ARN|INC,|INC|URC|IST|ARN|
ARN|KHH,|KHH|WUH|URC|IST|ARN|
ARN|UYN,|UYN|XIY|URC|IST|ARN|
ARN|XNN,|XNN|URC|IST|ARN|
ARN|ZUH,|ZUH|KWE|URC|IST|ARN|
ARN|YNJ,|YNJ|PEK|IST|ARN|
ARN|DAT,|DAT|TYN|URC|IST|ARN|
ARN|JHG,|JHG|KMG|CTU|URC|IST|ARN|
ARN|LJG,|LJG|KMG|CTU|URC|IST|ARN|
ARN|LXA,|LXA|CKG|URC|IST|ARN|
ARN|YCU,|YCU|CKG|URC|IST|ARN|
ARN|LZO,|LZO|CSX|URC|IST|ARN|
ARN|MDG,|MDG|DLC|PEK|IST|ARN|
ARN|NGO,|NGO|ICN|IST|ARN|
ARN|TOY,|TOY|DLC|PEK|IST|ARN|
ARN|MFM,|MFM|XMN|CSX|URC|IST|ARN|
ARN|TGO,|TGO|HET|URC|IST|ARN|
ARN|XIL,|XIL|HET|URC|IST|ARN|
ARN|HEK,|HEK|HRB|PEK|IST|ARN|
ARN|KIJ,|KIJ|HRB|PEK|IST|ARN|
ARN|LDS,|LDS|HRB|PEK|IST|ARN|
ARN|OHE,|OHE|HRB|PEK|IST|ARN|
ARN|HSN,|HSN|LYG|XUZ|INC|URC|IST|ARN|
ARN|DLU,|DLU|KMG|CTU|URC|IST|ARN|
ARN|SYM,|SYM|KMG|CTU|URC|IST|ARN|
ARN|ZAT,|ZAT|KMG|CTU|URC|IST|ARN|
ARN|LUN,|LUN|NBO|IST|ARN|
ARN|AOG,|AOG|PEK|IST|ARN|
ARN|GMP,|GMP|PEK|IST|ARN|
ARN|ISB,|ISB|IST|ARN|
ARN|TAS,|TAS|IST|ARN|
ARN|WUS,|WUS|PEK|IST|ARN|
ARN|JMU,|JMU|PVG|IST|ARN|
ARN|NDG,|NDG|PVG|IST|ARN|
ARN|JXA,|JXA|SHE|PEK|IST|ARN|
ARN|PUS,|PUS|SHE|PEK|IST|ARN|
ARN|BKI,|BKI|SZX|CKG|URC|IST|ARN|
ARN|AKU,|AKU|URC|IST|ARN|
ARN|ALA,|ALA|IST|ARN|
ARN|ASB,|ASB|IST|ARN|
ARN|DNH,|DNH|URC|IST|ARN|
ARN|DYU,|DYU|IST|ARN|
ARN|FRU,|FRU|IST|ARN|
ARN|GYD,|GYD|IST|ARN|
ARN|HTN,|HTN|URC|IST|ARN|
ARN|IKA,|IKA|IST|ARN|
ARN|KCA,|KCA|URC|IST|ARN|
ARN|KHG,|KHG|URC|IST|ARN|
ARN|KRL,|KRL|URC|IST|ARN|
ARN|KRY,|KRY|URC|IST|ARN|
ARN|LBD,|LBD|URC|IST|ARN|
ARN|NLT,|NLT|URC|IST|ARN|
ARN|OSS,|OSS|IST|ARN|
ARN|OVB,|OVB|IST|ARN|
ARN|TBS,|TBS|IST|ARN|
ARN|TCG,|TCG|URC|IST|ARN|
ARN|TSE,|TSE|IST|ARN|
ARN|YIN,|YIN|URC|IST|ARN|
ARN|ENH,|ENH|WUH|URC|IST|ARN|
ARN|ENY,|ENY|XIY|URC|IST|ARN|
ARN|WXN,|WXN|XIY|URC|IST|ARN|
ARN|BLL,|BLL|IST|ARN|
ARN|ESB,|ESB|IST|ARN|
ARN|SAW,|SAW|ADB|IST|ARN|
ARN|HAM,|HAM|IST|ARN|
ARN|HRE,|HRE|ADD|IST|ARN|
ARN|JUB,|JUB|CAI|IST|ARN|
ARN|SSG,|SSG|DLA|IST|ARN|
ARN|BGW,|BGW|IST|ARN|
ARN|EBL,|EBL|IST|ARN|
ARN|VKO,|VKO|IST|ARN|
ARN|MCT,|MCT|IST|ARN|
ARN|AYT,|AYT|IST|ARN|
ARN|SCQ,|SCQ|BIO|IST|ARN|
ARN|AAL,|AAL|IST|ARN|
ARN|AOE,|AOE|BRU|IST|ARN|
ARN|JNB,|JNB|IST|ARN|
ARN|LBV,|LBV|DLA|IST|ARN|
ARN|ADA,|ADA|IST|ARN|
ARN|ADB,|ADB|IST|ARN|
ARN|ADF,|ADF|IST|ARN|
ARN|AJI,|AJI|IST|ARN|
ARN|BAL,|BAL|IST|ARN|
ARN|BJV,|BJV|IST|ARN|
ARN|CKZ,|CKZ|ESB|IST|ARN|
ARN|DIY,|DIY|IST|ARN|
ARN|ECN,|ECN|IST|ARN|
ARN|ERC,|ERC|IST|ARN|
ARN|ERZ,|ERZ|IST|ARN|
ARN|EZS,|EZS|IST|ARN|
ARN|GNY,|GNY|IST|ARN|
ARN|GZP,|GZP|ESB|IST|ARN|
ARN|GZT,|GZT|IST|ARN|
ARN|HTY,|HTY|IST|ARN|
ARN|KCM,|KCM|IST|ARN|
ARN|KSY,|KSY|IST|ARN|
ARN|MLX,|MLX|IST|ARN|
ARN|MQM,|MQM|IST|ARN|
ARN|MSR,|MSR|IST|ARN|
ARN|TEQ,|TEQ|ESB|IST|ARN|
ARN|TZX,|TZX|IST|ARN|
ARN|VAN,|VAN|IST|ARN|
ARN|ULN,|ULN|FRU|IST|ARN|
ARN|HIJ,|HIJ|ICN|IST|ARN|
ARN|VVO,|VVO|ICN|IST|ARN|
ARN|ACC,|ACC|IST|ARN|
ARN|AER,|AER|IST|ARN|
ARN|AGP,|AGP|IST|ARN|
ARN|ALG,|ALG|IST|ARN|
ARN|AMM,|AMM|IST|ARN|
ARN|AQJ,|AQJ|IST|ARN|
ARN|ASR,|ASR|IST|ARN|
ARN|ATH,|ATH|IST|ARN|
ARN|BAH,|BAH|IST|ARN|
ARN|BEG,|BEG|IST|ARN|
ARN|BEN,|BEN|IST|ARN|
ARN|BEY,|BEY|IST|ARN|
ARN|BHX,|BHX|IST|ARN|
ARN|BIO,|BIO|IST|ARN|
ARN|BLQ,|BLQ|IST|ARN|
ARN|BOM,|BOM|IST|ARN|
ARN|BRE,|BRE|IST|ARN|
ARN|BSL,|BSL|IST|ARN|
ARN|BSR,|BSR|IST|ARN|
ARN|BUD,|BUD|IST|ARN|
ARN|BUS,|BUS|IST|ARN|
ARN|CAI,|CAI|IST|ARN|
ARN|CGN,|CGN|IST|ARN|
ARN|CMN,|CMN|IST|ARN|
ARN|CND,|CND|IST|ARN|
ARN|DAR,|DAR|IST|ARN|
ARN|DLM,|DLM|IST|ARN|
ARN|DMM,|DMM|IST|ARN|
ARN|DNK,|DNK|IST|ARN|
ARN|DNZ,|DNZ|IST|ARN|
ARN|DOK,|DOK|IST|ARN|
ARN|DUS,|DUS|IST|ARN|
ARN|EDI,|EDI|IST|ARN|
ARN|ELQ,|ELQ|IST|ARN|
ARN|FDH,|FDH|IST|ARN|
ARN|GOA,|GOA|IST|ARN|
ARN|GOT,|GOT|IST|ARN|
ARN|HAJ,|HAJ|IST|ARN|
ARN|HBE,|HBE|IST|ARN|
ARN|HEL,|HEL|IST|ARN|
ARN|HRG,|HRG|IST|ARN|
ARN|IFN,|IFN|IST|ARN|
ARN|ISE,|ISE|IST|ARN|
ARN|ISU,|ISU|IST|ARN|
ARN|JIB,|JIB|IST|ARN|
ARN|JRO,|JRO|IST|ARN|
ARN|KAN,|KAN|IST|ARN|
ARN|KBL,|KBL|IST|ARN|
ARN|KBP,|KBP|IST|ARN|
ARN|KFS,|KFS|IST|ARN|
ARN|KHI,|KHI|IST|ARN|
ARN|KIV,|KIV|IST|ARN|
ARN|KRT,|KRT|IST|ARN|
ARN|KSH,|KSH|IST|ARN|
ARN|KVD,|KVD|IST|ARN|
ARN|KWI,|KWI|IST|ARN|
ARN|KYA,|KYA|IST|ARN|
ARN|KZN,|KZN|IST|ARN|
ARN|KZR,|KZR|IST|ARN|
ARN|LED,|LED|IST|ARN|
ARN|LEJ,|LEJ|IST|ARN|
ARN|LGW,|LGW|IST|ARN|
ARN|LHE,|LHE|IST|ARN|
ARN|LIS,|LIS|IST|ARN|
ARN|LJU,|LJU|IST|ARN|
ARN|LOS,|LOS|IST|ARN|
ARN|LUX,|LUX|IST|ARN|
ARN|LWO,|LWO|IST|ARN|
ARN|LYS,|LYS|IST|ARN|
ARN|MAD,|MAD|IST|ARN|
ARN|MAN,|MAN|IST|ARN|
ARN|MED,|MED|IST|ARN|
ARN|MHD,|MHD|IST|ARN|
ARN|MLA,|MLA|IST|ARN|
ARN|MRS,|MRS|IST|ARN|
ARN|MSQ,|MSQ|IST|ARN|
ARN|MXP,|MXP|IST|ARN|
ARN|MZH,|MZH|IST|ARN|
ARN|MZR,|MZR|IST|ARN|
ARN|NAJ,|NAJ|IST|ARN|
ARN|NAV,|NAV|IST|ARN|
ARN|NCE,|NCE|IST|ARN|
ARN|NIM,|NIM|IST|ARN|
ARN|NJF,|NJF|IST|ARN|
ARN|NSI,|NSI|IST|ARN|
ARN|NUE,|NUE|IST|ARN|
ARN|ODS,|ODS|IST|ARN|
ARN|ORN,|ORN|IST|ARN|
ARN|OTP,|OTP|IST|ARN|
ARN|PRG,|PRG|IST|ARN|
ARN|PRN,|PRN|IST|ARN|
ARN|RIX,|RIX|IST|ARN|
ARN|ROV,|ROV|IST|ARN|
ARN|RTM,|RTM|IST|ARN|
ARN|RUH,|RUH|IST|ARN|
ARN|SAH,|SAH|IST|ARN|
ARN|SJJ,|SJJ|IST|ARN|
ARN|SKG,|SKG|IST|ARN|
ARN|SKP,|SKP|IST|ARN|
ARN|SSH,|SSH|IST|ARN|
ARN|STR,|STR|IST|ARN|
ARN|SVX,|SVX|IST|ARN|
ARN|SYZ,|SYZ|IST|ARN|
ARN|SZG,|SZG|IST|ARN|
ARN|TBZ,|TBZ|IST|ARN|
ARN|TGD,|TGD|IST|ARN|
ARN|TIA,|TIA|IST|ARN|
ARN|TIF,|TIF|IST|ARN|
ARN|TIP,|TIP|IST|ARN|
ARN|TLL,|TLL|IST|ARN|
ARN|TLS,|TLS|IST|ARN|
ARN|TRN,|TRN|IST|ARN|
ARN|TUN,|TUN|IST|ARN|
ARN|TXL,|TXL|IST|ARN|
ARN|UFA,|UFA|IST|ARN|
ARN|VAS,|VAS|IST|ARN|
ARN|VCE,|VCE|IST|ARN|
ARN|YNB,|YNB|IST|ARN|
ARN|ZAG,|ZAG|IST|ARN|
ARN|MGQ,|MGQ|JIB|IST|ARN|
ARN|CPT,|CPT|JNB|IST|ARN|
ARN|MBA,|MBA|JRO|IST|ARN|
ARN|NDJ,|NDJ|KAN|IST|ARN|
ARN|CMB,|CMB|MLE|IST|ARN|
ARN|ADE,|ADE|SAH|IST|ARN|
ARN|ASF,|ASF|SAW|ADB|IST|ARN|
ARN|STW,|STW|SAW|ADB|IST|ARN|
ARN|LFW,|LFW|ABJ|OUA|NIM|IST|ARN|
ARN|CEC,|CEC|ACV|SMF|ORD|EWR|ARN|
ARN|SMF,|SMF|ORD|EWR|ARN|
ARN|CDR,|CDR|AIA|DEN|EWR|ARN|
ARN|FMN,|FMN|DEN|EWR|ARN|
ARN|JST,|JST|IAD|EWR|ARN|
ARN|JHW,|JHW|CLE|EWR|ARN|
ARN|SHD,|SHD|IAD|EWR|ARN|
ARN|PTY,|PTY|EWR|ARN|
ARN|FNA,|FNA|BRU|IST|ARN|
ARN|SXB,|SXB|BRU|IST|ARN|
ARN|ACV,|ACV|SMF|ORD|EWR|ARN|
ARN|MGW,|MGW|IAD|EWR|ARN|
ARN|ALB,|ALB|EWR|ARN|
ARN|AUS,|AUS|EWR|ARN|
ARN|BFD,|BFD|CLE|EWR|ARN|
ARN|BUF,|BUF|EWR|ARN|
ARN|CHS,|CHS|EWR|ARN|
ARN|DAY,|DAY|EWR|ARN|
ARN|DUJ,|DUJ|CLE|EWR|ARN|
ARN|ERI,|ERI|CLE|EWR|ARN|
ARN|FKL,|FKL|CLE|EWR|ARN|
ARN|FNT,|FNT|CLE|EWR|ARN|
ARN|GRR,|GRR|EWR|ARN|
ARN|GSP,|GSP|EWR|ARN|
ARN|PBI,|PBI|EWR|ARN|
ARN|PKB,|PKB|CLE|EWR|ARN|
ARN|RIC,|RIC|EWR|ARN|
ARN|SDF,|SDF|EWR|ARN|
ARN|GUM,|GUM|FUK|ICN|IST|ARN|
ARN|WRL,|WRL|CYS|DEN|EWR|ARN|
ARN|LBL,|ARN|
ARN|ABQ,|ABQ|MCI|EWR|ARN|
ARN|AIA,|AIA|DEN|EWR|ARN|
ARN|ALS,|ALS|DEN|EWR|ARN|
ARN|AMA,|AMA|DAL|LIT|BWI|EWR|ARN|
ARN|ANC,|ANC|ORD|EWR|ARN|
ARN|ASE,|ASE|DEN|EWR|ARN|
ARN|BFL,|BFL|DEN|EWR|ARN|
ARN|BHM,|BHM|BWI|EWR|ARN|
ARN|BIL,|BIL|DEN|EWR|ARN|
ARN|BIS,|BIS|DEN|EWR|ARN|
ARN|BOI,|BOI|ORD|EWR|ARN|
ARN|BUR,|BUR|LAS|EWR|ARN|
ARN|BZN,|BZN|ORD|EWR|ARN|
ARN|CID,|CID|ORD|EWR|ARN|
ARN|COD,|COD|DEN|EWR|ARN|
ARN|COS,|COS|ORD|EWR|ARN|
ARN|CPR,|CPR|DEN|EWR|ARN|
ARN|CYS,|CYS|DEN|EWR|ARN|
ARN|DIK,|DIK|DEN|EWR|ARN|
ARN|DRO,|DRO|DEN|EWR|ARN|
ARN|DSM,|DSM|EWR|ARN|
ARN|EGE,|EGE|DEN|EWR|ARN|
ARN|ELP,|ELP|DAL|LIT|BWI|EWR|ARN|
ARN|EUG,|EUG|PDX|EWR|ARN|
ARN|FAR,|FAR|ORD|EWR|ARN|
ARN|FAT,|FAT|DEN|EWR|ARN|
ARN|FCA,|FCA|DEN|EWR|ARN|
ARN|FSD,|FSD|ORD|EWR|ARN|
ARN|GCC,|GCC|DEN|EWR|ARN|
ARN|GEG,|GEG|DEN|EWR|ARN|
ARN|GJT,|GJT|DEN|EWR|ARN|
ARN|GTF,|GTF|DEN|EWR|ARN|
ARN|GUC,|GUC|DEN|EWR|ARN|
ARN|HDN,|HDN|DEN|EWR|ARN|
ARN|HLN,|HLN|DEN|EWR|ARN|
ARN|HSV,|HSV|IAD|EWR|ARN|
ARN|ICT,|ICT|MDW|EWR|ARN|
ARN|IDA,|IDA|DEN|EWR|ARN|
ARN|ISN,|ISN|DEN|EWR|ARN|
ARN|JAC,|JAC|DEN|EWR|ARN|
ARN|KOA,|KOA|SFO|EWR|ARN|
ARN|LAR,|LAR|DEN|EWR|ARN|
ARN|LBB,|LBB|DAL|LIT|BWI|EWR|ARN|
ARN|LIH,|LIH|SFO|EWR|ARN|
ARN|LIT,|LIT|BWI|EWR|ARN|
ARN|LNK,|LNK|ORD|EWR|ARN|
ARN|MAF,|MAF|DAL|LIT|BWI|EWR|ARN|
ARN|MEM,|MEM|EWR|ARN|
ARN|MFR,|MFR|DEN|EWR|ARN|
ARN|MLI,|MLI|ORD|EWR|ARN|
ARN|MOT,|MOT|DEN|EWR|ARN|
ARN|MRY,|MRY|DEN|EWR|ARN|
ARN|MSN,|MSN|EWR|ARN|
ARN|MSO,|MSO|DEN|EWR|ARN|
ARN|MTJ,|MTJ|DEN|EWR|ARN|
ARN|OKC,|OKC|EWR|ARN|
ARN|OMA,|OMA|EWR|ARN|
ARN|ONT,|ONT|MDW|EWR|ARN|
ARN|PIA,|PIA|ORD|EWR|ARN|
ARN|PIR,|PIR|DEN|EWR|ARN|
ARN|PSC,|PSC|DEN|EWR|ARN|
ARN|PSP,|PSP|DEN|EWR|ARN|
ARN|PUB,|PUB|DEN|EWR|ARN|
ARN|RAP,|RAP|ORD|EWR|ARN|
ARN|RDM,|RDM|DEN|EWR|ARN|
ARN|RKS,|RKS|DEN|EWR|ARN|
ARN|RNO,|RNO|MDW|EWR|ARN|
ARN|SAF,|SAF|DEN|EWR|ARN|
ARN|SAT,|SAT|EWR|ARN|
ARN|SBA,|SBA|DEN|EWR|ARN|
ARN|SGF,|SGF|ORD|EWR|ARN|
ARN|SGU,|SGU|DEN|EWR|ARN|
ARN|SHV,|SHV|IAH|EWR|ARN|
ARN|SJC,|SJC|MDW|EWR|ARN|
ARN|SLC,|SLC|ORD|EWR|ARN|
ARN|SNA,|SNA|EWR|ARN|
ARN|TUL,|TUL|EWR|ARN|
ARN|TUS,|TUS|MDW|EWR|ARN|
ARN|TYS,|TYS|EWR|ARN|
ARN|XNA,|XNA|EWR|ARN|
ARN|SAL,|SAL|EWR|ARN|
ARN|BJL,|BJL|DKR|BRU|IST|ARN|
ARN|BFS,|BFS|EWR|ARN|
ARN|BON,|BON|EWR|ARN|
ARN|BQN,|BQN|EWR|ARN|
ARN|BTV,|BTV|EWR|ARN|
ARN|BZE,|BZE|EWR|ARN|
ARN|GLA,|GLA|EWR|ARN|
ARN|GSO,|GSO|EWR|ARN|
ARN|ITH,|ITH|EWR|ARN|
ARN|JAX,|JAX|EWR|ARN|
ARN|MHT,|MHT|EWR|ARN|
ARN|MYR,|MYR|EWR|ARN|
ARN|ORF,|ORF|EWR|ARN|
ARN|POS,|POS|EWR|ARN|
ARN|PVD,|PVD|EWR|ARN|
ARN|PWM,|PWM|EWR|ARN|
ARN|SAP,|SAP|EWR|ARN|
ARN|SAV,|SAV|EWR|ARN|
ARN|SDQ,|SDQ|EWR|ARN|
ARN|SJU,|SJU|EWR|ARN|
ARN|SNN,|SNN|EWR|ARN|
ARN|STT,|STT|EWR|ARN|
ARN|SXM,|SXM|EWR|ARN|
ARN|BIM,|BIM|FLL|EWR|ARN|
ARN|ELH,|ELH|PBI|EWR|ARN|
ARN|EYW,|EYW|RSW|EWR|ARN|
ARN|FPO,|FPO|FLL|EWR|ARN|
ARN|GHB,|GHB|FLL|EWR|ARN|
ARN|MHH,|MHH|PBI|EWR|ARN|
ARN|TCB,|TCB|FLL|EWR|ARN|
ARN|SOW,|SOW|FMN|DEN|EWR|ARN|
ARN|ROB,|ROB|FNA|BRU|IST|ARN|
ARN|GIG,|GIG|GRU|IST|ARN|
ARN|CNS,|CNS|GUM|FUK|ICN|IST|ARN|
ARN|CTS,|CTS|GUM|FUK|ICN|IST|ARN|
ARN|OKJ,|OKJ|GUM|FUK|ICN|IST|ARN|
ARN|ROP,|ROP|GUM|FUK|ICN|IST|ARN|
ARN|ROR,|ROR|MNL|CAN|IST|ARN|
ARN|SDJ,|SDJ|GUM|FUK|ICN|IST|ARN|
ARN|SPN,|SPN|GUM|FUK|ICN|IST|ARN|
ARN|TKK,|TKK|GUM|FUK|ICN|IST|ARN|
ARN|YAP,|YAP|ROR|MNL|CAN|IST|ARN|
ARN|MAJ,|MAJ|KWA|PNI|TKK|GUM|FUK|ICN|IST|ARN|
ARN|AOO,|AOO|IAD|EWR|ARN|
ARN|BGM,|BGM|IAD|EWR|ARN|
ARN|BKW,|BKW|IAD|EWR|ARN|
ARN|CAE,|CAE|IAD|EWR|ARN|
ARN|CHO,|CHO|IAD|EWR|ARN|
ARN|CRW,|CRW|IAD|EWR|ARN|
ARN|FAY,|FAY|IAD|EWR|ARN|
ARN|LWB,|LWB|IAD|EWR|ARN|
ARN|ROA,|ROA|IAD|EWR|ARN|
ARN|SCE,|SCE|IAD|EWR|ARN|
ARN|ACA,|ACA|IAH|EWR|ARN|
ARN|ACY,|ACY|ORD|EWR|ARN|
ARN|AEX,|AEX|IAH|EWR|ARN|
ARN|AGU,|AGU|IAH|EWR|ARN|
ARN|BJX,|BJX|IAH|EWR|ARN|
ARN|BRO,|BRO|IAH|EWR|ARN|
ARN|BTR,|BTR|IAH|EWR|ARN|
ARN|CCS,|CCS|IAH|EWR|ARN|
ARN|CLL,|CLL|IAH|EWR|ARN|
ARN|CME,|CME|IAH|EWR|ARN|
ARN|CRP,|CRP|HOU|EWR|ARN|
ARN|CUU,|CUU|IAH|EWR|ARN|
ARN|DAL,|DAL|LIT|BWI|EWR|ARN|
ARN|DGO,|DGO|IAH|EWR|ARN|
ARN|GDL,|GDL|IAH|EWR|ARN|
ARN|GPT,|GPT|IAH|EWR|ARN|
ARN|GRK,|GRK|IAH|EWR|ARN|
ARN|HOB,|HOB|IAH|EWR|ARN|
ARN|HRL,|HRL|HOU|EWR|ARN|
ARN|HUX,|HUX|IAH|EWR|ARN|
ARN|JAN,|JAN|MDW|EWR|ARN|
ARN|LCH,|LCH|IAH|EWR|ARN|
ARN|LEX,|LEX|ORD|EWR|ARN|
ARN|LFT,|LFT|IAH|EWR|ARN|
ARN|LRD,|LRD|IAH|EWR|ARN|
ARN|MFE,|MFE|IAH|EWR|ARN|
ARN|MGA,|MGA|IAH|EWR|ARN|
ARN|MID,|MID|IAH|EWR|ARN|
ARN|MLM,|MLM|IAH|EWR|ARN|
ARN|MLU,|MLU|IAH|EWR|ARN|
ARN|MOB,|MOB|ORD|EWR|ARN|
ARN|MTY,|MTY|IAH|EWR|ARN|
ARN|OAX,|OAX|IAH|EWR|ARN|
ARN|PBC,|PBC|IAH|EWR|ARN|
ARN|PNS,|PNS|BNA|EWR|ARN|
ARN|QRO,|QRO|IAH|EWR|ARN|
ARN|RTB,|RTB|IAH|EWR|ARN|
ARN|SLP,|SLP|IAH|EWR|ARN|
ARN|SLW,|SLW|IAH|EWR|ARN|
ARN|TAM,|TAM|IAH|EWR|ARN|
ARN|TGU,|TGU|IAH|EWR|ARN|
ARN|TRC,|TRC|IAH|EWR|ARN|
ARN|TYR,|TYR|IAH|EWR|ARN|
ARN|UIO,|UIO|IAH|EWR|ARN|
ARN|VER,|VER|IAH|EWR|ARN|
ARN|VPS,|VPS|IAH|EWR|ARN|
ARN|VSA,|VSA|IAH|EWR|ARN|
ARN|ZIH,|ZIH|IAH|EWR|ARN|
ARN|ZLO,|ZLO|IAH|EWR|ARN|
ARN|KWA,|KWA|PNI|TKK|GUM|FUK|ICN|IST|ARN|
ARN|PNI,|PNI|TKK|GUM|FUK|ICN|IST|ARN|
ARN|KSA,|KSA|PNI|TKK|GUM|FUK|ICN|IST|ARN|
ARN|CLD,|CLD|LAX|EWR|ARN|
ARN|ITO,|ITO|LAX|EWR|ARN|
ARN|SBP,|SBP|LAX|EWR|ARN|
ARN|SMX,|SMX|LAX|EWR|ARN|
ARN|YUM,|YUM|LAX|EWR|ARN|
ARN|DDC,|ARN|
ARN|TMS,|TMS|LIS|IST|ARN|
ARN|PHC,|PHC|LOS|IST|ARN|
ARN|GNV,|GNV|MCO|EWR|ARN|
ARN|TLH,|TLH|MCO|EWR|ARN|
ARN|CKB,|CKB|MGW|IAD|EWR|ARN|
ARN|BAQ,|BAQ|MIA|EWR|ARN|
ARN|CLO,|CLO|MIA|EWR|ARN|
ARN|CTG,|CTG|MIA|EWR|ARN|
ARN|MDE,|MDE|MIA|EWR|ARN|
ARN|ABE,|ABE|ORD|EWR|ARN|
ARN|ATW,|ATW|ORD|EWR|ARN|
ARN|AVL,|AVL|ORD|EWR|ARN|
ARN|AVP,|AVP|ORD|EWR|ARN|
ARN|CAK,|CAK|BOS|EWR|ARN|
ARN|CMX,|CMX|ORD|EWR|ARN|
ARN|CWA,|CWA|ORD|EWR|ARN|
ARN|DLH,|DLH|ORD|EWR|ARN|
ARN|EAU,|EAU|ORD|EWR|ARN|
ARN|ELM,|ELM|ORD|EWR|ARN|
ARN|FOE,|FOE|ORD|EWR|ARN|
ARN|FWA,|FWA|ORD|EWR|ARN|
ARN|GRB,|GRB|ORD|EWR|ARN|
ARN|HPN,|HPN|ORD|EWR|ARN|
ARN|LAN,|LAN|ORD|EWR|ARN|
ARN|MBS,|MBS|ORD|EWR|ARN|
ARN|MKG,|MKG|ORD|EWR|ARN|
ARN|PAH,|PAH|ORD|EWR|ARN|
ARN|SBN,|SBN|ORD|EWR|ARN|
ARN|SPI,|SPI|ORD|EWR|ARN|
ARN|SRQ,|SRQ|ORD|EWR|ARN|
ARN|STC,|STC|ORD|EWR|ARN|
ARN|TVC,|TVC|ORD|EWR|ARN|
ARN|LMT,|LMT|PDX|EWR|ARN|
ARN|HON,|HON|PIR|DEN|EWR|ARN|
ARN|CIC,|CIC|SFO|EWR|ARN|
ARN|MOD,|MOD|SFO|EWR|ARN|
ARN|OTH,|OTH|SFO|EWR|ARN|
ARN|RDD,|RDD|SFO|EWR|ARN|
ARN|EIS,|EIS|SJU|EWR|ARN|
ARN|DME,|DME|VIE|IST|ARN|
ARN|EVN,|EVN|VIE|IST|ARN|
ARN|HOU,|HOU|EWR|ARN|
ARN|MDW,|MDW|EWR|ARN|
ARN|OAK,|OAK|MDW|EWR|ARN|
ARN|ECP,|ECP|BWI|EWR|ARN|
ARN|ISP,|ISP|BWI|EWR|ARN|
ARN|YHM,|YHM|YQM|EWR|ARN|
ARN|YXX,|YXX|YYC|EWR|ARN|
ARN|YBR,|YBR|YYC|EWR|ARN|
ARN|YKF,|YKF|YYC|EWR|ARN|
ARN|GDN,|ARN|
ARN|TRD,|ARN|
ARN|NKC,|ARN|
ARN|PGA,|ARN|
