BEY|BRU,|BRU|IST|BEY|
BEY|OUA,|OUA|NIM|IST|BEY|
BEY|JED,|JED|IST|BEY|
BEY|CPH,|CPH|IST|BEY|
BEY|YYZ,|YYZ|IST|BEY|
BEY|DEN,|DEN|FRA|IST|BEY|
BEY|YUL,|YUL|FRA|IST|BEY|
BEY|NBO,|NBO|IST|BEY|
BEY|ICN,|ICN|IST|BEY|
BEY|NRT,|NRT|IST|BEY|
BEY|YHZ,|YHZ|LHR|IST|BEY|
BEY|YOW,|YOW|FRA|IST|BEY|
BEY|BJM,|BJM|BRU|IST|BEY|
BEY|COO,|COO|BRU|IST|BEY|
BEY|DKR,|DKR|BRU|IST|BEY|
BEY|DLA,|DLA|IST|BEY|
BEY|KGL,|KGL|IST|BEY|
BEY|LAD,|LAD|BRU|IST|BEY|
BEY|ABJ,|ABJ|OUA|NIM|IST|BEY|
BEY|AMS,|AMS|IST|BEY|
BEY|OSL,|OSL|IST|BEY|
BEY|VNO,|VNO|IST|BEY|
BEY|WAW,|WAW|IST|BEY|
BEY|YYC,|YYC|FRA|IST|BEY|
BEY|ATL,|ATL|FRA|IST|BEY|
BEY|MSY,|MSY|IAD|IST|BEY|
BEY|YEG,|YEG|LHR|IST|BEY|
BEY|YMM,|YMM|YEG|LHR|IST|BEY|
BEY|YQR,|YQR|YEG|LHR|IST|BEY|
BEY|YVR,|YVR|MUC|IST|BEY|
BEY|YWG,|YWG|YUL|FRA|IST|BEY|
BEY|YXE,|YXE|YEG|LHR|IST|BEY|
BEY|CKY,|CKY|DKR|BRU|IST|BEY|
BEY|FIH,|FIH|IST|BEY|
BEY|SCL,|SCL|EZE|GRU|IST|BEY|
BEY|LCA,|LCA|FRA|IST|BEY|
BEY|NAP,|NAP|IST|BEY|
BEY|VLC,|VLC|IST|BEY|
BEY|BKK,|BKK|IST|BEY|
BEY|ADD,|ADD|IST|BEY|
BEY|FRA,|FRA|IST|BEY|
BEY|IST,|IST|BEY|
BEY|EBB,|EBB|KGL|IST|BEY|
BEY|YLW,|YLW|YYC|FRA|IST|BEY|
BEY|YYT,|YYT|LHR|IST|BEY|
BEY|GUA,|GUA|MIA|ZRH|IST|BEY|
BEY|EWR,|EWR|BHX|IST|BEY|
BEY|IAD,|IAD|IST|BEY|
BEY|IAH,|IAH|IST|BEY|
BEY|ORD,|ORD|IST|BEY|
BEY|SOF,|SOF|IST|BEY|
BEY|YQB,|YQB|YUL|FRA|IST|BEY|
BEY|YXU,|YXU|YYZ|IST|BEY|
BEY|EZE,|EZE|GRU|IST|BEY|
BEY|YYJ,|YYJ|YVR|MUC|IST|BEY|
BEY|YYY,|YYY|YUL|FRA|IST|BEY|
BEY|YQQ,|YQQ|YBL|YVR|MUC|IST|BEY|
BEY|YYR,|YYR|YYT|LHR|IST|BEY|
BEY|LHR,|LHR|IST|BEY|
BEY|SFO,|SFO|MUC|IST|BEY|
BEY|YQU,|YQU|YEG|LHR|IST|BEY|
BEY|YZF,|YZF|YEG|LHR|IST|BEY|
BEY|YGR,|YGR|YGP|YQB|YUL|FRA|IST|BEY|
BEY|YGP,|YGP|YQB|YUL|FRA|IST|BEY|
BEY|BOS,|BOS|FRA|IST|BEY|
BEY|YDF,|YDF|YYT|LHR|IST|BEY|
BEY|YFC,|YFC|YHZ|LHR|IST|BEY|
BEY|YQM,|YQM|YHZ|LHR|IST|BEY|
BEY|YQX,|YQX|YYT|LHR|IST|BEY|
BEY|YQY,|YQY|YHZ|LHR|IST|BEY|
BEY|YSJ,|YSJ|YHZ|LHR|IST|BEY|
BEY|YYG,|YYG|YHZ|LHR|IST|BEY|
BEY|LAX,|LAX|IST|BEY|
BEY|DCA,|DCA|EWR|BHX|IST|BEY|
BEY|LGA,|LGA|YHZ|LHR|IST|BEY|
BEY|YZV,|YZV|YWK|YYR|YYT|LHR|IST|BEY|
BEY|YWL,|YWL|YVR|MUC|IST|BEY|
BEY|AZS,|AZS|YUL|FRA|IST|BEY|
BEY|BDL,|BDL|YUL|FRA|IST|BEY|
BEY|CCC,|CCC|YUL|FRA|IST|BEY|
BEY|CDG,|CDG|IST|BEY|
BEY|CUN,|CUN|YHZ|LHR|IST|BEY|
BEY|CZM,|CZM|YUL|FRA|IST|BEY|
BEY|FDF,|FDF|YUL|FRA|IST|BEY|
BEY|FLL,|FLL|MCO|FRA|IST|BEY|
BEY|GVA,|GVA|IST|BEY|
BEY|HOG,|HOG|YUL|FRA|IST|BEY|
BEY|LAS,|LAS|DEN|FRA|IST|BEY|
BEY|MBJ,|MBJ|YHZ|LHR|IST|BEY|
BEY|MCO,|MCO|FRA|IST|BEY|
BEY|MUC,|MUC|IST|BEY|
BEY|PAP,|PAP|YUL|FRA|IST|BEY|
BEY|PTP,|PTP|YUL|FRA|IST|BEY|
BEY|PUJ,|PUJ|YHZ|LHR|IST|BEY|
BEY|SNU,|SNU|YUL|FRA|IST|BEY|
BEY|VRA,|VRA|YUL|FRA|IST|BEY|
BEY|YBC,|YBC|YUL|FRA|IST|BEY|
BEY|YBG,|YBG|YUL|FRA|IST|BEY|
BEY|YTZ,|YTZ|YUL|FRA|IST|BEY|
BEY|YUY,|YUY|YUL|FRA|IST|BEY|
BEY|YVO,|YVO|YUL|FRA|IST|BEY|
BEY|ZBF,|ZBF|YUL|FRA|IST|BEY|
BEY|ZRH,|ZRH|IST|BEY|
BEY|ZSA,|ZSA|YUL|FRA|IST|BEY|
BEY|AKL,|AKL|BKK|IST|BEY|
BEY|HKG,|HKG|IST|BEY|
BEY|HND,|HND|YVR|MUC|IST|BEY|
BEY|HNL,|HNL|YVR|MUC|IST|BEY|
BEY|MEX,|MEX|IAD|IST|BEY|
BEY|OGG,|OGG|YVR|MUC|IST|BEY|
BEY|PDX,|PDX|SEA|FRA|IST|BEY|
BEY|PEK,|PEK|IST|BEY|
BEY|PVG,|PVG|IST|BEY|
BEY|PVR,|PVR|ORD|IST|BEY|
BEY|SEA,|SEA|FRA|IST|BEY|
BEY|SYD,|SYD|BKK|IST|BEY|
BEY|YBL,|YBL|YVR|MUC|IST|BEY|
BEY|YCD,|YCD|YVR|MUC|IST|BEY|
BEY|YCG,|YCG|YYC|FRA|IST|BEY|
BEY|YKA,|YKA|YYC|FRA|IST|BEY|
BEY|YPR,|YPR|YVR|MUC|IST|BEY|
BEY|YQZ,|YQZ|YVR|MUC|IST|BEY|
BEY|YXC,|YXC|YYC|FRA|IST|BEY|
BEY|YXJ,|YXJ|YYC|FRA|IST|BEY|
BEY|YXS,|YXS|YYC|FRA|IST|BEY|
BEY|YXT,|YXT|YVR|MUC|IST|BEY|
BEY|YXY,|YXY|YVR|MUC|IST|BEY|
BEY|YYD,|YYD|YVR|MUC|IST|BEY|
BEY|YYF,|YYF|YVR|MUC|IST|BEY|
BEY|YZP,|YZP|YVR|MUC|IST|BEY|
BEY|YQT,|YQT|YYZ|IST|BEY|
BEY|SJD,|SJD|ORD|IST|BEY|
BEY|YQF,|YQF|YYC|FRA|IST|BEY|
BEY|YQL,|YQL|YYC|FRA|IST|BEY|
BEY|YXH,|YXH|YYC|FRA|IST|BEY|
BEY|YWK,|YWK|YYR|YYT|LHR|IST|BEY|
BEY|ANU,|ANU|EWR|BHX|IST|BEY|
BEY|AUA,|AUA|EWR|BHX|IST|BEY|
BEY|AUH,|AUH|IST|BEY|
BEY|BCN,|BCN|IST|BEY|
BEY|BDA,|BDA|EWR|BHX|IST|BEY|
BEY|BGI,|BGI|YYZ|IST|BEY|
BEY|BNA,|BNA|YYZ|IST|BEY|
BEY|BOG,|BOG|MIA|ZRH|IST|BEY|
BEY|BWI,|BWI|EWR|BHX|IST|BEY|
BEY|CLE,|CLE|YYZ|IST|BEY|
BEY|CLT,|CLT|EWR|BHX|IST|BEY|
BEY|CMH,|CMH|YYZ|IST|BEY|
BEY|CVG,|CVG|YYZ|IST|BEY|
BEY|DFW,|DFW|ORD|IST|BEY|
BEY|DTW,|DTW|FRA|IST|BEY|
BEY|DUB,|DUB|IST|BEY|
BEY|FCO,|FCO|IST|BEY|
BEY|GCM,|GCM|EWR|BHX|IST|BEY|
BEY|GGT,|GGT|FLL|MCO|FRA|IST|BEY|
BEY|GND,|GND|YYZ|IST|BEY|
BEY|GRU,|GRU|IST|BEY|
BEY|HAV,|HAV|YYZ|IST|BEY|
BEY|IND,|IND|YYZ|IST|BEY|
BEY|JFK,|JFK|IST|BEY|
BEY|KIN,|KIN|YYZ|IST|BEY|
BEY|LIM,|LIM|MIA|ZRH|IST|BEY|
BEY|LIR,|LIR|EWR|BHX|IST|BEY|
BEY|MCI,|MCI|ORD|IST|BEY|
BEY|MDT,|MDT|IAD|IST|BEY|
BEY|MIA,|MIA|ZRH|IST|BEY|
BEY|MKE,|MKE|YYZ|IST|BEY|
BEY|MSP,|MSP|YUL|FRA|IST|BEY|
BEY|NAS,|NAS|EWR|BHX|IST|BEY|
BEY|PHL,|PHL|IAD|IST|BEY|
BEY|PHX,|PHX|DEN|FRA|IST|BEY|
BEY|PIT,|PIT|YYZ|IST|BEY|
BEY|PLS,|PLS|EWR|BHX|IST|BEY|
BEY|POP,|POP|EWR|BHX|IST|BEY|
BEY|RDU,|RDU|EWR|BHX|IST|BEY|
BEY|ROC,|ROC|YYZ|IST|BEY|
BEY|RSW,|RSW|MCO|FRA|IST|BEY|
BEY|SAN,|SAN|LAX|IST|BEY|
BEY|SJO,|SJO|EWR|BHX|IST|BEY|
BEY|STL,|STL|ORD|IST|BEY|
BEY|SYR,|SYR|EWR|BHX|IST|BEY|
BEY|TLV,|TLV|IST|BEY|
BEY|TPA,|TPA|EWR|BHX|IST|BEY|
BEY|UVF,|UVF|EWR|BHX|IST|BEY|
BEY|VIE,|VIE|IST|BEY|
BEY|YAM,|YAM|YYZ|IST|BEY|
BEY|YGK,|YGK|YYZ|IST|BEY|
BEY|YQG,|YQG|YYZ|IST|BEY|
BEY|YSB,|YSB|YYZ|IST|BEY|
BEY|YTS,|YTS|YYZ|IST|BEY|
BEY|YYB,|YYB|YYZ|IST|BEY|
BEY|YZR,|YZR|YYZ|IST|BEY|
BEY|CAN,|CAN|IST|BEY|
BEY|URC,|URC|IST|BEY|
BEY|CTU,|CTU|URC|IST|BEY|
BEY|HGH,|HGH|URC|IST|BEY|
BEY|XMN,|XMN|CSX|URC|IST|BEY|
BEY|CGO,|CGO|URC|IST|BEY|
BEY|CSX,|CSX|URC|IST|BEY|
BEY|SHE,|SHE|PEK|IST|BEY|
BEY|SJW,|SJW|URC|IST|BEY|
BEY|WUH,|WUH|URC|IST|BEY|
BEY|SZX,|SZX|CKG|URC|IST|BEY|
BEY|CKG,|CKG|URC|IST|BEY|
BEY|KMG,|KMG|CTU|URC|IST|BEY|
BEY|FOC,|FOC|XIY|URC|IST|BEY|
BEY|NNG,|NNG|KWE|URC|IST|BEY|
BEY|SWA,|SWA|CAN|IST|BEY|
BEY|ACX,|ACX|CAN|IST|BEY|
BEY|AQG,|AQG|CAN|IST|BEY|
BEY|AVA,|AVA|CAN|IST|BEY|
BEY|BFJ,|BFJ|CAN|IST|BEY|
BEY|BHY,|BHY|CKG|URC|IST|BEY|
BEY|BNE,|BNE|BKK|IST|BEY|
BEY|CGD,|CGD|PEK|IST|BEY|
BEY|CGK,|CGK|SIN|IST|BEY|
BEY|CGQ,|CGQ|HET|URC|IST|BEY|
BEY|CIH,|CIH|PEK|IST|BEY|
BEY|CNX,|CNX|CAN|IST|BEY|
BEY|CZX,|CZX|TYN|URC|IST|BEY|
BEY|DAC,|DAC|IST|BEY|
BEY|DAD,|DAD|CAN|IST|BEY|
BEY|DEL,|DEL|IST|BEY|
BEY|DIG,|DIG|KMG|CTU|URC|IST|BEY|
BEY|DLC,|DLC|PEK|IST|BEY|
BEY|DPS,|DPS|CAN|IST|BEY|
BEY|DXB,|DXB|IST|BEY|
BEY|DYG,|DYG|CSX|URC|IST|BEY|
BEY|FUG,|FUG|CAN|IST|BEY|
BEY|FUK,|FUK|ICN|IST|BEY|
BEY|HAK,|HAK|CTU|URC|IST|BEY|
BEY|HAN,|HAN|CAN|IST|BEY|
BEY|HDG,|HDG|CAN|IST|BEY|
BEY|HET,|HET|URC|IST|BEY|
BEY|HFE,|HFE|XIY|URC|IST|BEY|
BEY|HJJ,|HJJ|CSX|URC|IST|BEY|
BEY|HKT,|HKT|KWE|URC|IST|BEY|
BEY|HRB,|HRB|PEK|IST|BEY|
BEY|HZH,|HZH|CAN|IST|BEY|
BEY|JIU,|JIU|CAN|IST|BEY|
BEY|JJN,|JJN|CSX|URC|IST|BEY|
BEY|JNG,|JNG|CAN|IST|BEY|
BEY|KHN,|KHN|XIY|URC|IST|BEY|
BEY|KIX,|KIX|IST|BEY|
BEY|KOW,|KOW|CAN|IST|BEY|
BEY|KTM,|KTM|IST|BEY|
BEY|KUL,|KUL|IST|BEY|
BEY|KWE,|KWE|URC|IST|BEY|
BEY|KWL,|KWL|CKG|URC|IST|BEY|
BEY|LHW,|LHW|URC|IST|BEY|
BEY|LYA,|LYA|KHN|XIY|URC|IST|BEY|
BEY|LYG,|LYG|XUZ|INC|URC|IST|BEY|
BEY|LZH,|LZH|CAN|IST|BEY|
BEY|MEL,|MEL|BKK|IST|BEY|
BEY|MIG,|MIG|CSX|URC|IST|BEY|
BEY|MLE,|MLE|IST|BEY|
BEY|MNL,|MNL|CAN|IST|BEY|
BEY|MXZ,|MXZ|CAN|IST|BEY|
BEY|NAO,|NAO|PEK|IST|BEY|
BEY|NGB,|NGB|WUH|URC|IST|BEY|
BEY|NKG,|NKG|URC|IST|BEY|
BEY|NNY,|NNY|CGO|URC|IST|BEY|
BEY|PEN,|PEN|CAN|IST|BEY|
BEY|PER,|PER|BKK|IST|BEY|
BEY|PNH,|PNH|CAN|IST|BEY|
BEY|REP,|REP|CAN|IST|BEY|
BEY|RGN,|RGN|CAN|IST|BEY|
BEY|SGN,|SGN|BKK|IST|BEY|
BEY|SHA,|SHA|URC|IST|BEY|
BEY|SIN,|SIN|IST|BEY|
BEY|SVO,|SVO|URC|IST|BEY|
BEY|SYX,|SYX|CKG|URC|IST|BEY|
BEY|TAO,|TAO|TYN|URC|IST|BEY|
BEY|TEN,|TEN|CAN|IST|BEY|
BEY|TNA,|TNA|URC|IST|BEY|
BEY|TPE,|TPE|URC|IST|BEY|
BEY|TSN,|TSN|HET|URC|IST|BEY|
BEY|TXN,|TXN|TYN|URC|IST|BEY|
BEY|TYN,|TYN|URC|IST|BEY|
BEY|WNZ,|WNZ|XIY|URC|IST|BEY|
BEY|WUX,|WUX|CAN|IST|BEY|
BEY|XFN,|XFN|CAN|IST|BEY|
BEY|XIY,|XIY|URC|IST|BEY|
BEY|XUZ,|XUZ|INC|URC|IST|BEY|
BEY|YIH,|YIH|CKG|URC|IST|BEY|
BEY|YIW,|YIW|URC|IST|BEY|
BEY|YNT,|YNT|SHE|PEK|IST|BEY|
BEY|YNZ,|YNZ|WUH|URC|IST|BEY|
BEY|YTY,|YTY|CGO|URC|IST|BEY|
BEY|ZHA,|ZHA|CAN|IST|BEY|
BEY|ZYI,|ZYI|CAN|IST|BEY|
BEY|BAV,|BAV|URC|IST|BEY|
BEY|CJU,|CJU|DLC|PEK|IST|BEY|
BEY|DSN,|DSN|CGO|URC|IST|BEY|
BEY|HMI,|HMI|URC|IST|BEY|
BEY|INC,|INC|URC|IST|BEY|
BEY|KHH,|KHH|WUH|URC|IST|BEY|
BEY|UYN,|UYN|XIY|URC|IST|BEY|
BEY|XNN,|XNN|URC|IST|BEY|
BEY|ZUH,|ZUH|KWE|URC|IST|BEY|
BEY|YNJ,|YNJ|PEK|IST|BEY|
BEY|DAT,|DAT|TYN|URC|IST|BEY|
BEY|JHG,|JHG|KMG|CTU|URC|IST|BEY|
BEY|LJG,|LJG|KMG|CTU|URC|IST|BEY|
BEY|LXA,|LXA|CKG|URC|IST|BEY|
BEY|YCU,|YCU|CKG|URC|IST|BEY|
BEY|LZO,|LZO|CSX|URC|IST|BEY|
BEY|MDG,|MDG|DLC|PEK|IST|BEY|
BEY|NGO,|NGO|ICN|IST|BEY|
BEY|TOY,|TOY|DLC|PEK|IST|BEY|
BEY|MFM,|MFM|XMN|CSX|URC|IST|BEY|
BEY|TGO,|TGO|HET|URC|IST|BEY|
BEY|XIL,|XIL|HET|URC|IST|BEY|
BEY|HEK,|HEK|HRB|PEK|IST|BEY|
BEY|KIJ,|KIJ|HRB|PEK|IST|BEY|
BEY|LDS,|LDS|HRB|PEK|IST|BEY|
BEY|OHE,|OHE|HRB|PEK|IST|BEY|
BEY|HSN,|HSN|LYG|XUZ|INC|URC|IST|BEY|
BEY|DLU,|DLU|KMG|CTU|URC|IST|BEY|
BEY|SYM,|SYM|KMG|CTU|URC|IST|BEY|
BEY|ZAT,|ZAT|KMG|CTU|URC|IST|BEY|
BEY|LUN,|LUN|NBO|IST|BEY|
BEY|AOG,|AOG|PEK|IST|BEY|
BEY|GMP,|GMP|PEK|IST|BEY|
BEY|ISB,|ISB|IST|BEY|
BEY|TAS,|TAS|IST|BEY|
BEY|WUS,|WUS|PEK|IST|BEY|
BEY|JMU,|JMU|PVG|IST|BEY|
BEY|NDG,|NDG|PVG|IST|BEY|
BEY|JXA,|JXA|SHE|PEK|IST|BEY|
BEY|PUS,|PUS|SHE|PEK|IST|BEY|
BEY|BKI,|BKI|SZX|CKG|URC|IST|BEY|
BEY|AKU,|AKU|URC|IST|BEY|
BEY|ALA,|ALA|IST|BEY|
BEY|ASB,|ASB|IST|BEY|
BEY|DNH,|DNH|URC|IST|BEY|
BEY|DYU,|DYU|IST|BEY|
BEY|FRU,|FRU|IST|BEY|
BEY|GYD,|GYD|IST|BEY|
BEY|HTN,|HTN|URC|IST|BEY|
BEY|IKA,|IKA|IST|BEY|
BEY|KCA,|KCA|URC|IST|BEY|
BEY|KHG,|KHG|URC|IST|BEY|
BEY|KRL,|KRL|URC|IST|BEY|
BEY|KRY,|KRY|URC|IST|BEY|
BEY|LBD,|LBD|URC|IST|BEY|
BEY|NLT,|NLT|URC|IST|BEY|
BEY|OSS,|OSS|IST|BEY|
BEY|OVB,|OVB|IST|BEY|
BEY|TBS,|TBS|IST|BEY|
BEY|TCG,|TCG|URC|IST|BEY|
BEY|TSE,|TSE|IST|BEY|
BEY|YIN,|YIN|URC|IST|BEY|
BEY|ENH,|ENH|WUH|URC|IST|BEY|
BEY|ENY,|ENY|XIY|URC|IST|BEY|
BEY|WXN,|WXN|XIY|URC|IST|BEY|
BEY|BLL,|BLL|IST|BEY|
BEY|ESB,|ESB|IST|BEY|
BEY|SAW,|SAW|ADB|IST|BEY|
BEY|HAM,|HAM|IST|BEY|
BEY|HRE,|HRE|ADD|IST|BEY|
BEY|JUB,|JUB|CAI|IST|BEY|
BEY|SSG,|SSG|DLA|IST|BEY|
BEY|BGW,|BGW|IST|BEY|
BEY|EBL,|EBL|IST|BEY|
BEY|VKO,|VKO|IST|BEY|
BEY|MCT,|MCT|IST|BEY|
BEY|AYT,|AYT|IST|BEY|
BEY|SCQ,|SCQ|BIO|IST|BEY|
BEY|AAL,|AAL|IST|BEY|
BEY|AOE,|AOE|BRU|IST|BEY|
BEY|JNB,|JNB|IST|BEY|
BEY|LBV,|LBV|DLA|IST|BEY|
BEY|ADA,|ADA|IST|BEY|
BEY|ADB,|ADB|IST|BEY|
BEY|ADF,|ADF|IST|BEY|
BEY|AJI,|AJI|IST|BEY|
BEY|BAL,|BAL|IST|BEY|
BEY|BJV,|BJV|IST|BEY|
BEY|CKZ,|CKZ|ESB|IST|BEY|
BEY|DIY,|DIY|IST|BEY|
BEY|ECN,|ECN|IST|BEY|
BEY|ERC,|ERC|IST|BEY|
BEY|ERZ,|ERZ|IST|BEY|
BEY|EZS,|EZS|IST|BEY|
BEY|GNY,|GNY|IST|BEY|
BEY|GZP,|GZP|ESB|IST|BEY|
BEY|GZT,|GZT|IST|BEY|
BEY|HTY,|HTY|IST|BEY|
BEY|KCM,|KCM|IST|BEY|
BEY|KSY,|KSY|IST|BEY|
BEY|MLX,|MLX|IST|BEY|
BEY|MQM,|MQM|IST|BEY|
BEY|MSR,|MSR|IST|BEY|
BEY|TEQ,|TEQ|ESB|IST|BEY|
BEY|TZX,|TZX|IST|BEY|
BEY|VAN,|VAN|IST|BEY|
BEY|ULN,|ULN|FRU|IST|BEY|
BEY|HIJ,|HIJ|ICN|IST|BEY|
BEY|VVO,|VVO|ICN|IST|BEY|
BEY|ACC,|ACC|IST|BEY|
BEY|AER,|AER|IST|BEY|
BEY|AGP,|AGP|IST|BEY|
BEY|ALG,|ALG|IST|BEY|
BEY|AMM,|AMM|IST|BEY|
BEY|AQJ,|AQJ|IST|BEY|
BEY|ARN,|ARN|IST|BEY|
BEY|ASR,|ASR|IST|BEY|
BEY|ATH,|ATH|IST|BEY|
BEY|BAH,|BAH|IST|BEY|
BEY|BEG,|BEG|IST|BEY|
BEY|BEN,|BEN|IST|BEY|
BEY|BHX,|BHX|IST|BEY|
BEY|BIO,|BIO|IST|BEY|
BEY|BLQ,|BLQ|IST|BEY|
BEY|BOM,|BOM|IST|BEY|
BEY|BRE,|BRE|IST|BEY|
BEY|BSL,|BSL|IST|BEY|
BEY|BSR,|BSR|IST|BEY|
BEY|BUD,|BUD|IST|BEY|
BEY|BUS,|BUS|IST|BEY|
BEY|CAI,|CAI|IST|BEY|
BEY|CGN,|CGN|IST|BEY|
BEY|CMN,|CMN|IST|BEY|
BEY|CND,|CND|IST|BEY|
BEY|DAR,|DAR|IST|BEY|
BEY|DLM,|DLM|IST|BEY|
BEY|DMM,|DMM|IST|BEY|
BEY|DNK,|DNK|IST|BEY|
BEY|DNZ,|DNZ|IST|BEY|
BEY|DOK,|DOK|IST|BEY|
BEY|DUS,|DUS|IST|BEY|
BEY|EDI,|EDI|IST|BEY|
BEY|ELQ,|ELQ|IST|BEY|
BEY|FDH,|FDH|IST|BEY|
BEY|GOA,|GOA|IST|BEY|
BEY|GOT,|GOT|IST|BEY|
BEY|HAJ,|HAJ|IST|BEY|
BEY|HBE,|HBE|IST|BEY|
BEY|HEL,|HEL|IST|BEY|
BEY|HRG,|HRG|IST|BEY|
BEY|IFN,|IFN|IST|BEY|
BEY|ISE,|ISE|IST|BEY|
BEY|ISU,|ISU|IST|BEY|
BEY|JIB,|JIB|IST|BEY|
BEY|JRO,|JRO|IST|BEY|
BEY|KAN,|KAN|IST|BEY|
BEY|KBL,|KBL|IST|BEY|
BEY|KBP,|KBP|IST|BEY|
BEY|KFS,|KFS|IST|BEY|
BEY|KHI,|KHI|IST|BEY|
BEY|KIV,|KIV|IST|BEY|
BEY|KRT,|KRT|IST|BEY|
BEY|KSH,|KSH|IST|BEY|
BEY|KVD,|KVD|IST|BEY|
BEY|KWI,|KWI|IST|BEY|
BEY|KYA,|KYA|IST|BEY|
BEY|KZN,|KZN|IST|BEY|
BEY|KZR,|KZR|IST|BEY|
BEY|LED,|LED|IST|BEY|
BEY|LEJ,|LEJ|IST|BEY|
BEY|LGW,|LGW|IST|BEY|
BEY|LHE,|LHE|IST|BEY|
BEY|LIS,|LIS|IST|BEY|
BEY|LJU,|LJU|IST|BEY|
BEY|LOS,|LOS|IST|BEY|
BEY|LUX,|LUX|IST|BEY|
BEY|LWO,|LWO|IST|BEY|
BEY|LYS,|LYS|IST|BEY|
BEY|MAD,|MAD|IST|BEY|
BEY|MAN,|MAN|IST|BEY|
BEY|MED,|MED|IST|BEY|
BEY|MHD,|MHD|IST|BEY|
BEY|MLA,|MLA|IST|BEY|
BEY|MRS,|MRS|IST|BEY|
BEY|MSQ,|MSQ|IST|BEY|
BEY|MXP,|MXP|IST|BEY|
BEY|MZH,|MZH|IST|BEY|
BEY|MZR,|MZR|IST|BEY|
BEY|NAJ,|NAJ|IST|BEY|
BEY|NAV,|NAV|IST|BEY|
BEY|NCE,|NCE|IST|BEY|
BEY|NIM,|NIM|IST|BEY|
BEY|NJF,|NJF|IST|BEY|
BEY|NSI,|NSI|IST|BEY|
BEY|NUE,|NUE|IST|BEY|
BEY|ODS,|ODS|IST|BEY|
BEY|ORN,|ORN|IST|BEY|
BEY|OTP,|OTP|IST|BEY|
BEY|PRG,|PRG|IST|BEY|
BEY|PRN,|PRN|IST|BEY|
BEY|RIX,|RIX|IST|BEY|
BEY|ROV,|ROV|IST|BEY|
BEY|RTM,|RTM|IST|BEY|
BEY|RUH,|RUH|IST|BEY|
BEY|SAH,|SAH|IST|BEY|
BEY|SJJ,|SJJ|IST|BEY|
BEY|SKG,|SKG|IST|BEY|
BEY|SKP,|SKP|IST|BEY|
BEY|SSH,|SSH|IST|BEY|
BEY|STR,|STR|IST|BEY|
BEY|SVX,|SVX|IST|BEY|
BEY|SYZ,|SYZ|IST|BEY|
BEY|SZG,|SZG|IST|BEY|
BEY|TBZ,|TBZ|IST|BEY|
BEY|TGD,|TGD|IST|BEY|
BEY|TIA,|TIA|IST|BEY|
BEY|TIF,|TIF|IST|BEY|
BEY|TIP,|TIP|IST|BEY|
BEY|TLL,|TLL|IST|BEY|
BEY|TLS,|TLS|IST|BEY|
BEY|TRN,|TRN|IST|BEY|
BEY|TUN,|TUN|IST|BEY|
BEY|TXL,|TXL|IST|BEY|
BEY|UFA,|UFA|IST|BEY|
BEY|VAS,|VAS|IST|BEY|
BEY|VCE,|VCE|IST|BEY|
BEY|YNB,|YNB|IST|BEY|
BEY|ZAG,|ZAG|IST|BEY|
BEY|MGQ,|MGQ|JIB|IST|BEY|
BEY|CPT,|CPT|JNB|IST|BEY|
BEY|MBA,|MBA|JRO|IST|BEY|
BEY|NDJ,|NDJ|KAN|IST|BEY|
BEY|CMB,|CMB|MLE|IST|BEY|
BEY|ADE,|ADE|SAH|IST|BEY|
BEY|ASF,|ASF|SAW|ADB|IST|BEY|
BEY|STW,|STW|SAW|ADB|IST|BEY|
BEY|LFW,|LFW|ABJ|OUA|NIM|IST|BEY|
BEY|CEC,|CEC|ACV|SMF|SEA|FRA|IST|BEY|
BEY|SMF,|SMF|SEA|FRA|IST|BEY|
BEY|CDR,|CDR|AIA|DEN|FRA|IST|BEY|
BEY|FMN,|FMN|DEN|FRA|IST|BEY|
BEY|JST,|JST|IAD|IST|BEY|
BEY|JHW,|JHW|CLE|YYZ|IST|BEY|
BEY|SHD,|SHD|IAD|IST|BEY|
BEY|PTY,|PTY|MIA|ZRH|IST|BEY|
BEY|FNA,|FNA|BRU|IST|BEY|
BEY|SXB,|SXB|BRU|IST|BEY|
BEY|ACV,|ACV|SMF|SEA|FRA|IST|BEY|
BEY|MGW,|MGW|IAD|IST|BEY|
BEY|ALB,|ALB|EWR|BHX|IST|BEY|
BEY|AUS,|AUS|ORD|IST|BEY|
BEY|BFD,|BFD|CLE|YYZ|IST|BEY|
BEY|BUF,|BUF|EWR|BHX|IST|BEY|
BEY|CHS,|CHS|EWR|BHX|IST|BEY|
BEY|DAY,|DAY|CLE|YYZ|IST|BEY|
BEY|DUJ,|DUJ|CLE|YYZ|IST|BEY|
BEY|ERI,|ERI|CLE|YYZ|IST|BEY|
BEY|FKL,|FKL|CLE|YYZ|IST|BEY|
BEY|FNT,|FNT|CLE|YYZ|IST|BEY|
BEY|GRR,|GRR|CLE|YYZ|IST|BEY|
BEY|GSP,|GSP|EWR|BHX|IST|BEY|
BEY|PBI,|PBI|EWR|BHX|IST|BEY|
BEY|PKB,|PKB|CLE|YYZ|IST|BEY|
BEY|RIC,|RIC|EWR|BHX|IST|BEY|
BEY|SDF,|SDF|CLE|YYZ|IST|BEY|
BEY|GUM,|GUM|FUK|ICN|IST|BEY|
BEY|WRL,|WRL|CYS|DEN|FRA|IST|BEY|
BEY|LBL,|BEY|
BEY|ABQ,|ABQ|DEN|FRA|IST|BEY|
BEY|AIA,|AIA|DEN|FRA|IST|BEY|
BEY|ALS,|ALS|DEN|FRA|IST|BEY|
BEY|AMA,|AMA|DEN|FRA|IST|BEY|
BEY|ANC,|ANC|SEA|FRA|IST|BEY|
BEY|ASE,|ASE|DEN|FRA|IST|BEY|
BEY|BFL,|BFL|LAX|IST|BEY|
BEY|BHM,|BHM|BWI|EWR|BHX|IST|BEY|
BEY|BIL,|BIL|DEN|FRA|IST|BEY|
BEY|BIS,|BIS|DEN|FRA|IST|BEY|
BEY|BOI,|BOI|DEN|FRA|IST|BEY|
BEY|BUR,|BUR|DEN|FRA|IST|BEY|
BEY|BZN,|BZN|ORD|IST|BEY|
BEY|CID,|CID|ORD|IST|BEY|
BEY|COD,|COD|DEN|FRA|IST|BEY|
BEY|COS,|COS|DEN|FRA|IST|BEY|
BEY|CPR,|CPR|DEN|FRA|IST|BEY|
BEY|CYS,|CYS|DEN|FRA|IST|BEY|
BEY|DIK,|DIK|DEN|FRA|IST|BEY|
BEY|DRO,|DRO|DEN|FRA|IST|BEY|
BEY|DSM,|DSM|ORD|IST|BEY|
BEY|EGE,|EGE|DEN|FRA|IST|BEY|
BEY|ELP,|ELP|DEN|FRA|IST|BEY|
BEY|EUG,|EUG|PDX|SEA|FRA|IST|BEY|
BEY|FAR,|FAR|ORD|IST|BEY|
BEY|FAT,|FAT|SFO|MUC|IST|BEY|
BEY|FCA,|FCA|DEN|FRA|IST|BEY|
BEY|FSD,|FSD|ORD|IST|BEY|
BEY|GCC,|GCC|DEN|FRA|IST|BEY|
BEY|GEG,|GEG|DEN|FRA|IST|BEY|
BEY|GJT,|GJT|DEN|FRA|IST|BEY|
BEY|GTF,|GTF|DEN|FRA|IST|BEY|
BEY|GUC,|GUC|DEN|FRA|IST|BEY|
BEY|HDN,|HDN|DEN|FRA|IST|BEY|
BEY|HLN,|HLN|DEN|FRA|IST|BEY|
BEY|HSV,|HSV|IAD|IST|BEY|
BEY|ICT,|ICT|ORD|IST|BEY|
BEY|IDA,|IDA|DEN|FRA|IST|BEY|
BEY|ISN,|ISN|DEN|FRA|IST|BEY|
BEY|JAC,|JAC|DEN|FRA|IST|BEY|
BEY|KOA,|KOA|YVR|MUC|IST|BEY|
BEY|LAR,|LAR|DEN|FRA|IST|BEY|
BEY|LBB,|LBB|DAL|STL|ORD|IST|BEY|
BEY|LIH,|LIH|YVR|MUC|IST|BEY|
BEY|LIT,|LIT|ORD|IST|BEY|
BEY|LNK,|LNK|ORD|IST|BEY|
BEY|MAF,|MAF|DAL|STL|ORD|IST|BEY|
BEY|MEM,|MEM|EWR|BHX|IST|BEY|
BEY|MFR,|MFR|DEN|FRA|IST|BEY|
BEY|MLI,|MLI|ORD|IST|BEY|
BEY|MOT,|MOT|DEN|FRA|IST|BEY|
BEY|MRY,|MRY|SFO|MUC|IST|BEY|
BEY|MSN,|MSN|ORD|IST|BEY|
BEY|MSO,|MSO|DEN|FRA|IST|BEY|
BEY|MTJ,|MTJ|DEN|FRA|IST|BEY|
BEY|OKC,|OKC|ORD|IST|BEY|
BEY|OMA,|OMA|ORD|IST|BEY|
BEY|ONT,|ONT|DEN|FRA|IST|BEY|
BEY|PIA,|PIA|ORD|IST|BEY|
BEY|PIR,|PIR|DEN|FRA|IST|BEY|
BEY|PSC,|PSC|DEN|FRA|IST|BEY|
BEY|PSP,|PSP|DEN|FRA|IST|BEY|
BEY|PUB,|PUB|DEN|FRA|IST|BEY|
BEY|RAP,|RAP|ORD|IST|BEY|
BEY|RDM,|RDM|PDX|SEA|FRA|IST|BEY|
BEY|RKS,|RKS|DEN|FRA|IST|BEY|
BEY|RNO,|RNO|SEA|FRA|IST|BEY|
BEY|SAF,|SAF|DEN|FRA|IST|BEY|
BEY|SAT,|SAT|ORD|IST|BEY|
BEY|SBA,|SBA|LAX|IST|BEY|
BEY|SGF,|SGF|ORD|IST|BEY|
BEY|SGU,|SGU|DEN|FRA|IST|BEY|
BEY|SHV,|SHV|IAH|IST|BEY|
BEY|SJC,|SJC|SEA|FRA|IST|BEY|
BEY|SLC,|SLC|DEN|FRA|IST|BEY|
BEY|SNA,|SNA|DEN|FRA|IST|BEY|
BEY|TUL,|TUL|ORD|IST|BEY|
BEY|TUS,|TUS|DEN|FRA|IST|BEY|
BEY|TYS,|TYS|IAD|IST|BEY|
BEY|XNA,|XNA|ORD|IST|BEY|
BEY|SAL,|SAL|MIA|ZRH|IST|BEY|
BEY|BJL,|BJL|DKR|BRU|IST|BEY|
BEY|BFS,|BFS|EWR|BHX|IST|BEY|
BEY|BON,|BON|EWR|BHX|IST|BEY|
BEY|BQN,|BQN|EWR|BHX|IST|BEY|
BEY|BTV,|BTV|EWR|BHX|IST|BEY|
BEY|BZE,|BZE|EWR|BHX|IST|BEY|
BEY|GLA,|GLA|EWR|BHX|IST|BEY|
BEY|GSO,|GSO|EWR|BHX|IST|BEY|
BEY|ITH,|ITH|EWR|BHX|IST|BEY|
BEY|JAX,|JAX|EWR|BHX|IST|BEY|
BEY|MHT,|MHT|EWR|BHX|IST|BEY|
BEY|MYR,|MYR|EWR|BHX|IST|BEY|
BEY|ORF,|ORF|EWR|BHX|IST|BEY|
BEY|POS,|POS|EWR|BHX|IST|BEY|
BEY|PVD,|PVD|EWR|BHX|IST|BEY|
BEY|PWM,|PWM|EWR|BHX|IST|BEY|
BEY|SAP,|SAP|MIA|ZRH|IST|BEY|
BEY|SAV,|SAV|EWR|BHX|IST|BEY|
BEY|SDQ,|SDQ|EWR|BHX|IST|BEY|
BEY|SJU,|SJU|EWR|BHX|IST|BEY|
BEY|SNN,|SNN|EWR|BHX|IST|BEY|
BEY|STT,|STT|EWR|BHX|IST|BEY|
BEY|SXM,|SXM|EWR|BHX|IST|BEY|
BEY|BIM,|BIM|FLL|MCO|FRA|IST|BEY|
BEY|ELH,|ELH|PBI|EWR|BHX|IST|BEY|
BEY|EYW,|EYW|MCO|FRA|IST|BEY|
BEY|FPO,|FPO|FLL|MCO|FRA|IST|BEY|
BEY|GHB,|GHB|FLL|MCO|FRA|IST|BEY|
BEY|MHH,|MHH|MCO|FRA|IST|BEY|
BEY|TCB,|TCB|FLL|MCO|FRA|IST|BEY|
BEY|SOW,|SOW|FMN|DEN|FRA|IST|BEY|
BEY|ROB,|ROB|FNA|BRU|IST|BEY|
BEY|GIG,|GIG|GRU|IST|BEY|
BEY|CNS,|CNS|GUM|FUK|ICN|IST|BEY|
BEY|CTS,|CTS|GUM|FUK|ICN|IST|BEY|
BEY|OKJ,|OKJ|GUM|FUK|ICN|IST|BEY|
BEY|ROP,|ROP|GUM|FUK|ICN|IST|BEY|
BEY|ROR,|ROR|MNL|CAN|IST|BEY|
BEY|SDJ,|SDJ|GUM|FUK|ICN|IST|BEY|
BEY|SPN,|SPN|GUM|FUK|ICN|IST|BEY|
BEY|TKK,|TKK|GUM|FUK|ICN|IST|BEY|
BEY|YAP,|YAP|ROR|MNL|CAN|IST|BEY|
BEY|MAJ,|MAJ|KWA|PNI|TKK|GUM|FUK|ICN|IST|BEY|
BEY|AOO,|AOO|IAD|IST|BEY|
BEY|BGM,|BGM|IAD|IST|BEY|
BEY|BKW,|BKW|IAD|IST|BEY|
BEY|CAE,|CAE|IAD|IST|BEY|
BEY|CHO,|CHO|IAD|IST|BEY|
BEY|CRW,|CRW|IAD|IST|BEY|
BEY|FAY,|FAY|IAD|IST|BEY|
BEY|LWB,|LWB|IAD|IST|BEY|
BEY|ROA,|ROA|IAD|IST|BEY|
BEY|SCE,|SCE|IAD|IST|BEY|
BEY|ACA,|ACA|IAH|IST|BEY|
BEY|ACY,|ACY|ORD|IST|BEY|
BEY|AEX,|AEX|IAH|IST|BEY|
BEY|AGU,|AGU|IAH|IST|BEY|
BEY|BJX,|BJX|IAH|IST|BEY|
BEY|BRO,|BRO|IAH|IST|BEY|
BEY|BTR,|BTR|IAH|IST|BEY|
BEY|CCS,|CCS|IAH|IST|BEY|
BEY|CLL,|CLL|IAH|IST|BEY|
BEY|CME,|CME|IAH|IST|BEY|
BEY|CRP,|CRP|IAH|IST|BEY|
BEY|CUU,|CUU|IAH|IST|BEY|
BEY|DAL,|DAL|STL|ORD|IST|BEY|
BEY|DGO,|DGO|IAH|IST|BEY|
BEY|GDL,|GDL|IAH|IST|BEY|
BEY|GPT,|GPT|IAH|IST|BEY|
BEY|GRK,|GRK|IAH|IST|BEY|
BEY|HOB,|HOB|IAH|IST|BEY|
BEY|HRL,|HRL|IAH|IST|BEY|
BEY|HUX,|HUX|IAH|IST|BEY|
BEY|JAN,|JAN|ORD|IST|BEY|
BEY|LCH,|LCH|IAH|IST|BEY|
BEY|LEX,|LEX|ORD|IST|BEY|
BEY|LFT,|LFT|IAH|IST|BEY|
BEY|LRD,|LRD|IAH|IST|BEY|
BEY|MFE,|MFE|IAH|IST|BEY|
BEY|MGA,|MGA|IAH|IST|BEY|
BEY|MID,|MID|IAH|IST|BEY|
BEY|MLM,|MLM|IAH|IST|BEY|
BEY|MLU,|MLU|IAH|IST|BEY|
BEY|MOB,|MOB|ORD|IST|BEY|
BEY|MTY,|MTY|IAH|IST|BEY|
BEY|OAX,|OAX|IAH|IST|BEY|
BEY|PBC,|PBC|IAH|IST|BEY|
BEY|PNS,|PNS|BNA|YYZ|IST|BEY|
BEY|QRO,|QRO|IAH|IST|BEY|
BEY|RTB,|RTB|IAH|IST|BEY|
BEY|SLP,|SLP|IAH|IST|BEY|
BEY|SLW,|SLW|IAH|IST|BEY|
BEY|TAM,|TAM|IAH|IST|BEY|
BEY|TGU,|TGU|IAH|IST|BEY|
BEY|TRC,|TRC|IAH|IST|BEY|
BEY|TYR,|TYR|IAH|IST|BEY|
BEY|UIO,|UIO|IAH|IST|BEY|
BEY|VER,|VER|IAH|IST|BEY|
BEY|VPS,|VPS|IAH|IST|BEY|
BEY|VSA,|VSA|IAH|IST|BEY|
BEY|ZIH,|ZIH|IAH|IST|BEY|
BEY|ZLO,|ZLO|IAH|IST|BEY|
BEY|KWA,|KWA|PNI|TKK|GUM|FUK|ICN|IST|BEY|
BEY|PNI,|PNI|TKK|GUM|FUK|ICN|IST|BEY|
BEY|KSA,|KSA|PNI|TKK|GUM|FUK|ICN|IST|BEY|
BEY|CLD,|CLD|LAX|IST|BEY|
BEY|ITO,|ITO|LAX|IST|BEY|
BEY|SBP,|SBP|LAX|IST|BEY|
BEY|SMX,|SMX|LAX|IST|BEY|
BEY|YUM,|YUM|LAX|IST|BEY|
BEY|DDC,|BEY|
BEY|TMS,|TMS|LIS|IST|BEY|
BEY|PHC,|PHC|LOS|IST|BEY|
BEY|GNV,|GNV|MCO|FRA|IST|BEY|
BEY|TLH,|TLH|MCO|FRA|IST|BEY|
BEY|CKB,|CKB|MGW|IAD|IST|BEY|
BEY|BAQ,|BAQ|MIA|ZRH|IST|BEY|
BEY|CLO,|CLO|MIA|ZRH|IST|BEY|
BEY|CTG,|CTG|MIA|ZRH|IST|BEY|
BEY|MDE,|MDE|MIA|ZRH|IST|BEY|
BEY|ABE,|ABE|ORD|IST|BEY|
BEY|ATW,|ATW|ORD|IST|BEY|
BEY|AVL,|AVL|ORD|IST|BEY|
BEY|AVP,|AVP|ORD|IST|BEY|
BEY|CAK,|CAK|BOS|FRA|IST|BEY|
BEY|CMX,|CMX|ORD|IST|BEY|
BEY|CWA,|CWA|ORD|IST|BEY|
BEY|DLH,|DLH|ORD|IST|BEY|
BEY|EAU,|EAU|ORD|IST|BEY|
BEY|ELM,|ELM|ORD|IST|BEY|
BEY|FOE,|FOE|ORD|IST|BEY|
BEY|FWA,|FWA|ORD|IST|BEY|
BEY|GRB,|GRB|ORD|IST|BEY|
BEY|HPN,|HPN|ORD|IST|BEY|
BEY|LAN,|LAN|ORD|IST|BEY|
BEY|MBS,|MBS|ORD|IST|BEY|
BEY|MKG,|MKG|ORD|IST|BEY|
BEY|PAH,|PAH|ORD|IST|BEY|
BEY|SBN,|SBN|ORD|IST|BEY|
BEY|SPI,|SPI|ORD|IST|BEY|
BEY|SRQ,|SRQ|ORD|IST|BEY|
BEY|STC,|STC|ORD|IST|BEY|
BEY|TVC,|TVC|ORD|IST|BEY|
BEY|LMT,|LMT|PDX|SEA|FRA|IST|BEY|
BEY|HON,|HON|PIR|DEN|FRA|IST|BEY|
BEY|CIC,|CIC|SFO|MUC|IST|BEY|
BEY|MOD,|MOD|SFO|MUC|IST|BEY|
BEY|OTH,|OTH|SFO|MUC|IST|BEY|
BEY|RDD,|RDD|SFO|MUC|IST|BEY|
BEY|EIS,|EIS|SJU|EWR|BHX|IST|BEY|
BEY|DME,|DME|VIE|IST|BEY|
BEY|EVN,|EVN|VIE|IST|BEY|
BEY|HOU,|HOU|IND|YYZ|IST|BEY|
BEY|MDW,|MDW|DTW|FRA|IST|BEY|
BEY|OAK,|OAK|SEA|FRA|IST|BEY|
BEY|ECP,|ECP|BWI|EWR|BHX|IST|BEY|
BEY|ISP,|ISP|BWI|EWR|BHX|IST|BEY|
BEY|YHM,|YHM|YHZ|LHR|IST|BEY|
BEY|YXX,|YXX|YYC|FRA|IST|BEY|
BEY|YBR,|YBR|YYC|FRA|IST|BEY|
BEY|YKF,|YKF|YYC|FRA|IST|BEY|
BEY|GDN,|BEY|
BEY|TRD,|BEY|
BEY|NKC,|BEY|
BEY|PGA,|BEY|
