BGM|BRU,|BRU|IAD|BGM|
BGM|OUA,|OUA|BRU|IAD|BGM|
BGM|JED,|JED|FRA|IAD|BGM|
BGM|CPH,|CPH|YYZ|IAD|BGM|
BGM|YYZ,|YYZ|IAD|BGM|
BGM|DEN,|DEN|IAD|BGM|
BGM|YUL,|YUL|IAD|BGM|
BGM|NBO,|NBO|ZRH|IAD|BGM|
BGM|ICN,|ICN|JFK|IAD|BGM|
BGM|NRT,|NRT|IAD|BGM|
BGM|YHZ,|YHZ|LGA|IAD|BGM|
BGM|YOW,|YOW|IAD|BGM|
BGM|BJM,|BJM|BRU|IAD|BGM|
BGM|COO,|COO|BRU|IAD|BGM|
BGM|DKR,|DKR|IAD|BGM|
BGM|DLA,|DLA|BRU|IAD|BGM|
BGM|KGL,|KGL|BRU|IAD|BGM|
BGM|LAD,|LAD|BRU|IAD|BGM|
BGM|ABJ,|ABJ|BRU|IAD|BGM|
BGM|AMS,|AMS|IAD|BGM|
BGM|OSL,|OSL|EWR|IAD|BGM|
BGM|VNO,|VNO|CPH|YYZ|IAD|BGM|
BGM|WAW,|WAW|YYZ|IAD|BGM|
BGM|YYC,|YYC|ORD|IAD|BGM|
BGM|ATL,|ATL|IAD|BGM|
BGM|MSY,|MSY|IAD|BGM|
BGM|YEG,|YEG|ORD|IAD|BGM|
BGM|YMM,|YMM|YYZ|IAD|BGM|
BGM|YQR,|YQR|ORD|IAD|BGM|
BGM|YVR,|YVR|ORD|IAD|BGM|
BGM|YWG,|YWG|YYZ|IAD|BGM|
BGM|YXE,|YXE|ORD|IAD|BGM|
BGM|CKY,|CKY|DKR|IAD|BGM|
BGM|FIH,|FIH|DLA|BRU|IAD|BGM|
BGM|SCL,|SCL|YYZ|IAD|BGM|
BGM|LCA,|LCA|FRA|IAD|BGM|
BGM|NAP,|NAP|FRA|IAD|BGM|
BGM|VLC,|VLC|FRA|IAD|BGM|
BGM|BKK,|BKK|CGO|PEK|IAD|BGM|
BGM|ADD,|ADD|JED|FRA|IAD|BGM|
BGM|FRA,|FRA|IAD|BGM|
BGM|IST,|IST|IAD|BGM|
BGM|EBB,|EBB|KGL|BRU|IAD|BGM|
BGM|YLW,|YLW|YYC|ORD|IAD|BGM|
BGM|YYT,|YYT|YHZ|LGA|IAD|BGM|
BGM|GUA,|GUA|IAD|BGM|
BGM|EWR,|EWR|IAD|BGM|
BGM|IAD,|IAD|BGM|
BGM|IAH,|IAH|IAD|BGM|
BGM|ORD,|ORD|IAD|BGM|
BGM|SOF,|SOF|MUC|IAD|BGM|
BGM|YQB,|YQB|YUL|IAD|BGM|
BGM|YXU,|YXU|YYZ|IAD|BGM|
BGM|EZE,|EZE|GRU|IAD|BGM|
BGM|YYJ,|YYJ|YVR|ORD|IAD|BGM|
BGM|YYY,|YYY|YUL|IAD|BGM|
BGM|YQQ,|YQQ|YYC|ORD|IAD|BGM|
BGM|YYR,|YYR|YWK|YZV|YUL|IAD|BGM|
BGM|LHR,|LHR|IAD|BGM|
BGM|SFO,|SFO|IAD|BGM|
BGM|YQU,|YQU|YEG|ORD|IAD|BGM|
BGM|YZF,|YZF|YEG|ORD|IAD|BGM|
BGM|YGR,|YGR|YGP|YQB|YUL|IAD|BGM|
BGM|YGP,|YGP|YQB|YUL|IAD|BGM|
BGM|BOS,|BOS|IAD|BGM|
BGM|YDF,|YDF|YHZ|LGA|IAD|BGM|
BGM|YFC,|YFC|YUL|IAD|BGM|
BGM|YQM,|YQM|EWR|IAD|BGM|
BGM|YQX,|YQX|YHZ|LGA|IAD|BGM|
BGM|YQY,|YQY|YHZ|LGA|IAD|BGM|
BGM|YSJ,|YSJ|YUL|IAD|BGM|
BGM|YYG,|YYG|YHZ|LGA|IAD|BGM|
BGM|LAX,|LAX|IAD|BGM|
BGM|DCA,|DCA|EWR|IAD|BGM|
BGM|LGA,|LGA|IAD|BGM|
BGM|YZV,|YZV|YUL|IAD|BGM|
BGM|YWL,|YWL|YVR|ORD|IAD|BGM|
BGM|AZS,|AZS|YYZ|IAD|BGM|
BGM|BDL,|BDL|IAD|BGM|
BGM|CCC,|CCC|YYZ|IAD|BGM|
BGM|CDG,|CDG|IAD|BGM|
BGM|CUN,|CUN|IAD|BGM|
BGM|CZM,|CZM|IAH|IAD|BGM|
BGM|FDF,|FDF|YUL|IAD|BGM|
BGM|FLL,|FLL|IAD|BGM|
BGM|GVA,|GVA|IAD|BGM|
BGM|HOG,|HOG|YYZ|IAD|BGM|
BGM|LAS,|LAS|IAD|BGM|
BGM|MBJ,|MBJ|IAD|BGM|
BGM|MCO,|MCO|IAD|BGM|
BGM|MUC,|MUC|IAD|BGM|
BGM|PAP,|PAP|YUL|IAD|BGM|
BGM|PTP,|PTP|YUL|IAD|BGM|
BGM|PUJ,|PUJ|IAD|BGM|
BGM|SNU,|SNU|YYZ|IAD|BGM|
BGM|VRA,|VRA|YYZ|IAD|BGM|
BGM|YBC,|YBC|YUL|IAD|BGM|
BGM|YBG,|YBG|YUL|IAD|BGM|
BGM|YTZ,|YTZ|YUL|IAD|BGM|
BGM|YUY,|YUY|YUL|IAD|BGM|
BGM|YVO,|YVO|YUL|IAD|BGM|
BGM|ZBF,|ZBF|YUL|IAD|BGM|
BGM|ZRH,|ZRH|IAD|BGM|
BGM|ZSA,|ZSA|YUL|IAD|BGM|
BGM|AKL,|AKL|LAX|IAD|BGM|
BGM|HKG,|HKG|PEK|IAD|BGM|
BGM|HND,|HND|YVR|ORD|IAD|BGM|
BGM|HNL,|HNL|IAD|BGM|
BGM|MEX,|MEX|IAD|BGM|
BGM|OGG,|OGG|DEN|IAD|BGM|
BGM|PDX,|PDX|IAD|BGM|
BGM|PEK,|PEK|IAD|BGM|
BGM|PVG,|PVG|YYZ|IAD|BGM|
BGM|PVR,|PVR|IAH|IAD|BGM|
BGM|SEA,|SEA|IAD|BGM|
BGM|SYD,|SYD|LAX|IAD|BGM|
BGM|YBL,|YBL|YVR|ORD|IAD|BGM|
BGM|YCD,|YCD|YVR|ORD|IAD|BGM|
BGM|YCG,|YCG|YYC|ORD|IAD|BGM|
BGM|YKA,|YKA|YYC|ORD|IAD|BGM|
BGM|YPR,|YPR|YVR|ORD|IAD|BGM|
BGM|YQZ,|YQZ|YVR|ORD|IAD|BGM|
BGM|YXC,|YXC|YYC|ORD|IAD|BGM|
BGM|YXJ,|YXJ|YYC|ORD|IAD|BGM|
BGM|YXS,|YXS|YYC|ORD|IAD|BGM|
BGM|YXT,|YXT|YVR|ORD|IAD|BGM|
BGM|YXY,|YXY|YVR|ORD|IAD|BGM|
BGM|YYD,|YYD|YVR|ORD|IAD|BGM|
BGM|YYF,|YYF|YVR|ORD|IAD|BGM|
BGM|YZP,|YZP|YVR|ORD|IAD|BGM|
BGM|YQT,|YQT|YYZ|IAD|BGM|
BGM|SJD,|SJD|IAH|IAD|BGM|
BGM|YQF,|YQF|YYC|ORD|IAD|BGM|
BGM|YQL,|YQL|YYC|ORD|IAD|BGM|
BGM|YXH,|YXH|YYC|ORD|IAD|BGM|
BGM|YWK,|YWK|YZV|YUL|IAD|BGM|
BGM|ANU,|ANU|EWR|IAD|BGM|
BGM|AUA,|AUA|IAD|BGM|
BGM|AUH,|AUH|FRA|IAD|BGM|
BGM|BCN,|BCN|EWR|IAD|BGM|
BGM|BDA,|BDA|EWR|IAD|BGM|
BGM|BGI,|BGI|YYZ|IAD|BGM|
BGM|BNA,|BNA|IAD|BGM|
BGM|BOG,|BOG|IAD|BGM|
BGM|BWI,|BWI|ORF|IAD|BGM|
BGM|CLE,|CLE|IAD|BGM|
BGM|CLT,|CLT|IAD|BGM|
BGM|CMH,|CMH|IAD|BGM|
BGM|CVG,|CVG|IAD|BGM|
BGM|DFW,|DFW|IAD|BGM|
BGM|DTW,|DTW|IAD|BGM|
BGM|DUB,|DUB|IAD|BGM|
BGM|FCO,|FCO|IAD|BGM|
BGM|GCM,|GCM|IAD|BGM|
BGM|GGT,|GGT|FLL|IAD|BGM|
BGM|GND,|GND|YYZ|IAD|BGM|
BGM|GRU,|GRU|IAD|BGM|
BGM|HAV,|HAV|YYZ|IAD|BGM|
BGM|IND,|IND|IAD|BGM|
BGM|JFK,|JFK|IAD|BGM|
BGM|KIN,|KIN|YYZ|IAD|BGM|
BGM|LIM,|LIM|MIA|IAD|BGM|
BGM|LIR,|LIR|EWR|IAD|BGM|
BGM|MCI,|MCI|IAD|BGM|
BGM|MDT,|MDT|IAD|BGM|
BGM|MIA,|MIA|IAD|BGM|
BGM|MKE,|MKE|CLE|IAD|BGM|
BGM|MSP,|MSP|IAD|BGM|
BGM|NAS,|NAS|ATL|IAD|BGM|
BGM|PHL,|PHL|IAD|BGM|
BGM|PHX,|PHX|IAD|BGM|
BGM|PIT,|PIT|IAD|BGM|
BGM|PLS,|PLS|EWR|IAD|BGM|
BGM|POP,|POP|EWR|IAD|BGM|
BGM|RDU,|RDU|IAD|BGM|
BGM|ROC,|ROC|IAD|BGM|
BGM|RSW,|RSW|MCO|IAD|BGM|
BGM|SAN,|SAN|IAD|BGM|
BGM|SJO,|SJO|IAD|BGM|
BGM|STL,|STL|IAD|BGM|
BGM|SYR,|SYR|IAD|BGM|
BGM|TLV,|TLV|EWR|IAD|BGM|
BGM|TPA,|TPA|IAD|BGM|
BGM|UVF,|UVF|EWR|IAD|BGM|
BGM|VIE,|VIE|IAD|BGM|
BGM|YAM,|YAM|YYZ|IAD|BGM|
BGM|YGK,|YGK|YYZ|IAD|BGM|
BGM|YQG,|YQG|YYZ|IAD|BGM|
BGM|YSB,|YSB|YYZ|IAD|BGM|
BGM|YTS,|YTS|YYZ|IAD|BGM|
BGM|YYB,|YYB|YYZ|IAD|BGM|
BGM|YZR,|YZR|YYZ|IAD|BGM|
BGM|CAN,|CAN|PEK|IAD|BGM|
BGM|URC,|URC|TSE|FRA|IAD|BGM|
BGM|CTU,|CTU|PEK|IAD|BGM|
BGM|HGH,|HGH|PEK|IAD|BGM|
BGM|XMN,|XMN|PEK|IAD|BGM|
BGM|CGO,|CGO|PEK|IAD|BGM|
BGM|CSX,|CSX|PEK|IAD|BGM|
BGM|SHE,|SHE|PEK|IAD|BGM|
BGM|SJW,|SJW|DLC|PEK|IAD|BGM|
BGM|WUH,|WUH|PEK|IAD|BGM|
BGM|SZX,|SZX|PEK|IAD|BGM|
BGM|CKG,|CKG|PEK|IAD|BGM|
BGM|KMG,|KMG|PEK|IAD|BGM|
BGM|FOC,|FOC|PEK|IAD|BGM|
BGM|NNG,|NNG|PEK|IAD|BGM|
BGM|SWA,|SWA|PEK|IAD|BGM|
BGM|ACX,|ACX|CAN|PEK|IAD|BGM|
BGM|AQG,|AQG|CAN|PEK|IAD|BGM|
BGM|AVA,|AVA|CAN|PEK|IAD|BGM|
BGM|BFJ,|BFJ|CAN|PEK|IAD|BGM|
BGM|BHY,|BHY|CGO|PEK|IAD|BGM|
BGM|BNE,|BNE|CAN|PEK|IAD|BGM|
BGM|CGD,|CGD|PEK|IAD|BGM|
BGM|CGK,|CGK|CAN|PEK|IAD|BGM|
BGM|CGQ,|CGQ|PEK|IAD|BGM|
BGM|CIH,|CIH|PEK|IAD|BGM|
BGM|CNX,|CNX|CAN|PEK|IAD|BGM|
BGM|CZX,|CZX|SHE|PEK|IAD|BGM|
BGM|DAC,|DAC|IST|IAD|BGM|
BGM|DAD,|DAD|CAN|PEK|IAD|BGM|
BGM|DEL,|DEL|EWR|IAD|BGM|
BGM|DIG,|DIG|KMG|PEK|IAD|BGM|
BGM|DLC,|DLC|PEK|IAD|BGM|
BGM|DPS,|DPS|SZX|PEK|IAD|BGM|
BGM|DXB,|DXB|IAD|BGM|
BGM|DYG,|DYG|PEK|IAD|BGM|
BGM|FUG,|FUG|CAN|PEK|IAD|BGM|
BGM|FUK,|FUK|ICN|JFK|IAD|BGM|
BGM|HAK,|HAK|PEK|IAD|BGM|
BGM|HAN,|HAN|PEK|IAD|BGM|
BGM|HDG,|HDG|CAN|PEK|IAD|BGM|
BGM|HET,|HET|DLC|PEK|IAD|BGM|
BGM|HFE,|HFE|XIY|PEK|IAD|BGM|
BGM|HJJ,|HJJ|CSX|PEK|IAD|BGM|
BGM|HKT,|HKT|KWE|PEK|IAD|BGM|
BGM|HRB,|HRB|PEK|IAD|BGM|
BGM|HZH,|HZH|CAN|PEK|IAD|BGM|
BGM|JIU,|JIU|CAN|PEK|IAD|BGM|
BGM|JJN,|JJN|PEK|IAD|BGM|
BGM|JNG,|JNG|CAN|PEK|IAD|BGM|
BGM|KHN,|KHN|DLC|PEK|IAD|BGM|
BGM|KIX,|KIX|SFO|IAD|BGM|
BGM|KOW,|KOW|PEK|IAD|BGM|
BGM|KTM,|KTM|IST|IAD|BGM|
BGM|KUL,|KUL|CAN|PEK|IAD|BGM|
BGM|KWE,|KWE|PEK|IAD|BGM|
BGM|KWL,|KWL|PEK|IAD|BGM|
BGM|LHW,|LHW|CGO|PEK|IAD|BGM|
BGM|LYA,|LYA|KHN|DLC|PEK|IAD|BGM|
BGM|LYG,|LYG|HSN|PEK|IAD|BGM|
BGM|LZH,|LZH|CAN|PEK|IAD|BGM|
BGM|MEL,|MEL|SYD|LAX|IAD|BGM|
BGM|MIG,|MIG|CSX|PEK|IAD|BGM|
BGM|MLE,|MLE|IST|IAD|BGM|
BGM|MNL,|MNL|XMN|PEK|IAD|BGM|
BGM|MXZ,|MXZ|CAN|PEK|IAD|BGM|
BGM|NAO,|NAO|PEK|IAD|BGM|
BGM|NGB,|NGB|PEK|IAD|BGM|
BGM|NKG,|NKG|DLC|PEK|IAD|BGM|
BGM|NNY,|NNY|CGO|PEK|IAD|BGM|
BGM|PEN,|PEN|CAN|PEK|IAD|BGM|
BGM|PER,|PER|CAN|PEK|IAD|BGM|
BGM|PNH,|PNH|CAN|PEK|IAD|BGM|
BGM|REP,|REP|CAN|PEK|IAD|BGM|
BGM|RGN,|RGN|CAN|PEK|IAD|BGM|
BGM|SGN,|SGN|CAN|PEK|IAD|BGM|
BGM|SHA,|SHA|PEK|IAD|BGM|
BGM|SIN,|SIN|CAN|PEK|IAD|BGM|
BGM|SVO,|SVO|URC|TSE|FRA|IAD|BGM|
BGM|SYX,|SYX|PEK|IAD|BGM|
BGM|TAO,|TAO|DLC|PEK|IAD|BGM|
BGM|TEN,|TEN|PEK|IAD|BGM|
BGM|TNA,|TNA|DLC|PEK|IAD|BGM|
BGM|TPE,|TPE|PVG|YYZ|IAD|BGM|
BGM|TSN,|TSN|DLC|PEK|IAD|BGM|
BGM|TXN,|TXN|DLC|PEK|IAD|BGM|
BGM|TYN,|TYN|DAT|CIH|PEK|IAD|BGM|
BGM|WNZ,|WNZ|CGO|PEK|IAD|BGM|
BGM|WUX,|WUX|CAN|PEK|IAD|BGM|
BGM|XFN,|XFN|XMN|PEK|IAD|BGM|
BGM|XIY,|XIY|PEK|IAD|BGM|
BGM|XUZ,|XUZ|LYG|HSN|PEK|IAD|BGM|
BGM|YIH,|YIH|CKG|PEK|IAD|BGM|
BGM|YIW,|YIW|PEK|IAD|BGM|
BGM|YNT,|YNT|SHE|PEK|IAD|BGM|
BGM|YNZ,|YNZ|DLC|PEK|IAD|BGM|
BGM|YTY,|YTY|DLC|PEK|IAD|BGM|
BGM|ZHA,|ZHA|CAN|PEK|IAD|BGM|
BGM|ZYI,|ZYI|PEK|IAD|BGM|
BGM|BAV,|BAV|CGO|PEK|IAD|BGM|
BGM|CJU,|CJU|DLC|PEK|IAD|BGM|
BGM|DSN,|DSN|CGO|PEK|IAD|BGM|
BGM|HMI,|HMI|URC|TSE|FRA|IAD|BGM|
BGM|INC,|INC|PEK|IAD|BGM|
BGM|KHH,|KHH|CGO|PEK|IAD|BGM|
BGM|UYN,|UYN|CGO|PEK|IAD|BGM|
BGM|XNN,|XNN|PEK|IAD|BGM|
BGM|ZUH,|ZUH|PEK|IAD|BGM|
BGM|YNJ,|YNJ|ICN|JFK|IAD|BGM|
BGM|DAT,|DAT|CIH|PEK|IAD|BGM|
BGM|JHG,|JHG|CKG|PEK|IAD|BGM|
BGM|LJG,|LJG|CKG|PEK|IAD|BGM|
BGM|LXA,|LXA|XIY|PEK|IAD|BGM|
BGM|YCU,|YCU|CSX|PEK|IAD|BGM|
BGM|LZO,|LZO|CSX|PEK|IAD|BGM|
BGM|MDG,|MDG|ICN|JFK|IAD|BGM|
BGM|NGO,|NGO|ICN|JFK|IAD|BGM|
BGM|TOY,|TOY|DLC|PEK|IAD|BGM|
BGM|MFM,|MFM|XMN|PEK|IAD|BGM|
BGM|TGO,|TGO|HET|DLC|PEK|IAD|BGM|
BGM|XIL,|XIL|HET|DLC|PEK|IAD|BGM|
BGM|HEK,|HEK|HRB|PEK|IAD|BGM|
BGM|KIJ,|KIJ|HRB|PEK|IAD|BGM|
BGM|LDS,|LDS|HRB|PEK|IAD|BGM|
BGM|OHE,|OHE|HRB|PEK|IAD|BGM|
BGM|HSN,|HSN|PEK|IAD|BGM|
BGM|DLU,|DLU|KMG|PEK|IAD|BGM|
BGM|SYM,|SYM|KMG|PEK|IAD|BGM|
BGM|ZAT,|ZAT|KMG|PEK|IAD|BGM|
BGM|LUN,|LUN|NBO|ZRH|IAD|BGM|
BGM|AOG,|AOG|PEK|IAD|BGM|
BGM|GMP,|GMP|PEK|IAD|BGM|
BGM|ISB,|ISB|IST|IAD|BGM|
BGM|TAS,|TAS|IST|IAD|BGM|
BGM|WUS,|WUS|PEK|IAD|BGM|
BGM|JMU,|JMU|PVG|YYZ|IAD|BGM|
BGM|NDG,|NDG|PVG|YYZ|IAD|BGM|
BGM|JXA,|JXA|SHE|PEK|IAD|BGM|
BGM|PUS,|PUS|SHE|PEK|IAD|BGM|
BGM|BKI,|BKI|SZX|PEK|IAD|BGM|
BGM|AKU,|AKU|URC|TSE|FRA|IAD|BGM|
BGM|ALA,|ALA|TSE|FRA|IAD|BGM|
BGM|ASB,|ASB|GYD|FRA|IAD|BGM|
BGM|DNH,|DNH|URC|TSE|FRA|IAD|BGM|
BGM|DYU,|DYU|IST|IAD|BGM|
BGM|FRU,|FRU|IST|IAD|BGM|
BGM|GYD,|GYD|FRA|IAD|BGM|
BGM|HTN,|HTN|URC|TSE|FRA|IAD|BGM|
BGM|IKA,|IKA|SAW|FRA|IAD|BGM|
BGM|KCA,|KCA|URC|TSE|FRA|IAD|BGM|
BGM|KHG,|KHG|URC|TSE|FRA|IAD|BGM|
BGM|KRL,|KRL|URC|TSE|FRA|IAD|BGM|
BGM|KRY,|KRY|URC|TSE|FRA|IAD|BGM|
BGM|LBD,|LBD|URC|TSE|FRA|IAD|BGM|
BGM|NLT,|NLT|URC|TSE|FRA|IAD|BGM|
BGM|OSS,|OSS|IST|IAD|BGM|
BGM|OVB,|OVB|IST|IAD|BGM|
BGM|TBS,|TBS|SAW|FRA|IAD|BGM|
BGM|TCG,|TCG|URC|TSE|FRA|IAD|BGM|
BGM|TSE,|TSE|FRA|IAD|BGM|
BGM|YIN,|YIN|URC|TSE|FRA|IAD|BGM|
BGM|ENH,|ENH|WUH|PEK|IAD|BGM|
BGM|ENY,|ENY|XIY|PEK|IAD|BGM|
BGM|WXN,|WXN|XIY|PEK|IAD|BGM|
BGM|BLL,|BLL|IST|IAD|BGM|
BGM|ESB,|ESB|VIE|IAD|BGM|
BGM|SAW,|SAW|FRA|IAD|BGM|
BGM|HAM,|HAM|EWR|IAD|BGM|
BGM|HRE,|HRE|ADD|JED|FRA|IAD|BGM|
BGM|JUB,|JUB|CAI|JFK|IAD|BGM|
BGM|SSG,|SSG|DLA|BRU|IAD|BGM|
BGM|BGW,|BGW|ESB|VIE|IAD|BGM|
BGM|EBL,|EBL|IST|IAD|BGM|
BGM|VKO,|VKO|IST|IAD|BGM|
BGM|MCT,|MCT|IST|IAD|BGM|
BGM|AYT,|AYT|IST|IAD|BGM|
BGM|SCQ,|SCQ|BIO|IST|IAD|BGM|
BGM|AAL,|AAL|IST|IAD|BGM|
BGM|AOE,|AOE|BRU|IAD|BGM|
BGM|JNB,|JNB|DKR|IAD|BGM|
BGM|LBV,|LBV|DLA|BRU|IAD|BGM|
BGM|ADA,|ADA|SAW|FRA|IAD|BGM|
BGM|ADB,|ADB|HAM|EWR|IAD|BGM|
BGM|ADF,|ADF|ESB|VIE|IAD|BGM|
BGM|AJI,|AJI|ESB|VIE|IAD|BGM|
BGM|BAL,|BAL|ESB|VIE|IAD|BGM|
BGM|BJV,|BJV|IST|IAD|BGM|
BGM|CKZ,|CKZ|ESB|VIE|IAD|BGM|
BGM|DIY,|DIY|ESB|VIE|IAD|BGM|
BGM|ECN,|ECN|IST|IAD|BGM|
BGM|ERC,|ERC|ESB|VIE|IAD|BGM|
BGM|ERZ,|ERZ|ESB|VIE|IAD|BGM|
BGM|EZS,|EZS|ESB|VIE|IAD|BGM|
BGM|GNY,|GNY|ESB|VIE|IAD|BGM|
BGM|GZP,|GZP|ESB|VIE|IAD|BGM|
BGM|GZT,|GZT|ESB|VIE|IAD|BGM|
BGM|HTY,|HTY|SAW|FRA|IAD|BGM|
BGM|KCM,|KCM|ESB|VIE|IAD|BGM|
BGM|KSY,|KSY|ESB|VIE|IAD|BGM|
BGM|MLX,|MLX|ESB|VIE|IAD|BGM|
BGM|MQM,|MQM|ESB|VIE|IAD|BGM|
BGM|MSR,|MSR|ESB|VIE|IAD|BGM|
BGM|TEQ,|TEQ|ESB|VIE|IAD|BGM|
BGM|TZX,|TZX|ESB|VIE|IAD|BGM|
BGM|VAN,|VAN|ESB|VIE|IAD|BGM|
BGM|ULN,|ULN|FRU|IST|IAD|BGM|
BGM|HIJ,|HIJ|ICN|JFK|IAD|BGM|
BGM|VVO,|VVO|ICN|JFK|IAD|BGM|
BGM|ACC,|ACC|IST|IAD|BGM|
BGM|AER,|AER|IST|IAD|BGM|
BGM|AGP,|AGP|IST|IAD|BGM|
BGM|ALG,|ALG|IST|IAD|BGM|
BGM|AMM,|AMM|IST|IAD|BGM|
BGM|AQJ,|AQJ|IST|IAD|BGM|
BGM|ARN,|ARN|EWR|IAD|BGM|
BGM|ASR,|ASR|SAW|FRA|IAD|BGM|
BGM|ATH,|ATH|IST|IAD|BGM|
BGM|BAH,|BAH|KWI|IAD|BGM|
BGM|BEG,|BEG|IST|IAD|BGM|
BGM|BEN,|BEN|IST|IAD|BGM|
BGM|BEY,|BEY|IST|IAD|BGM|
BGM|BHX,|BHX|EWR|IAD|BGM|
BGM|BIO,|BIO|IST|IAD|BGM|
BGM|BLQ,|BLQ|IST|IAD|BGM|
BGM|BOM,|BOM|EWR|IAD|BGM|
BGM|BRE,|BRE|IST|IAD|BGM|
BGM|BSL,|BSL|IST|IAD|BGM|
BGM|BSR,|BSR|IST|IAD|BGM|
BGM|BUD,|BUD|IST|IAD|BGM|
BGM|BUS,|BUS|IST|IAD|BGM|
BGM|CAI,|CAI|JFK|IAD|BGM|
BGM|CGN,|CGN|IST|IAD|BGM|
BGM|CMN,|CMN|IST|IAD|BGM|
BGM|CND,|CND|IST|IAD|BGM|
BGM|DAR,|DAR|NBO|ZRH|IAD|BGM|
BGM|DLM,|DLM|IST|IAD|BGM|
BGM|DMM,|DMM|IST|IAD|BGM|
BGM|DNK,|DNK|IST|IAD|BGM|
BGM|DNZ,|DNZ|IST|IAD|BGM|
BGM|DOK,|DOK|IST|IAD|BGM|
BGM|DUS,|DUS|EWR|IAD|BGM|
BGM|EDI,|EDI|EWR|IAD|BGM|
BGM|ELQ,|ELQ|IST|IAD|BGM|
BGM|FDH,|FDH|IST|IAD|BGM|
BGM|GOA,|GOA|IST|IAD|BGM|
BGM|GOT,|GOT|BRU|IAD|BGM|
BGM|HAJ,|HAJ|BRU|IAD|BGM|
BGM|HBE,|HBE|IST|IAD|BGM|
BGM|HEL,|HEL|IST|IAD|BGM|
BGM|HRG,|HRG|IST|IAD|BGM|
BGM|IFN,|IFN|IST|IAD|BGM|
BGM|ISE,|ISE|IST|IAD|BGM|
BGM|ISU,|ISU|IST|IAD|BGM|
BGM|JIB,|JIB|IST|IAD|BGM|
BGM|JRO,|JRO|IST|IAD|BGM|
BGM|KAN,|KAN|IST|IAD|BGM|
BGM|KBL,|KBL|IST|IAD|BGM|
BGM|KBP,|KBP|IST|IAD|BGM|
BGM|KFS,|KFS|IST|IAD|BGM|
BGM|KHI,|KHI|IST|IAD|BGM|
BGM|KIV,|KIV|IST|IAD|BGM|
BGM|KRT,|KRT|IST|IAD|BGM|
BGM|KSH,|KSH|IST|IAD|BGM|
BGM|KVD,|KVD|IST|IAD|BGM|
BGM|KWI,|KWI|IAD|BGM|
BGM|KYA,|KYA|IST|IAD|BGM|
BGM|KZN,|KZN|IST|IAD|BGM|
BGM|KZR,|KZR|IST|IAD|BGM|
BGM|LED,|LED|VIE|IAD|BGM|
BGM|LEJ,|LEJ|IST|IAD|BGM|
BGM|LGW,|LGW|IST|IAD|BGM|
BGM|LHE,|LHE|IST|IAD|BGM|
BGM|LIS,|LIS|EWR|IAD|BGM|
BGM|LJU,|LJU|IST|IAD|BGM|
BGM|LOS,|LOS|FRA|IAD|BGM|
BGM|LUX,|LUX|IST|IAD|BGM|
BGM|LWO,|LWO|IST|IAD|BGM|
BGM|LYS,|LYS|IST|IAD|BGM|
BGM|MAD,|MAD|EWR|IAD|BGM|
BGM|MAN,|MAN|IAD|BGM|
BGM|MED,|MED|IST|IAD|BGM|
BGM|MHD,|MHD|IST|IAD|BGM|
BGM|MLA,|MLA|IST|IAD|BGM|
BGM|MRS,|MRS|IST|IAD|BGM|
BGM|MSQ,|MSQ|IST|IAD|BGM|
BGM|MXP,|MXP|EWR|IAD|BGM|
BGM|MZH,|MZH|IST|IAD|BGM|
BGM|MZR,|MZR|IST|IAD|BGM|
BGM|NAJ,|NAJ|IST|IAD|BGM|
BGM|NAV,|NAV|IST|IAD|BGM|
BGM|NCE,|NCE|IST|IAD|BGM|
BGM|NIM,|NIM|IST|IAD|BGM|
BGM|NJF,|NJF|IST|IAD|BGM|
BGM|NSI,|NSI|BRU|IAD|BGM|
BGM|NUE,|NUE|IST|IAD|BGM|
BGM|ODS,|ODS|IST|IAD|BGM|
BGM|ORN,|ORN|IST|IAD|BGM|
BGM|OTP,|OTP|IST|IAD|BGM|
BGM|PRG,|PRG|BRU|IAD|BGM|
BGM|PRN,|PRN|IST|IAD|BGM|
BGM|RIX,|RIX|IST|IAD|BGM|
BGM|ROV,|ROV|IST|IAD|BGM|
BGM|RTM,|RTM|IST|IAD|BGM|
BGM|RUH,|RUH|IST|IAD|BGM|
BGM|SAH,|SAH|IST|IAD|BGM|
BGM|SJJ,|SJJ|IST|IAD|BGM|
BGM|SKG,|SKG|IST|IAD|BGM|
BGM|SKP,|SKP|IST|IAD|BGM|
BGM|SSH,|SSH|IST|IAD|BGM|
BGM|STR,|STR|EWR|IAD|BGM|
BGM|SVX,|SVX|IST|IAD|BGM|
BGM|SYZ,|SYZ|IST|IAD|BGM|
BGM|SZG,|SZG|IST|IAD|BGM|
BGM|TBZ,|TBZ|IST|IAD|BGM|
BGM|TGD,|TGD|IST|IAD|BGM|
BGM|TIA,|TIA|IST|IAD|BGM|
BGM|TIF,|TIF|IST|IAD|BGM|
BGM|TIP,|TIP|IST|IAD|BGM|
BGM|TLL,|TLL|VNO|CPH|YYZ|IAD|BGM|
BGM|TLS,|TLS|IST|IAD|BGM|
BGM|TRN,|TRN|IST|IAD|BGM|
BGM|TUN,|TUN|IST|IAD|BGM|
BGM|TXL,|TXL|EWR|IAD|BGM|
BGM|UFA,|UFA|IST|IAD|BGM|
BGM|VAS,|VAS|SAW|FRA|IAD|BGM|
BGM|VCE,|VCE|IST|IAD|BGM|
BGM|YNB,|YNB|IST|IAD|BGM|
BGM|ZAG,|ZAG|IST|IAD|BGM|
BGM|MGQ,|MGQ|JIB|IST|IAD|BGM|
BGM|CPT,|CPT|JNB|DKR|IAD|BGM|
BGM|MBA,|MBA|JRO|IST|IAD|BGM|
BGM|NDJ,|NDJ|KAN|IST|IAD|BGM|
BGM|CMB,|CMB|MLE|IST|IAD|BGM|
BGM|ADE,|ADE|SAH|IST|IAD|BGM|
BGM|ASF,|ASF|SAW|FRA|IAD|BGM|
BGM|STW,|STW|SAW|FRA|IAD|BGM|
BGM|LFW,|LFW|ABJ|BRU|IAD|BGM|
BGM|CEC,|CEC|ACV|SMF|IAD|BGM|
BGM|SMF,|SMF|IAD|BGM|
BGM|CDR,|CDR|AIA|DEN|IAD|BGM|
BGM|FMN,|FMN|DEN|IAD|BGM|
BGM|JST,|JST|IAD|BGM|
BGM|JHW,|JHW|CLE|IAD|BGM|
BGM|SHD,|SHD|IAD|BGM|
BGM|PTY,|PTY|IAD|BGM|
BGM|FNA,|FNA|BRU|IAD|BGM|
BGM|SXB,|SXB|BRU|IAD|BGM|
BGM|ACV,|ACV|SMF|IAD|BGM|
BGM|MGW,|MGW|IAD|BGM|
BGM|ALB,|ALB|IAD|BGM|
BGM|AUS,|AUS|IAD|BGM|
BGM|BFD,|BFD|CLE|IAD|BGM|
BGM|BUF,|BUF|IAD|BGM|
BGM|CHS,|CHS|IAD|BGM|
BGM|DAY,|DAY|IAD|BGM|
BGM|DUJ,|DUJ|CLE|IAD|BGM|
BGM|ERI,|ERI|CLE|IAD|BGM|
BGM|FKL,|FKL|CLE|IAD|BGM|
BGM|FNT,|FNT|CLE|IAD|BGM|
BGM|GRR,|GRR|IAD|BGM|
BGM|GSP,|GSP|IAD|BGM|
BGM|PBI,|PBI|TPA|IAD|BGM|
BGM|PKB,|PKB|CLE|IAD|BGM|
BGM|RIC,|RIC|IAD|BGM|
BGM|SDF,|SDF|IAD|BGM|
BGM|GUM,|GUM|NRT|IAD|BGM|
BGM|WRL,|WRL|CYS|DEN|IAD|BGM|
BGM|LBL,|BGM|
BGM|ABQ,|ABQ|MCI|IAD|BGM|
BGM|AIA,|AIA|DEN|IAD|BGM|
BGM|ALS,|ALS|DEN|IAD|BGM|
BGM|AMA,|AMA|DAL|STL|IAD|BGM|
BGM|ANC,|ANC|ORD|IAD|BGM|
BGM|ASE,|ASE|DEN|IAD|BGM|
BGM|BFL,|BFL|DEN|IAD|BGM|
BGM|BHM,|BHM|BWI|ORF|IAD|BGM|
BGM|BIL,|BIL|DEN|IAD|BGM|
BGM|BIS,|BIS|DEN|IAD|BGM|
BGM|BOI,|BOI|ORD|IAD|BGM|
BGM|BUR,|BUR|LAS|IAD|BGM|
BGM|BZN,|BZN|ORD|IAD|BGM|
BGM|CID,|CID|ORD|IAD|BGM|
BGM|COD,|COD|DEN|IAD|BGM|
BGM|COS,|COS|IAD|BGM|
BGM|CPR,|CPR|DEN|IAD|BGM|
BGM|CYS,|CYS|DEN|IAD|BGM|
BGM|DIK,|DIK|DEN|IAD|BGM|
BGM|DRO,|DRO|DEN|IAD|BGM|
BGM|DSM,|DSM|MDW|IAD|BGM|
BGM|EGE,|EGE|DEN|IAD|BGM|
BGM|ELP,|ELP|DAL|STL|IAD|BGM|
BGM|EUG,|EUG|PDX|IAD|BGM|
BGM|FAR,|FAR|ORD|IAD|BGM|
BGM|FAT,|FAT|DEN|IAD|BGM|
BGM|FCA,|FCA|DEN|IAD|BGM|
BGM|FSD,|FSD|ORD|IAD|BGM|
BGM|GCC,|GCC|DEN|IAD|BGM|
BGM|GEG,|GEG|DEN|IAD|BGM|
BGM|GJT,|GJT|DEN|IAD|BGM|
BGM|GTF,|GTF|DEN|IAD|BGM|
BGM|GUC,|GUC|DEN|IAD|BGM|
BGM|HDN,|HDN|DEN|IAD|BGM|
BGM|HLN,|HLN|DEN|IAD|BGM|
BGM|HSV,|HSV|IAD|BGM|
BGM|ICT,|ICT|MDW|IAD|BGM|
BGM|IDA,|IDA|DEN|IAD|BGM|
BGM|ISN,|ISN|DEN|IAD|BGM|
BGM|JAC,|JAC|DEN|IAD|BGM|
BGM|KOA,|KOA|DEN|IAD|BGM|
BGM|LAR,|LAR|DEN|IAD|BGM|
BGM|LBB,|LBB|DAL|STL|IAD|BGM|
BGM|LIH,|LIH|SFO|IAD|BGM|
BGM|LIT,|LIT|MDW|IAD|BGM|
BGM|LNK,|LNK|ORD|IAD|BGM|
BGM|MAF,|MAF|DAL|STL|IAD|BGM|
BGM|MEM,|MEM|MDW|IAD|BGM|
BGM|MFR,|MFR|DEN|IAD|BGM|
BGM|MLI,|MLI|ORD|IAD|BGM|
BGM|MOT,|MOT|DEN|IAD|BGM|
BGM|MRY,|MRY|DEN|IAD|BGM|
BGM|MSN,|MSN|ORD|IAD|BGM|
BGM|MSO,|MSO|DEN|IAD|BGM|
BGM|MTJ,|MTJ|DEN|IAD|BGM|
BGM|OKC,|OKC|IAD|BGM|
BGM|OMA,|OMA|IAD|BGM|
BGM|ONT,|ONT|LAS|IAD|BGM|
BGM|PIA,|PIA|ORD|IAD|BGM|
BGM|PIR,|PIR|DEN|IAD|BGM|
BGM|PSC,|PSC|DEN|IAD|BGM|
BGM|PSP,|PSP|DEN|IAD|BGM|
BGM|PUB,|PUB|DEN|IAD|BGM|
BGM|RAP,|RAP|ORD|IAD|BGM|
BGM|RDM,|RDM|DEN|IAD|BGM|
BGM|RKS,|RKS|DEN|IAD|BGM|
BGM|RNO,|RNO|DEN|IAD|BGM|
BGM|SAF,|SAF|DEN|IAD|BGM|
BGM|SAT,|SAT|IAD|BGM|
BGM|SBA,|SBA|DEN|IAD|BGM|
BGM|SGF,|SGF|ORD|IAD|BGM|
BGM|SGU,|SGU|DEN|IAD|BGM|
BGM|SHV,|SHV|IAH|IAD|BGM|
BGM|SJC,|SJC|DEN|IAD|BGM|
BGM|SLC,|SLC|MDW|IAD|BGM|
BGM|SNA,|SNA|LAS|IAD|BGM|
BGM|TUL,|TUL|IAD|BGM|
BGM|TUS,|TUS|MDW|IAD|BGM|
BGM|TYS,|TYS|IAD|BGM|
BGM|XNA,|XNA|ORD|IAD|BGM|
BGM|SAL,|SAL|MIA|IAD|BGM|
BGM|BJL,|BJL|DKR|IAD|BGM|
BGM|BFS,|BFS|EWR|IAD|BGM|
BGM|BON,|BON|EWR|IAD|BGM|
BGM|BQN,|BQN|EWR|IAD|BGM|
BGM|BTV,|BTV|IAD|BGM|
BGM|BZE,|BZE|EWR|IAD|BGM|
BGM|GLA,|GLA|EWR|IAD|BGM|
BGM|GSO,|GSO|IAD|BGM|
BGM|ITH,|ITH|EWR|IAD|BGM|
BGM|JAX,|JAX|IAD|BGM|
BGM|MHT,|MHT|EWR|IAD|BGM|
BGM|MYR,|MYR|EWR|IAD|BGM|
BGM|ORF,|ORF|IAD|BGM|
BGM|POS,|POS|EWR|IAD|BGM|
BGM|PVD,|PVD|IAD|BGM|
BGM|PWM,|PWM|IAD|BGM|
BGM|SAP,|SAP|MIA|IAD|BGM|
BGM|SAV,|SAV|IAD|BGM|
BGM|SDQ,|SDQ|EWR|IAD|BGM|
BGM|SJU,|SJU|IAD|BGM|
BGM|SNN,|SNN|EWR|IAD|BGM|
BGM|STT,|STT|IAD|BGM|
BGM|SXM,|SXM|IAD|BGM|
BGM|BIM,|BIM|FLL|IAD|BGM|
BGM|ELH,|ELH|FLL|IAD|BGM|
BGM|EYW,|EYW|MCO|IAD|BGM|
BGM|FPO,|FPO|FLL|IAD|BGM|
BGM|GHB,|GHB|FLL|IAD|BGM|
BGM|MHH,|MHH|JAX|IAD|BGM|
BGM|TCB,|TCB|FLL|IAD|BGM|
BGM|SOW,|SOW|FMN|DEN|IAD|BGM|
BGM|ROB,|ROB|FNA|BRU|IAD|BGM|
BGM|GIG,|GIG|GRU|IAD|BGM|
BGM|CNS,|CNS|GUM|NRT|IAD|BGM|
BGM|CTS,|CTS|GUM|NRT|IAD|BGM|
BGM|OKJ,|OKJ|GUM|NRT|IAD|BGM|
BGM|ROP,|ROP|GUM|NRT|IAD|BGM|
BGM|ROR,|ROR|GUM|NRT|IAD|BGM|
BGM|SDJ,|SDJ|GUM|NRT|IAD|BGM|
BGM|SPN,|SPN|GUM|NRT|IAD|BGM|
BGM|TKK,|TKK|PNI|KWA|MAJ|HNL|IAD|BGM|
BGM|YAP,|YAP|GUM|NRT|IAD|BGM|
BGM|MAJ,|MAJ|HNL|IAD|BGM|
BGM|AOO,|AOO|IAD|BGM|
BGM|BKW,|BKW|IAD|BGM|
BGM|CAE,|CAE|IAD|BGM|
BGM|CHO,|CHO|IAD|BGM|
BGM|CRW,|CRW|IAD|BGM|
BGM|FAY,|FAY|IAD|BGM|
BGM|LWB,|LWB|IAD|BGM|
BGM|ROA,|ROA|IAD|BGM|
BGM|SCE,|SCE|IAD|BGM|
BGM|ACA,|ACA|IAH|IAD|BGM|
BGM|ACY,|ACY|ORD|IAD|BGM|
BGM|AEX,|AEX|IAH|IAD|BGM|
BGM|AGU,|AGU|IAH|IAD|BGM|
BGM|BJX,|BJX|IAH|IAD|BGM|
BGM|BRO,|BRO|IAH|IAD|BGM|
BGM|BTR,|BTR|IAH|IAD|BGM|
BGM|CCS,|CCS|IAH|IAD|BGM|
BGM|CLL,|CLL|IAH|IAD|BGM|
BGM|CME,|CME|IAH|IAD|BGM|
BGM|CRP,|CRP|IAH|IAD|BGM|
BGM|CUU,|CUU|IAH|IAD|BGM|
BGM|DAL,|DAL|STL|IAD|BGM|
BGM|DGO,|DGO|IAH|IAD|BGM|
BGM|GDL,|GDL|IAH|IAD|BGM|
BGM|GPT,|GPT|IAH|IAD|BGM|
BGM|GRK,|GRK|IAH|IAD|BGM|
BGM|HOB,|HOB|IAH|IAD|BGM|
BGM|HRL,|HRL|IAH|IAD|BGM|
BGM|HUX,|HUX|IAH|IAD|BGM|
BGM|JAN,|JAN|MDW|IAD|BGM|
BGM|LCH,|LCH|IAH|IAD|BGM|
BGM|LEX,|LEX|ORD|IAD|BGM|
BGM|LFT,|LFT|IAH|IAD|BGM|
BGM|LRD,|LRD|IAH|IAD|BGM|
BGM|MFE,|MFE|IAH|IAD|BGM|
BGM|MGA,|MGA|IAH|IAD|BGM|
BGM|MID,|MID|IAH|IAD|BGM|
BGM|MLM,|MLM|IAH|IAD|BGM|
BGM|MLU,|MLU|IAH|IAD|BGM|
BGM|MOB,|MOB|ORD|IAD|BGM|
BGM|MTY,|MTY|IAH|IAD|BGM|
BGM|OAX,|OAX|IAH|IAD|BGM|
BGM|PBC,|PBC|IAH|IAD|BGM|
BGM|PNS,|PNS|BNA|IAD|BGM|
BGM|QRO,|QRO|IAH|IAD|BGM|
BGM|RTB,|RTB|IAH|IAD|BGM|
BGM|SLP,|SLP|IAH|IAD|BGM|
BGM|SLW,|SLW|IAH|IAD|BGM|
BGM|TAM,|TAM|IAH|IAD|BGM|
BGM|TGU,|TGU|IAH|IAD|BGM|
BGM|TRC,|TRC|IAH|IAD|BGM|
BGM|TYR,|TYR|IAH|IAD|BGM|
BGM|UIO,|UIO|IAH|IAD|BGM|
BGM|VER,|VER|IAH|IAD|BGM|
BGM|VPS,|VPS|IAH|IAD|BGM|
BGM|VSA,|VSA|IAH|IAD|BGM|
BGM|ZIH,|ZIH|IAH|IAD|BGM|
BGM|ZLO,|ZLO|IAH|IAD|BGM|
BGM|KWA,|KWA|MAJ|HNL|IAD|BGM|
BGM|PNI,|PNI|KWA|MAJ|HNL|IAD|BGM|
BGM|KSA,|KSA|KWA|MAJ|HNL|IAD|BGM|
BGM|CLD,|CLD|LAX|IAD|BGM|
BGM|ITO,|ITO|LAX|IAD|BGM|
BGM|SBP,|SBP|LAX|IAD|BGM|
BGM|SMX,|SMX|LAX|IAD|BGM|
BGM|YUM,|YUM|LAX|IAD|BGM|
BGM|DDC,|BGM|
BGM|TMS,|TMS|LIS|EWR|IAD|BGM|
BGM|PHC,|PHC|LOS|FRA|IAD|BGM|
BGM|GNV,|GNV|MCO|IAD|BGM|
BGM|TLH,|TLH|MCO|IAD|BGM|
BGM|CKB,|CKB|MGW|IAD|BGM|
BGM|BAQ,|BAQ|MIA|IAD|BGM|
BGM|CLO,|CLO|MIA|IAD|BGM|
BGM|CTG,|CTG|MIA|IAD|BGM|
BGM|MDE,|MDE|MIA|IAD|BGM|
BGM|ABE,|ABE|ORD|IAD|BGM|
BGM|ATW,|ATW|ORD|IAD|BGM|
BGM|AVL,|AVL|ORD|IAD|BGM|
BGM|AVP,|AVP|ORD|IAD|BGM|
BGM|CAK,|CAK|LGA|IAD|BGM|
BGM|CMX,|CMX|ORD|IAD|BGM|
BGM|CWA,|CWA|ORD|IAD|BGM|
BGM|DLH,|DLH|ORD|IAD|BGM|
BGM|EAU,|EAU|ORD|IAD|BGM|
BGM|ELM,|ELM|ORD|IAD|BGM|
BGM|FOE,|FOE|ORD|IAD|BGM|
BGM|FWA,|FWA|ORD|IAD|BGM|
BGM|GRB,|GRB|ORD|IAD|BGM|
BGM|HPN,|HPN|ORD|IAD|BGM|
BGM|LAN,|LAN|ORD|IAD|BGM|
BGM|MBS,|MBS|ORD|IAD|BGM|
BGM|MKG,|MKG|ORD|IAD|BGM|
BGM|PAH,|PAH|ORD|IAD|BGM|
BGM|SBN,|SBN|ORD|IAD|BGM|
BGM|SPI,|SPI|ORD|IAD|BGM|
BGM|SRQ,|SRQ|ORD|IAD|BGM|
BGM|STC,|STC|ORD|IAD|BGM|
BGM|TVC,|TVC|ORD|IAD|BGM|
BGM|LMT,|LMT|PDX|IAD|BGM|
BGM|HON,|HON|PIR|DEN|IAD|BGM|
BGM|CIC,|CIC|SFO|IAD|BGM|
BGM|MOD,|MOD|SFO|IAD|BGM|
BGM|OTH,|OTH|SFO|IAD|BGM|
BGM|RDD,|RDD|SFO|IAD|BGM|
BGM|EIS,|EIS|SJU|IAD|BGM|
BGM|DME,|DME|VIE|IAD|BGM|
BGM|EVN,|EVN|VIE|IAD|BGM|
BGM|HOU,|HOU|BNA|IAD|BGM|
BGM|MDW,|MDW|IAD|BGM|
BGM|OAK,|OAK|DEN|IAD|BGM|
BGM|ECP,|ECP|BNA|IAD|BGM|
BGM|ISP,|ISP|BWI|ORF|IAD|BGM|
BGM|YHM,|YHM|YQM|EWR|IAD|BGM|
BGM|YXX,|YXX|YYC|ORD|IAD|BGM|
BGM|YBR,|YBR|YYC|ORD|IAD|BGM|
BGM|YKF,|YKF|YYC|ORD|IAD|BGM|
BGM|GDN,|BGM|
BGM|TRD,|BGM|
BGM|NKC,|BGM|
BGM|PGA,|BGM|
