CLL|BRU,|BRU|YUL|IAH|CLL|
CLL|OUA,|OUA|BRU|YUL|IAH|CLL|
CLL|JED,|JED|FRA|IAH|CLL|
CLL|CPH,|CPH|YYZ|IAH|CLL|
CLL|YYZ,|YYZ|IAH|CLL|
CLL|DEN,|DEN|IAH|CLL|
CLL|YUL,|YUL|IAH|CLL|
CLL|NBO,|NBO|ZRH|YUL|IAH|CLL|
CLL|ICN,|ICN|YVR|IAH|CLL|
CLL|NRT,|NRT|IAH|CLL|
CLL|YHZ,|YHZ|BOS|IAH|CLL|
CLL|YOW,|YOW|YYZ|IAH|CLL|
CLL|BJM,|BJM|BRU|YUL|IAH|CLL|
CLL|COO,|COO|BRU|YUL|IAH|CLL|
CLL|DKR,|DKR|IAD|IAH|CLL|
CLL|DLA,|DLA|BRU|YUL|IAH|CLL|
CLL|KGL,|KGL|BRU|YUL|IAH|CLL|
CLL|LAD,|LAD|BRU|YUL|IAH|CLL|
CLL|ABJ,|ABJ|BRU|YUL|IAH|CLL|
CLL|AMS,|AMS|IAH|CLL|
CLL|OSL,|OSL|EWR|IAH|CLL|
CLL|VNO,|VNO|CPH|YYZ|IAH|CLL|
CLL|WAW,|WAW|YYZ|IAH|CLL|
CLL|YYC,|YYC|IAH|CLL|
CLL|ATL,|ATL|IAH|CLL|
CLL|MSY,|MSY|IAH|CLL|
CLL|YEG,|YEG|IAH|CLL|
CLL|YMM,|YMM|DEN|IAH|CLL|
CLL|YQR,|YQR|DEN|IAH|CLL|
CLL|YVR,|YVR|IAH|CLL|
CLL|YWG,|YWG|ORD|IAH|CLL|
CLL|YXE,|YXE|DEN|IAH|CLL|
CLL|CKY,|CKY|DKR|IAD|IAH|CLL|
CLL|FIH,|FIH|DLA|BRU|YUL|IAH|CLL|
CLL|SCL,|SCL|EZE|IAH|CLL|
CLL|LCA,|LCA|FRA|IAH|CLL|
CLL|NAP,|NAP|FRA|IAH|CLL|
CLL|VLC,|VLC|FRA|IAH|CLL|
CLL|BKK,|BKK|CGO|PEK|IAH|CLL|
CLL|ADD,|ADD|JED|FRA|IAH|CLL|
CLL|FRA,|FRA|IAH|CLL|
CLL|IST,|IST|IAH|CLL|
CLL|EBB,|EBB|KGL|BRU|YUL|IAH|CLL|
CLL|YLW,|YLW|YYC|IAH|CLL|
CLL|YYT,|YYT|YHZ|BOS|IAH|CLL|
CLL|GUA,|GUA|IAH|CLL|
CLL|EWR,|EWR|IAH|CLL|
CLL|IAD,|IAD|IAH|CLL|
CLL|IAH,|IAH|CLL|
CLL|ORD,|ORD|IAH|CLL|
CLL|SOF,|SOF|MUC|IAH|CLL|
CLL|YQB,|YQB|YUL|IAH|CLL|
CLL|YXU,|YXU|ORD|IAH|CLL|
CLL|EZE,|EZE|IAH|CLL|
CLL|YYJ,|YYJ|YVR|IAH|CLL|
CLL|YYY,|YYY|YUL|IAH|CLL|
CLL|YQQ,|YQQ|YBL|YVR|IAH|CLL|
CLL|YYR,|YYR|YWK|YZV|YUL|IAH|CLL|
CLL|LHR,|LHR|IAH|CLL|
CLL|SFO,|SFO|IAH|CLL|
CLL|YQU,|YQU|YYC|IAH|CLL|
CLL|YZF,|YZF|YEG|IAH|CLL|
CLL|YGR,|YGR|YGP|YQB|YUL|IAH|CLL|
CLL|YGP,|YGP|YQB|YUL|IAH|CLL|
CLL|BOS,|BOS|IAH|CLL|
CLL|YDF,|YDF|YYZ|IAH|CLL|
CLL|YFC,|YFC|YUL|IAH|CLL|
CLL|YQM,|YQM|EWR|IAH|CLL|
CLL|YQX,|YQX|YHZ|BOS|IAH|CLL|
CLL|YQY,|YQY|YHZ|BOS|IAH|CLL|
CLL|YSJ,|YSJ|YUL|IAH|CLL|
CLL|YYG,|YYG|YUL|IAH|CLL|
CLL|LAX,|LAX|IAH|CLL|
CLL|DCA,|DCA|IAH|CLL|
CLL|LGA,|LGA|IAH|CLL|
CLL|YZV,|YZV|YUL|IAH|CLL|
CLL|YWL,|YWL|YVR|IAH|CLL|
CLL|AZS,|AZS|YYZ|IAH|CLL|
CLL|BDL,|BDL|IAD|IAH|CLL|
CLL|CCC,|CCC|YYZ|IAH|CLL|
CLL|CDG,|CDG|YUL|IAH|CLL|
CLL|CUN,|CUN|IAH|CLL|
CLL|CZM,|CZM|IAH|CLL|
CLL|FDF,|FDF|YUL|IAH|CLL|
CLL|FLL,|FLL|IAH|CLL|
CLL|GVA,|GVA|YUL|IAH|CLL|
CLL|HOG,|HOG|YYZ|IAH|CLL|
CLL|LAS,|LAS|IAH|CLL|
CLL|MBJ,|MBJ|IAH|CLL|
CLL|MCO,|MCO|IAH|CLL|
CLL|MUC,|MUC|IAH|CLL|
CLL|PAP,|PAP|YUL|IAH|CLL|
CLL|PTP,|PTP|YUL|IAH|CLL|
CLL|PUJ,|PUJ|ATL|IAH|CLL|
CLL|SNU,|SNU|YYZ|IAH|CLL|
CLL|VRA,|VRA|YYZ|IAH|CLL|
CLL|YBC,|YBC|YUL|IAH|CLL|
CLL|YBG,|YBG|YUL|IAH|CLL|
CLL|YTZ,|YTZ|YUL|IAH|CLL|
CLL|YUY,|YUY|YUL|IAH|CLL|
CLL|YVO,|YVO|YUL|IAH|CLL|
CLL|ZBF,|ZBF|YUL|IAH|CLL|
CLL|ZRH,|ZRH|YUL|IAH|CLL|
CLL|ZSA,|ZSA|YUL|IAH|CLL|
CLL|AKL,|AKL|LAX|IAH|CLL|
CLL|HKG,|HKG|YVR|IAH|CLL|
CLL|HND,|HND|YVR|IAH|CLL|
CLL|HNL,|HNL|IAH|CLL|
CLL|MEX,|MEX|IAH|CLL|
CLL|OGG,|OGG|LAX|IAH|CLL|
CLL|PDX,|PDX|IAH|CLL|
CLL|PEK,|PEK|IAH|CLL|
CLL|PVG,|PVG|YVR|IAH|CLL|
CLL|PVR,|PVR|IAH|CLL|
CLL|SEA,|SEA|IAH|CLL|
CLL|SYD,|SYD|LAX|IAH|CLL|
CLL|YBL,|YBL|YVR|IAH|CLL|
CLL|YCD,|YCD|YVR|IAH|CLL|
CLL|YCG,|YCG|YYC|IAH|CLL|
CLL|YKA,|YKA|YYC|IAH|CLL|
CLL|YPR,|YPR|YVR|IAH|CLL|
CLL|YQZ,|YQZ|YVR|IAH|CLL|
CLL|YXC,|YXC|YYC|IAH|CLL|
CLL|YXJ,|YXJ|YYC|IAH|CLL|
CLL|YXS,|YXS|YYC|IAH|CLL|
CLL|YXT,|YXT|YVR|IAH|CLL|
CLL|YXY,|YXY|YVR|IAH|CLL|
CLL|YYD,|YYD|YVR|IAH|CLL|
CLL|YYF,|YYF|YVR|IAH|CLL|
CLL|YZP,|YZP|YVR|IAH|CLL|
CLL|YQT,|YQT|YYZ|IAH|CLL|
CLL|SJD,|SJD|IAH|CLL|
CLL|YQF,|YQF|YYC|IAH|CLL|
CLL|YQL,|YQL|YYC|IAH|CLL|
CLL|YXH,|YXH|YYC|IAH|CLL|
CLL|YWK,|YWK|YZV|YUL|IAH|CLL|
CLL|ANU,|ANU|EWR|IAH|CLL|
CLL|AUA,|AUA|ATL|IAH|CLL|
CLL|AUH,|AUH|YYZ|IAH|CLL|
CLL|BCN,|BCN|EWR|IAH|CLL|
CLL|BDA,|BDA|EWR|IAH|CLL|
CLL|BGI,|BGI|YYZ|IAH|CLL|
CLL|BNA,|BNA|IAH|CLL|
CLL|BOG,|BOG|IAH|CLL|
CLL|BWI,|BWI|IAH|CLL|
CLL|CLE,|CLE|IAH|CLL|
CLL|CLT,|CLT|IAH|CLL|
CLL|CMH,|CMH|IAH|CLL|
CLL|CVG,|CVG|IAH|CLL|
CLL|DFW,|DFW|IAH|CLL|
CLL|DTW,|DTW|IAH|CLL|
CLL|DUB,|DUB|YYZ|IAH|CLL|
CLL|FCO,|FCO|EWR|IAH|CLL|
CLL|GCM,|GCM|IAH|CLL|
CLL|GGT,|GGT|FLL|IAH|CLL|
CLL|GND,|GND|YYZ|IAH|CLL|
CLL|GRU,|GRU|IAH|CLL|
CLL|HAV,|HAV|YYZ|IAH|CLL|
CLL|IND,|IND|IAH|CLL|
CLL|JFK,|JFK|IAD|IAH|CLL|
CLL|KIN,|KIN|YYZ|IAH|CLL|
CLL|LIM,|LIM|IAH|CLL|
CLL|LIR,|LIR|IAH|CLL|
CLL|MCI,|MCI|IAH|CLL|
CLL|MDT,|MDT|IAD|IAH|CLL|
CLL|MIA,|MIA|IAH|CLL|
CLL|MKE,|MKE|IAH|CLL|
CLL|MSP,|MSP|IAH|CLL|
CLL|NAS,|NAS|IAH|CLL|
CLL|PHL,|PHL|IAH|CLL|
CLL|PHX,|PHX|IAH|CLL|
CLL|PIT,|PIT|IAH|CLL|
CLL|PLS,|PLS|EWR|IAH|CLL|
CLL|POP,|POP|EWR|IAH|CLL|
CLL|RDU,|RDU|IAH|CLL|
CLL|ROC,|ROC|CLE|IAH|CLL|
CLL|RSW,|RSW|IAH|CLL|
CLL|SAN,|SAN|IAH|CLL|
CLL|SJO,|SJO|IAH|CLL|
CLL|STL,|STL|IAH|CLL|
CLL|SYR,|SYR|CLE|IAH|CLL|
CLL|TLV,|TLV|YYZ|IAH|CLL|
CLL|TPA,|TPA|IAH|CLL|
CLL|UVF,|UVF|EWR|IAH|CLL|
CLL|VIE,|VIE|YYZ|IAH|CLL|
CLL|YAM,|YAM|YYZ|IAH|CLL|
CLL|YGK,|YGK|YYZ|IAH|CLL|
CLL|YQG,|YQG|YYZ|IAH|CLL|
CLL|YSB,|YSB|YYZ|IAH|CLL|
CLL|YTS,|YTS|YYZ|IAH|CLL|
CLL|YYB,|YYB|YYZ|IAH|CLL|
CLL|YZR,|YZR|YYZ|IAH|CLL|
CLL|CAN,|CAN|YVR|IAH|CLL|
CLL|URC,|URC|PEK|IAH|CLL|
CLL|CTU,|CTU|PEK|IAH|CLL|
CLL|HGH,|HGH|PEK|IAH|CLL|
CLL|XMN,|XMN|PEK|IAH|CLL|
CLL|CGO,|CGO|PEK|IAH|CLL|
CLL|CSX,|CSX|PEK|IAH|CLL|
CLL|SHE,|SHE|ICN|YVR|IAH|CLL|
CLL|SJW,|SJW|DLC|ICN|YVR|IAH|CLL|
CLL|WUH,|WUH|PEK|IAH|CLL|
CLL|SZX,|SZX|PVG|YVR|IAH|CLL|
CLL|CKG,|CKG|PEK|IAH|CLL|
CLL|KMG,|KMG|PEK|IAH|CLL|
CLL|FOC,|FOC|PEK|IAH|CLL|
CLL|NNG,|NNG|PEK|IAH|CLL|
CLL|SWA,|SWA|PEK|IAH|CLL|
CLL|ACX,|ACX|CAN|YVR|IAH|CLL|
CLL|AQG,|AQG|CAN|YVR|IAH|CLL|
CLL|AVA,|AVA|CAN|YVR|IAH|CLL|
CLL|BFJ,|BFJ|CAN|YVR|IAH|CLL|
CLL|BHY,|BHY|CGO|PEK|IAH|CLL|
CLL|BNE,|BNE|CAN|YVR|IAH|CLL|
CLL|CGD,|CGD|PEK|IAH|CLL|
CLL|CGK,|CGK|CAN|YVR|IAH|CLL|
CLL|CGQ,|CGQ|ICN|YVR|IAH|CLL|
CLL|CIH,|CIH|PEK|IAH|CLL|
CLL|CNX,|CNX|CAN|YVR|IAH|CLL|
CLL|CZX,|CZX|SHE|ICN|YVR|IAH|CLL|
CLL|DAC,|DAC|CAN|YVR|IAH|CLL|
CLL|DAD,|DAD|CAN|YVR|IAH|CLL|
CLL|DEL,|DEL|EWR|IAH|CLL|
CLL|DIG,|DIG|KMG|PEK|IAH|CLL|
CLL|DLC,|DLC|ICN|YVR|IAH|CLL|
CLL|DPS,|DPS|SZX|PVG|YVR|IAH|CLL|
CLL|DXB,|DXB|IST|IAH|CLL|
CLL|DYG,|DYG|PEK|IAH|CLL|
CLL|FUG,|FUG|CAN|YVR|IAH|CLL|
CLL|FUK,|FUK|ICN|YVR|IAH|CLL|
CLL|HAK,|HAK|CAN|YVR|IAH|CLL|
CLL|HAN,|HAN|PEK|IAH|CLL|
CLL|HDG,|HDG|CAN|YVR|IAH|CLL|
CLL|HET,|HET|DLC|ICN|YVR|IAH|CLL|
CLL|HFE,|HFE|XIY|PEK|IAH|CLL|
CLL|HJJ,|HJJ|CSX|PEK|IAH|CLL|
CLL|HKT,|HKT|KWE|PEK|IAH|CLL|
CLL|HRB,|HRB|ICN|YVR|IAH|CLL|
CLL|HZH,|HZH|CAN|YVR|IAH|CLL|
CLL|JIU,|JIU|CAN|YVR|IAH|CLL|
CLL|JJN,|JJN|PEK|IAH|CLL|
CLL|JNG,|JNG|CAN|YVR|IAH|CLL|
CLL|KHN,|KHN|DLC|ICN|YVR|IAH|CLL|
CLL|KIX,|KIX|SFO|IAH|CLL|
CLL|KOW,|KOW|PEK|IAH|CLL|
CLL|KTM,|KTM|IST|IAH|CLL|
CLL|KUL,|KUL|PVG|YVR|IAH|CLL|
CLL|KWE,|KWE|PEK|IAH|CLL|
CLL|KWL,|KWL|PEK|IAH|CLL|
CLL|LHW,|LHW|CGO|PEK|IAH|CLL|
CLL|LYA,|LYA|KHN|DLC|ICN|YVR|IAH|CLL|
CLL|LYG,|LYG|HSN|PEK|IAH|CLL|
CLL|LZH,|LZH|CAN|YVR|IAH|CLL|
CLL|MEL,|MEL|SYD|LAX|IAH|CLL|
CLL|MIG,|MIG|CSX|PEK|IAH|CLL|
CLL|MLE,|MLE|IST|IAH|CLL|
CLL|MNL,|MNL|XMN|PEK|IAH|CLL|
CLL|MXZ,|MXZ|CAN|YVR|IAH|CLL|
CLL|NAO,|NAO|PEK|IAH|CLL|
CLL|NGB,|NGB|PEK|IAH|CLL|
CLL|NKG,|NKG|DLC|ICN|YVR|IAH|CLL|
CLL|NNY,|NNY|CGO|PEK|IAH|CLL|
CLL|PEN,|PEN|CAN|YVR|IAH|CLL|
CLL|PER,|PER|CAN|YVR|IAH|CLL|
CLL|PNH,|PNH|CAN|YVR|IAH|CLL|
CLL|REP,|REP|ICN|YVR|IAH|CLL|
CLL|RGN,|RGN|CAN|YVR|IAH|CLL|
CLL|SGN,|SGN|HKG|YVR|IAH|CLL|
CLL|SHA,|SHA|PEK|IAH|CLL|
CLL|SIN,|SIN|HKG|YVR|IAH|CLL|
CLL|SVO,|SVO|URC|PEK|IAH|CLL|
CLL|SYX,|SYX|CAN|YVR|IAH|CLL|
CLL|TAO,|TAO|DLC|ICN|YVR|IAH|CLL|
CLL|TEN,|TEN|PEK|IAH|CLL|
CLL|TNA,|TNA|DLC|ICN|YVR|IAH|CLL|
CLL|TPE,|TPE|PVG|YVR|IAH|CLL|
CLL|TSN,|TSN|DLC|ICN|YVR|IAH|CLL|
CLL|TXN,|TXN|DLC|ICN|YVR|IAH|CLL|
CLL|TYN,|TYN|DLC|ICN|YVR|IAH|CLL|
CLL|WNZ,|WNZ|CGO|PEK|IAH|CLL|
CLL|WUX,|WUX|CAN|YVR|IAH|CLL|
CLL|XFN,|XFN|XMN|PEK|IAH|CLL|
CLL|XIY,|XIY|PEK|IAH|CLL|
CLL|XUZ,|XUZ|LYG|HSN|PEK|IAH|CLL|
CLL|YIH,|YIH|CKG|PEK|IAH|CLL|
CLL|YIW,|YIW|PEK|IAH|CLL|
CLL|YNT,|YNT|SHE|ICN|YVR|IAH|CLL|
CLL|YNZ,|YNZ|DLC|ICN|YVR|IAH|CLL|
CLL|YTY,|YTY|DLC|ICN|YVR|IAH|CLL|
CLL|ZHA,|ZHA|CAN|YVR|IAH|CLL|
CLL|ZYI,|ZYI|PEK|IAH|CLL|
CLL|BAV,|BAV|SJW|DLC|ICN|YVR|IAH|CLL|
CLL|CJU,|CJU|DLC|ICN|YVR|IAH|CLL|
CLL|DSN,|DSN|CGO|PEK|IAH|CLL|
CLL|HMI,|HMI|CGO|PEK|IAH|CLL|
CLL|INC,|INC|PEK|IAH|CLL|
CLL|KHH,|KHH|CGO|PEK|IAH|CLL|
CLL|UYN,|UYN|CGO|PEK|IAH|CLL|
CLL|XNN,|XNN|PEK|IAH|CLL|
CLL|ZUH,|ZUH|PVG|YVR|IAH|CLL|
CLL|YNJ,|YNJ|ICN|YVR|IAH|CLL|
CLL|DAT,|DAT|CIH|PEK|IAH|CLL|
CLL|JHG,|JHG|CKG|PEK|IAH|CLL|
CLL|LJG,|LJG|CKG|PEK|IAH|CLL|
CLL|LXA,|LXA|XIY|PEK|IAH|CLL|
CLL|YCU,|YCU|CSX|PEK|IAH|CLL|
CLL|LZO,|LZO|CSX|PEK|IAH|CLL|
CLL|MDG,|MDG|ICN|YVR|IAH|CLL|
CLL|NGO,|NGO|ICN|YVR|IAH|CLL|
CLL|TOY,|TOY|DLC|ICN|YVR|IAH|CLL|
CLL|MFM,|MFM|XMN|PEK|IAH|CLL|
CLL|TGO,|TGO|HET|DLC|ICN|YVR|IAH|CLL|
CLL|XIL,|XIL|HET|DLC|ICN|YVR|IAH|CLL|
CLL|HEK,|HEK|HRB|ICN|YVR|IAH|CLL|
CLL|KIJ,|KIJ|HRB|ICN|YVR|IAH|CLL|
CLL|LDS,|LDS|HRB|ICN|YVR|IAH|CLL|
CLL|OHE,|OHE|HRB|ICN|YVR|IAH|CLL|
CLL|HSN,|HSN|PEK|IAH|CLL|
CLL|DLU,|DLU|KMG|PEK|IAH|CLL|
CLL|SYM,|SYM|KMG|PEK|IAH|CLL|
CLL|ZAT,|ZAT|KMG|PEK|IAH|CLL|
CLL|LUN,|LUN|NBO|ZRH|YUL|IAH|CLL|
CLL|AOG,|AOG|PEK|IAH|CLL|
CLL|GMP,|GMP|PEK|IAH|CLL|
CLL|ISB,|ISB|IST|IAH|CLL|
CLL|TAS,|TAS|IST|IAH|CLL|
CLL|WUS,|WUS|PEK|IAH|CLL|
CLL|JMU,|JMU|PVG|YVR|IAH|CLL|
CLL|NDG,|NDG|PVG|YVR|IAH|CLL|
CLL|JXA,|JXA|SHE|ICN|YVR|IAH|CLL|
CLL|PUS,|PUS|SHE|ICN|YVR|IAH|CLL|
CLL|BKI,|BKI|SZX|PVG|YVR|IAH|CLL|
CLL|AKU,|AKU|URC|PEK|IAH|CLL|
CLL|ALA,|ALA|TSE|FRA|IAH|CLL|
CLL|ASB,|ASB|GYD|FRA|IAH|CLL|
CLL|DNH,|DNH|XIY|PEK|IAH|CLL|
CLL|DYU,|DYU|IST|IAH|CLL|
CLL|FRU,|FRU|IST|IAH|CLL|
CLL|GYD,|GYD|FRA|IAH|CLL|
CLL|HTN,|HTN|URC|PEK|IAH|CLL|
CLL|IKA,|IKA|SAW|VIE|YYZ|IAH|CLL|
CLL|KCA,|KCA|URC|PEK|IAH|CLL|
CLL|KHG,|KHG|URC|PEK|IAH|CLL|
CLL|KRL,|KRL|URC|PEK|IAH|CLL|
CLL|KRY,|KRY|URC|PEK|IAH|CLL|
CLL|LBD,|LBD|URC|PEK|IAH|CLL|
CLL|NLT,|NLT|URC|PEK|IAH|CLL|
CLL|OSS,|OSS|IST|IAH|CLL|
CLL|OVB,|OVB|IST|IAH|CLL|
CLL|TBS,|TBS|SAW|VIE|YYZ|IAH|CLL|
CLL|TCG,|TCG|URC|PEK|IAH|CLL|
CLL|TSE,|TSE|FRA|IAH|CLL|
CLL|YIN,|YIN|URC|PEK|IAH|CLL|
CLL|ENH,|ENH|WUH|PEK|IAH|CLL|
CLL|ENY,|ENY|XIY|PEK|IAH|CLL|
CLL|WXN,|WXN|XIY|PEK|IAH|CLL|
CLL|BLL,|BLL|IST|IAH|CLL|
CLL|ESB,|ESB|VIE|YYZ|IAH|CLL|
CLL|SAW,|SAW|VIE|YYZ|IAH|CLL|
CLL|HAM,|HAM|EWR|IAH|CLL|
CLL|HRE,|HRE|ADD|JED|FRA|IAH|CLL|
CLL|JUB,|JUB|CAI|JFK|IAD|IAH|CLL|
CLL|SSG,|SSG|DLA|BRU|YUL|IAH|CLL|
CLL|BGW,|BGW|ESB|VIE|YYZ|IAH|CLL|
CLL|EBL,|EBL|IST|IAH|CLL|
CLL|VKO,|VKO|IST|IAH|CLL|
CLL|MCT,|MCT|AUH|YYZ|IAH|CLL|
CLL|AYT,|AYT|IST|IAH|CLL|
CLL|SCQ,|SCQ|BIO|IST|IAH|CLL|
CLL|AAL,|AAL|IST|IAH|CLL|
CLL|AOE,|AOE|BRU|YUL|IAH|CLL|
CLL|JNB,|JNB|DKR|IAD|IAH|CLL|
CLL|LBV,|LBV|DLA|BRU|YUL|IAH|CLL|
CLL|ADA,|ADA|SAW|VIE|YYZ|IAH|CLL|
CLL|ADB,|ADB|HAM|EWR|IAH|CLL|
CLL|ADF,|ADF|ESB|VIE|YYZ|IAH|CLL|
CLL|AJI,|AJI|ESB|VIE|YYZ|IAH|CLL|
CLL|BAL,|BAL|ESB|VIE|YYZ|IAH|CLL|
CLL|BJV,|BJV|IST|IAH|CLL|
CLL|CKZ,|CKZ|ESB|VIE|YYZ|IAH|CLL|
CLL|DIY,|DIY|ESB|VIE|YYZ|IAH|CLL|
CLL|ECN,|ECN|IST|IAH|CLL|
CLL|ERC,|ERC|ESB|VIE|YYZ|IAH|CLL|
CLL|ERZ,|ERZ|ESB|VIE|YYZ|IAH|CLL|
CLL|EZS,|EZS|ESB|VIE|YYZ|IAH|CLL|
CLL|GNY,|GNY|ESB|VIE|YYZ|IAH|CLL|
CLL|GZP,|GZP|ESB|VIE|YYZ|IAH|CLL|
CLL|GZT,|GZT|ESB|VIE|YYZ|IAH|CLL|
CLL|HTY,|HTY|SAW|VIE|YYZ|IAH|CLL|
CLL|KCM,|KCM|ESB|VIE|YYZ|IAH|CLL|
CLL|KSY,|KSY|ESB|VIE|YYZ|IAH|CLL|
CLL|MLX,|MLX|ESB|VIE|YYZ|IAH|CLL|
CLL|MQM,|MQM|ESB|VIE|YYZ|IAH|CLL|
CLL|MSR,|MSR|ESB|VIE|YYZ|IAH|CLL|
CLL|TEQ,|TEQ|ESB|VIE|YYZ|IAH|CLL|
CLL|TZX,|TZX|ESB|VIE|YYZ|IAH|CLL|
CLL|VAN,|VAN|ESB|VIE|YYZ|IAH|CLL|
CLL|ULN,|ULN|FRU|IST|IAH|CLL|
CLL|HIJ,|HIJ|ICN|YVR|IAH|CLL|
CLL|VVO,|VVO|ICN|YVR|IAH|CLL|
CLL|ACC,|ACC|IST|IAH|CLL|
CLL|AER,|AER|IST|IAH|CLL|
CLL|AGP,|AGP|IST|IAH|CLL|
CLL|ALG,|ALG|IST|IAH|CLL|
CLL|AMM,|AMM|IST|IAH|CLL|
CLL|AQJ,|AQJ|IST|IAH|CLL|
CLL|ARN,|ARN|EWR|IAH|CLL|
CLL|ASR,|ASR|SAW|VIE|YYZ|IAH|CLL|
CLL|ATH,|ATH|IST|IAH|CLL|
CLL|BAH,|BAH|IST|IAH|CLL|
CLL|BEG,|BEG|IST|IAH|CLL|
CLL|BEN,|BEN|IST|IAH|CLL|
CLL|BEY,|BEY|IST|IAH|CLL|
CLL|BHX,|BHX|EWR|IAH|CLL|
CLL|BIO,|BIO|IST|IAH|CLL|
CLL|BLQ,|BLQ|IST|IAH|CLL|
CLL|BOM,|BOM|EWR|IAH|CLL|
CLL|BRE,|BRE|IST|IAH|CLL|
CLL|BSL,|BSL|IST|IAH|CLL|
CLL|BSR,|BSR|IST|IAH|CLL|
CLL|BUD,|BUD|IST|IAH|CLL|
CLL|BUS,|BUS|IST|IAH|CLL|
CLL|CAI,|CAI|JFK|IAD|IAH|CLL|
CLL|CGN,|CGN|IST|IAH|CLL|
CLL|CMN,|CMN|IST|IAH|CLL|
CLL|CND,|CND|IST|IAH|CLL|
CLL|DAR,|DAR|NBO|ZRH|YUL|IAH|CLL|
CLL|DLM,|DLM|IST|IAH|CLL|
CLL|DMM,|DMM|IST|IAH|CLL|
CLL|DNK,|DNK|IST|IAH|CLL|
CLL|DNZ,|DNZ|IST|IAH|CLL|
CLL|DOK,|DOK|IST|IAH|CLL|
CLL|DUS,|DUS|ORD|IAH|CLL|
CLL|EDI,|EDI|EWR|IAH|CLL|
CLL|ELQ,|ELQ|IST|IAH|CLL|
CLL|FDH,|FDH|IST|IAH|CLL|
CLL|GOA,|GOA|IST|IAH|CLL|
CLL|GOT,|GOT|BRU|YUL|IAH|CLL|
CLL|HAJ,|HAJ|BRU|YUL|IAH|CLL|
CLL|HBE,|HBE|IST|IAH|CLL|
CLL|HEL,|HEL|IST|IAH|CLL|
CLL|HRG,|HRG|IST|IAH|CLL|
CLL|IFN,|IFN|IST|IAH|CLL|
CLL|ISE,|ISE|IST|IAH|CLL|
CLL|ISU,|ISU|IST|IAH|CLL|
CLL|JIB,|JIB|IST|IAH|CLL|
CLL|JRO,|JRO|IST|IAH|CLL|
CLL|KAN,|KAN|IST|IAH|CLL|
CLL|KBL,|KBL|IST|IAH|CLL|
CLL|KBP,|KBP|IST|IAH|CLL|
CLL|KFS,|KFS|IST|IAH|CLL|
CLL|KHI,|KHI|IST|IAH|CLL|
CLL|KIV,|KIV|IST|IAH|CLL|
CLL|KRT,|KRT|IST|IAH|CLL|
CLL|KSH,|KSH|IST|IAH|CLL|
CLL|KVD,|KVD|IST|IAH|CLL|
CLL|KWI,|KWI|SAW|VIE|YYZ|IAH|CLL|
CLL|KYA,|KYA|IST|IAH|CLL|
CLL|KZN,|KZN|IST|IAH|CLL|
CLL|KZR,|KZR|IST|IAH|CLL|
CLL|LED,|LED|VIE|YYZ|IAH|CLL|
CLL|LEJ,|LEJ|IST|IAH|CLL|
CLL|LGW,|LGW|IST|IAH|CLL|
CLL|LHE,|LHE|IST|IAH|CLL|
CLL|LIS,|LIS|EWR|IAH|CLL|
CLL|LJU,|LJU|IST|IAH|CLL|
CLL|LOS,|LOS|IAH|CLL|
CLL|LUX,|LUX|IST|IAH|CLL|
CLL|LWO,|LWO|IST|IAH|CLL|
CLL|LYS,|LYS|IST|IAH|CLL|
CLL|MAD,|MAD|EWR|IAH|CLL|
CLL|MAN,|MAN|EWR|IAH|CLL|
CLL|MED,|MED|IST|IAH|CLL|
CLL|MHD,|MHD|IST|IAH|CLL|
CLL|MLA,|MLA|IST|IAH|CLL|
CLL|MRS,|MRS|IST|IAH|CLL|
CLL|MSQ,|MSQ|IST|IAH|CLL|
CLL|MXP,|MXP|EWR|IAH|CLL|
CLL|MZH,|MZH|IST|IAH|CLL|
CLL|MZR,|MZR|IST|IAH|CLL|
CLL|NAJ,|NAJ|IST|IAH|CLL|
CLL|NAV,|NAV|IST|IAH|CLL|
CLL|NCE,|NCE|IST|IAH|CLL|
CLL|NIM,|NIM|IST|IAH|CLL|
CLL|NJF,|NJF|IST|IAH|CLL|
CLL|NSI,|NSI|BRU|YUL|IAH|CLL|
CLL|NUE,|NUE|IST|IAH|CLL|
CLL|ODS,|ODS|IST|IAH|CLL|
CLL|ORN,|ORN|IST|IAH|CLL|
CLL|OTP,|OTP|IST|IAH|CLL|
CLL|PRG,|PRG|BRU|YUL|IAH|CLL|
CLL|PRN,|PRN|IST|IAH|CLL|
CLL|RIX,|RIX|IST|IAH|CLL|
CLL|ROV,|ROV|IST|IAH|CLL|
CLL|RTM,|RTM|IST|IAH|CLL|
CLL|RUH,|RUH|IST|IAH|CLL|
CLL|SAH,|SAH|IST|IAH|CLL|
CLL|SJJ,|SJJ|IST|IAH|CLL|
CLL|SKG,|SKG|IST|IAH|CLL|
CLL|SKP,|SKP|IST|IAH|CLL|
CLL|SSH,|SSH|IST|IAH|CLL|
CLL|STR,|STR|EWR|IAH|CLL|
CLL|SVX,|SVX|IST|IAH|CLL|
CLL|SYZ,|SYZ|IST|IAH|CLL|
CLL|SZG,|SZG|IST|IAH|CLL|
CLL|TBZ,|TBZ|IST|IAH|CLL|
CLL|TGD,|TGD|IST|IAH|CLL|
CLL|TIA,|TIA|IST|IAH|CLL|
CLL|TIF,|TIF|IST|IAH|CLL|
CLL|TIP,|TIP|IST|IAH|CLL|
CLL|TLL,|TLL|VNO|CPH|YYZ|IAH|CLL|
CLL|TLS,|TLS|IST|IAH|CLL|
CLL|TRN,|TRN|IST|IAH|CLL|
CLL|TUN,|TUN|IST|IAH|CLL|
CLL|TXL,|TXL|EWR|IAH|CLL|
CLL|UFA,|UFA|IST|IAH|CLL|
CLL|VAS,|VAS|SAW|VIE|YYZ|IAH|CLL|
CLL|VCE,|VCE|IST|IAH|CLL|
CLL|YNB,|YNB|IST|IAH|CLL|
CLL|ZAG,|ZAG|IST|IAH|CLL|
CLL|MGQ,|MGQ|JIB|IST|IAH|CLL|
CLL|CPT,|CPT|JNB|DKR|IAD|IAH|CLL|
CLL|MBA,|MBA|JRO|IST|IAH|CLL|
CLL|NDJ,|NDJ|KAN|IST|IAH|CLL|
CLL|CMB,|CMB|MLE|IST|IAH|CLL|
CLL|ADE,|ADE|SAH|IST|IAH|CLL|
CLL|ASF,|ASF|SAW|VIE|YYZ|IAH|CLL|
CLL|STW,|STW|SAW|VIE|YYZ|IAH|CLL|
CLL|LFW,|LFW|ABJ|BRU|YUL|IAH|CLL|
CLL|CEC,|CEC|ACV|SMF|IAH|CLL|
CLL|SMF,|SMF|IAH|CLL|
CLL|CDR,|CDR|AIA|DEN|IAH|CLL|
CLL|FMN,|FMN|DEN|IAH|CLL|
CLL|JST,|JST|IAD|IAH|CLL|
CLL|JHW,|JHW|CLE|IAH|CLL|
CLL|SHD,|SHD|IAD|IAH|CLL|
CLL|PTY,|PTY|IAH|CLL|
CLL|FNA,|FNA|BRU|YUL|IAH|CLL|
CLL|SXB,|SXB|BRU|YUL|IAH|CLL|
CLL|ACV,|ACV|SMF|IAH|CLL|
CLL|MGW,|MGW|IAD|IAH|CLL|
CLL|ALB,|ALB|IAD|IAH|CLL|
CLL|AUS,|AUS|IAH|CLL|
CLL|BFD,|BFD|CLE|IAH|CLL|
CLL|BUF,|BUF|CLE|IAH|CLL|
CLL|CHS,|CHS|IAH|CLL|
CLL|DAY,|DAY|ATL|IAH|CLL|
CLL|DUJ,|DUJ|CLE|IAH|CLL|
CLL|ERI,|ERI|CLE|IAH|CLL|
CLL|FKL,|FKL|CLE|IAH|CLL|
CLL|FNT,|FNT|CLE|IAH|CLL|
CLL|GRR,|GRR|IAH|CLL|
CLL|GSP,|GSP|IAH|CLL|
CLL|PBI,|PBI|IAH|CLL|
CLL|PKB,|PKB|CLE|IAH|CLL|
CLL|RIC,|RIC|IAH|CLL|
CLL|SDF,|SDF|IAH|CLL|
CLL|GUM,|GUM|HNL|IAH|CLL|
CLL|WRL,|WRL|CYS|DEN|IAH|CLL|
CLL|LBL,|CLL|
CLL|ABQ,|ABQ|IAH|CLL|
CLL|AIA,|AIA|DEN|IAH|CLL|
CLL|ALS,|ALS|DEN|IAH|CLL|
CLL|AMA,|AMA|IAH|CLL|
CLL|ANC,|ANC|DEN|IAH|CLL|
CLL|ASE,|ASE|DEN|IAH|CLL|
CLL|BFL,|BFL|IAH|CLL|
CLL|BHM,|BHM|IAH|CLL|
CLL|BIL,|BIL|DEN|IAH|CLL|
CLL|BIS,|BIS|DEN|IAH|CLL|
CLL|BOI,|BOI|DEN|IAH|CLL|
CLL|BUR,|BUR|PHX|IAH|CLL|
CLL|BZN,|BZN|DEN|IAH|CLL|
CLL|CID,|CID|ORD|IAH|CLL|
CLL|COD,|COD|DEN|IAH|CLL|
CLL|COS,|COS|IAH|CLL|
CLL|CPR,|CPR|DEN|IAH|CLL|
CLL|CYS,|CYS|DEN|IAH|CLL|
CLL|DIK,|DIK|DEN|IAH|CLL|
CLL|DRO,|DRO|DEN|IAH|CLL|
CLL|DSM,|DSM|IAH|CLL|
CLL|EGE,|EGE|DEN|IAH|CLL|
CLL|ELP,|ELP|IAH|CLL|
CLL|EUG,|EUG|DEN|IAH|CLL|
CLL|FAR,|FAR|ORD|IAH|CLL|
CLL|FAT,|FAT|LAS|IAH|CLL|
CLL|FCA,|FCA|DEN|IAH|CLL|
CLL|FSD,|FSD|DEN|IAH|CLL|
CLL|GCC,|GCC|DEN|IAH|CLL|
CLL|GEG,|GEG|DEN|IAH|CLL|
CLL|GJT,|GJT|IAH|CLL|
CLL|GTF,|GTF|DEN|IAH|CLL|
CLL|GUC,|GUC|DEN|IAH|CLL|
CLL|HDN,|HDN|DEN|IAH|CLL|
CLL|HLN,|HLN|DEN|IAH|CLL|
CLL|HSV,|HSV|IAH|CLL|
CLL|ICT,|ICT|IAH|CLL|
CLL|IDA,|IDA|DEN|IAH|CLL|
CLL|ISN,|ISN|DEN|IAH|CLL|
CLL|JAC,|JAC|DEN|IAH|CLL|
CLL|KOA,|KOA|LAX|IAH|CLL|
CLL|LAR,|LAR|DEN|IAH|CLL|
CLL|LBB,|LBB|IAH|CLL|
CLL|LIH,|LIH|LAX|IAH|CLL|
CLL|LIT,|LIT|IAH|CLL|
CLL|LNK,|LNK|DEN|IAH|CLL|
CLL|MAF,|MAF|IAH|CLL|
CLL|MEM,|MEM|IAH|CLL|
CLL|MFR,|MFR|DEN|IAH|CLL|
CLL|MLI,|MLI|ORD|IAH|CLL|
CLL|MOT,|MOT|DEN|IAH|CLL|
CLL|MRY,|MRY|LAX|IAH|CLL|
CLL|MSN,|MSN|ORD|IAH|CLL|
CLL|MSO,|MSO|DEN|IAH|CLL|
CLL|MTJ,|MTJ|DEN|IAH|CLL|
CLL|OKC,|OKC|IAH|CLL|
CLL|OMA,|OMA|IAH|CLL|
CLL|ONT,|ONT|PHX|IAH|CLL|
CLL|PIA,|PIA|ORD|IAH|CLL|
CLL|PIR,|PIR|DEN|IAH|CLL|
CLL|PSC,|PSC|DEN|IAH|CLL|
CLL|PSP,|PSP|IAH|CLL|
CLL|PUB,|PUB|DEN|IAH|CLL|
CLL|RAP,|RAP|DEN|IAH|CLL|
CLL|RDM,|RDM|DEN|IAH|CLL|
CLL|RKS,|RKS|DEN|IAH|CLL|
CLL|RNO,|RNO|LAS|IAH|CLL|
CLL|SAF,|SAF|DEN|IAH|CLL|
CLL|SAT,|SAT|IAH|CLL|
CLL|SBA,|SBA|LAX|IAH|CLL|
CLL|SGF,|SGF|ORD|IAH|CLL|
CLL|SGU,|SGU|DEN|IAH|CLL|
CLL|SHV,|SHV|IAH|CLL|
CLL|SJC,|SJC|IAH|CLL|
CLL|SLC,|SLC|IAH|CLL|
CLL|SNA,|SNA|IAH|CLL|
CLL|TUL,|TUL|IAH|CLL|
CLL|TUS,|TUS|IAH|CLL|
CLL|TYS,|TYS|IAH|CLL|
CLL|XNA,|XNA|IAH|CLL|
CLL|SAL,|SAL|IAH|CLL|
CLL|BJL,|BJL|DKR|IAD|IAH|CLL|
CLL|BFS,|BFS|EWR|IAH|CLL|
CLL|BON,|BON|IAH|CLL|
CLL|BQN,|BQN|EWR|IAH|CLL|
CLL|BTV,|BTV|IAD|IAH|CLL|
CLL|BZE,|BZE|IAH|CLL|
CLL|GLA,|GLA|EWR|IAH|CLL|
CLL|GSO,|GSO|IAD|IAH|CLL|
CLL|ITH,|ITH|EWR|IAH|CLL|
CLL|JAX,|JAX|IAH|CLL|
CLL|MHT,|MHT|EWR|IAH|CLL|
CLL|MYR,|MYR|ORD|IAH|CLL|
CLL|ORF,|ORF|IAH|CLL|
CLL|POS,|POS|IAH|CLL|
CLL|PVD,|PVD|EWR|IAH|CLL|
CLL|PWM,|PWM|IAD|IAH|CLL|
CLL|SAP,|SAP|IAH|CLL|
CLL|SAV,|SAV|IAH|CLL|
CLL|SDQ,|SDQ|EWR|IAH|CLL|
CLL|SJU,|SJU|IAH|CLL|
CLL|SNN,|SNN|EWR|IAH|CLL|
CLL|STT,|STT|IAD|IAH|CLL|
CLL|SXM,|SXM|IAD|IAH|CLL|
CLL|BIM,|BIM|FLL|IAH|CLL|
CLL|ELH,|ELH|PBI|IAH|CLL|
CLL|EYW,|EYW|MSY|IAH|CLL|
CLL|FPO,|FPO|FLL|IAH|CLL|
CLL|GHB,|GHB|FLL|IAH|CLL|
CLL|MHH,|MHH|PBI|IAH|CLL|
CLL|TCB,|TCB|FLL|IAH|CLL|
CLL|SOW,|SOW|PHX|IAH|CLL|
CLL|ROB,|ROB|FNA|BRU|YUL|IAH|CLL|
CLL|GIG,|GIG|IAH|CLL|
CLL|CNS,|CNS|GUM|HNL|IAH|CLL|
CLL|CTS,|CTS|GUM|HNL|IAH|CLL|
CLL|OKJ,|OKJ|GUM|HNL|IAH|CLL|
CLL|ROP,|ROP|GUM|HNL|IAH|CLL|
CLL|ROR,|ROR|GUM|HNL|IAH|CLL|
CLL|SDJ,|SDJ|GUM|HNL|IAH|CLL|
CLL|SPN,|SPN|GUM|HNL|IAH|CLL|
CLL|TKK,|TKK|PNI|KWA|MAJ|HNL|IAH|CLL|
CLL|YAP,|YAP|GUM|HNL|IAH|CLL|
CLL|MAJ,|MAJ|HNL|IAH|CLL|
CLL|AOO,|AOO|IAD|IAH|CLL|
CLL|BGM,|BGM|IAD|IAH|CLL|
CLL|BKW,|BKW|IAD|IAH|CLL|
CLL|CAE,|CAE|IAH|CLL|
CLL|CHO,|CHO|IAD|IAH|CLL|
CLL|CRW,|CRW|IAH|CLL|
CLL|FAY,|FAY|IAD|IAH|CLL|
CLL|LWB,|LWB|IAD|IAH|CLL|
CLL|ROA,|ROA|IAD|IAH|CLL|
CLL|SCE,|SCE|IAD|IAH|CLL|
CLL|ACA,|ACA|IAH|CLL|
CLL|ACY,|ACY|IAH|CLL|
CLL|AEX,|AEX|IAH|CLL|
CLL|AGU,|AGU|IAH|CLL|
CLL|BJX,|BJX|IAH|CLL|
CLL|BRO,|BRO|IAH|CLL|
CLL|BTR,|BTR|IAH|CLL|
CLL|CCS,|CCS|IAH|CLL|
CLL|CME,|CME|IAH|CLL|
CLL|CRP,|CRP|IAH|CLL|
CLL|CUU,|CUU|IAH|CLL|
CLL|DAL,|DAL|IAH|CLL|
CLL|DGO,|DGO|IAH|CLL|
CLL|GDL,|GDL|IAH|CLL|
CLL|GPT,|GPT|IAH|CLL|
CLL|GRK,|GRK|IAH|CLL|
CLL|HOB,|HOB|IAH|CLL|
CLL|HRL,|HRL|IAH|CLL|
CLL|HUX,|HUX|IAH|CLL|
CLL|JAN,|JAN|IAH|CLL|
CLL|LCH,|LCH|IAH|CLL|
CLL|LEX,|LEX|IAH|CLL|
CLL|LFT,|LFT|IAH|CLL|
CLL|LRD,|LRD|IAH|CLL|
CLL|MFE,|MFE|IAH|CLL|
CLL|MGA,|MGA|IAH|CLL|
CLL|MID,|MID|IAH|CLL|
CLL|MLM,|MLM|IAH|CLL|
CLL|MLU,|MLU|IAH|CLL|
CLL|MOB,|MOB|IAH|CLL|
CLL|MTY,|MTY|IAH|CLL|
CLL|OAX,|OAX|IAH|CLL|
CLL|PBC,|PBC|IAH|CLL|
CLL|PNS,|PNS|IAH|CLL|
CLL|QRO,|QRO|IAH|CLL|
CLL|RTB,|RTB|IAH|CLL|
CLL|SLP,|SLP|IAH|CLL|
CLL|SLW,|SLW|IAH|CLL|
CLL|TAM,|TAM|IAH|CLL|
CLL|TGU,|TGU|IAH|CLL|
CLL|TRC,|TRC|IAH|CLL|
CLL|TYR,|TYR|IAH|CLL|
CLL|UIO,|UIO|IAH|CLL|
CLL|VER,|VER|IAH|CLL|
CLL|VPS,|VPS|IAH|CLL|
CLL|VSA,|VSA|IAH|CLL|
CLL|ZIH,|ZIH|IAH|CLL|
CLL|ZLO,|ZLO|IAH|CLL|
CLL|KWA,|KWA|MAJ|HNL|IAH|CLL|
CLL|PNI,|PNI|KWA|MAJ|HNL|IAH|CLL|
CLL|KSA,|KSA|KWA|MAJ|HNL|IAH|CLL|
CLL|CLD,|CLD|LAX|IAH|CLL|
CLL|ITO,|ITO|LAX|IAH|CLL|
CLL|SBP,|SBP|LAX|IAH|CLL|
CLL|SMX,|SMX|LAX|IAH|CLL|
CLL|YUM,|YUM|LAX|IAH|CLL|
CLL|DDC,|CLL|
CLL|TMS,|TMS|LIS|EWR|IAH|CLL|
CLL|PHC,|PHC|LOS|IAH|CLL|
CLL|GNV,|GNV|TPA|IAH|CLL|
CLL|TLH,|TLH|TPA|IAH|CLL|
CLL|CKB,|CKB|MGW|IAD|IAH|CLL|
CLL|BAQ,|BAQ|MIA|IAH|CLL|
CLL|CLO,|CLO|MIA|IAH|CLL|
CLL|CTG,|CTG|MIA|IAH|CLL|
CLL|MDE,|MDE|MIA|IAH|CLL|
CLL|ABE,|ABE|ORD|IAH|CLL|
CLL|ATW,|ATW|ORD|IAH|CLL|
CLL|AVL,|AVL|ORD|IAH|CLL|
CLL|AVP,|AVP|ORD|IAH|CLL|
CLL|CAK,|CAK|ATL|IAH|CLL|
CLL|CMX,|CMX|ORD|IAH|CLL|
CLL|CWA,|CWA|ORD|IAH|CLL|
CLL|DLH,|DLH|ORD|IAH|CLL|
CLL|EAU,|EAU|ORD|IAH|CLL|
CLL|ELM,|ELM|ORD|IAH|CLL|
CLL|FOE,|FOE|ORD|IAH|CLL|
CLL|FWA,|FWA|ORD|IAH|CLL|
CLL|GRB,|GRB|ORD|IAH|CLL|
CLL|HPN,|HPN|ORD|IAH|CLL|
CLL|LAN,|LAN|ORD|IAH|CLL|
CLL|MBS,|MBS|ORD|IAH|CLL|
CLL|MKG,|MKG|ORD|IAH|CLL|
CLL|PAH,|PAH|ORD|IAH|CLL|
CLL|SBN,|SBN|ORD|IAH|CLL|
CLL|SPI,|SPI|ORD|IAH|CLL|
CLL|SRQ,|SRQ|ORD|IAH|CLL|
CLL|STC,|STC|ORD|IAH|CLL|
CLL|TVC,|TVC|ORD|IAH|CLL|
CLL|LMT,|LMT|SFO|IAH|CLL|
CLL|HON,|HON|PIR|DEN|IAH|CLL|
CLL|CIC,|CIC|SFO|IAH|CLL|
CLL|MOD,|MOD|SFO|IAH|CLL|
CLL|OTH,|OTH|SFO|IAH|CLL|
CLL|RDD,|RDD|SFO|IAH|CLL|
CLL|EIS,|EIS|SJU|IAH|CLL|
CLL|DME,|DME|VIE|YYZ|IAH|CLL|
CLL|EVN,|EVN|VIE|YYZ|IAH|CLL|
CLL|HOU,|HOU|AUS|IAH|CLL|
CLL|MDW,|MDW|LIT|IAH|CLL|
CLL|OAK,|OAK|LAS|IAH|CLL|
CLL|ECP,|ECP|HOU|AUS|IAH|CLL|
CLL|ISP,|ISP|BWI|IAH|CLL|
CLL|YHM,|YHM|YQM|EWR|IAH|CLL|
CLL|YXX,|YXX|YYC|IAH|CLL|
CLL|YBR,|YBR|YYC|IAH|CLL|
CLL|YKF,|YKF|YYC|IAH|CLL|
CLL|GDN,|CLL|
CLL|TRD,|CLL|
CLL|NKC,|CLL|
CLL|PGA,|CLL|
