COD|BRU,|BRU|ORD|DEN|COD|
COD|OUA,|OUA|BRU|ORD|DEN|COD|
COD|JED,|JED|FRA|DEN|COD|
COD|CPH,|CPH|YYZ|DEN|COD|
COD|YYZ,|YYZ|DEN|COD|
COD|DEN,|DEN|COD|
COD|YUL,|YUL|DEN|COD|
COD|NBO,|NBO|ZRH|ORD|DEN|COD|
COD|ICN,|ICN|YVR|DEN|COD|
COD|NRT,|NRT|DEN|COD|
COD|YHZ,|YHZ|YUL|DEN|COD|
COD|YOW,|YOW|YYZ|DEN|COD|
COD|BJM,|BJM|BRU|ORD|DEN|COD|
COD|COO,|COO|BRU|ORD|DEN|COD|
COD|DKR,|DKR|IAD|DEN|COD|
COD|DLA,|DLA|BRU|ORD|DEN|COD|
COD|KGL,|KGL|BRU|ORD|DEN|COD|
COD|LAD,|LAD|BRU|ORD|DEN|COD|
COD|ABJ,|ABJ|BRU|ORD|DEN|COD|
COD|AMS,|AMS|ORD|DEN|COD|
COD|OSL,|OSL|EWR|DEN|COD|
COD|VNO,|VNO|CPH|YYZ|DEN|COD|
COD|WAW,|WAW|YYZ|DEN|COD|
COD|YYC,|YYC|DEN|COD|
COD|ATL,|ATL|DEN|COD|
COD|MSY,|MSY|DEN|COD|
COD|YEG,|YEG|DEN|COD|
COD|YMM,|YMM|DEN|COD|
COD|YQR,|YQR|DEN|COD|
COD|YVR,|YVR|DEN|COD|
COD|YWG,|YWG|DEN|COD|
COD|YXE,|YXE|DEN|COD|
COD|CKY,|CKY|DKR|IAD|DEN|COD|
COD|FIH,|FIH|DLA|BRU|ORD|DEN|COD|
COD|SCL,|SCL|EZE|IAH|DEN|COD|
COD|LCA,|LCA|FRA|DEN|COD|
COD|NAP,|NAP|FRA|DEN|COD|
COD|VLC,|VLC|FRA|DEN|COD|
COD|BKK,|BKK|CGO|PEK|YVR|DEN|COD|
COD|ADD,|ADD|JED|FRA|DEN|COD|
COD|FRA,|FRA|DEN|COD|
COD|IST,|IST|FRA|DEN|COD|
COD|EBB,|EBB|KGL|BRU|ORD|DEN|COD|
COD|YLW,|YLW|YYC|DEN|COD|
COD|YYT,|YYT|YUL|DEN|COD|
COD|GUA,|GUA|IAH|DEN|COD|
COD|EWR,|EWR|DEN|COD|
COD|IAD,|IAD|DEN|COD|
COD|IAH,|IAH|DEN|COD|
COD|ORD,|ORD|DEN|COD|
COD|SOF,|SOF|MUC|ORD|DEN|COD|
COD|YQB,|YQB|YUL|DEN|COD|
COD|YXU,|YXU|ORD|DEN|COD|
COD|EZE,|EZE|IAH|DEN|COD|
COD|YYJ,|YYJ|YVR|DEN|COD|
COD|YYY,|YYY|YUL|DEN|COD|
COD|YQQ,|YQQ|YBL|YVR|DEN|COD|
COD|YYR,|YYR|YWK|YZV|YUL|DEN|COD|
COD|LHR,|LHR|ORD|DEN|COD|
COD|SFO,|SFO|DEN|COD|
COD|YQU,|YQU|YYC|DEN|COD|
COD|YZF,|YZF|YEG|DEN|COD|
COD|YGR,|YGR|YGP|YQB|YUL|DEN|COD|
COD|YGP,|YGP|YQB|YUL|DEN|COD|
COD|BOS,|BOS|DEN|COD|
COD|YDF,|YDF|YYZ|DEN|COD|
COD|YFC,|YFC|YUL|DEN|COD|
COD|YQM,|YQM|YUL|DEN|COD|
COD|YQX,|YQX|YHZ|YUL|DEN|COD|
COD|YQY,|YQY|YYZ|DEN|COD|
COD|YSJ,|YSJ|YUL|DEN|COD|
COD|YYG,|YYG|YUL|DEN|COD|
COD|LAX,|LAX|DEN|COD|
COD|DCA,|DCA|DEN|COD|
COD|LGA,|LGA|DEN|COD|
COD|YZV,|YZV|YUL|DEN|COD|
COD|YWL,|YWL|YVR|DEN|COD|
COD|AZS,|AZS|YYZ|DEN|COD|
COD|BDL,|BDL|DEN|COD|
COD|CCC,|CCC|YYZ|DEN|COD|
COD|CDG,|CDG|ORD|DEN|COD|
COD|CUN,|CUN|DEN|COD|
COD|CZM,|CZM|IAH|DEN|COD|
COD|FDF,|FDF|YUL|DEN|COD|
COD|FLL,|FLL|DEN|COD|
COD|GVA,|GVA|YUL|DEN|COD|
COD|HOG,|HOG|YYZ|DEN|COD|
COD|LAS,|LAS|DEN|COD|
COD|MBJ,|MBJ|IAH|DEN|COD|
COD|MCO,|MCO|DEN|COD|
COD|MUC,|MUC|ORD|DEN|COD|
COD|PAP,|PAP|YUL|DEN|COD|
COD|PTP,|PTP|YUL|DEN|COD|
COD|PUJ,|PUJ|ATL|DEN|COD|
COD|SNU,|SNU|YYZ|DEN|COD|
COD|VRA,|VRA|YYZ|DEN|COD|
COD|YBC,|YBC|YUL|DEN|COD|
COD|YBG,|YBG|YUL|DEN|COD|
COD|YTZ,|YTZ|YUL|DEN|COD|
COD|YUY,|YUY|YUL|DEN|COD|
COD|YVO,|YVO|YUL|DEN|COD|
COD|ZBF,|ZBF|YUL|DEN|COD|
COD|ZRH,|ZRH|ORD|DEN|COD|
COD|ZSA,|ZSA|YUL|DEN|COD|
COD|AKL,|AKL|LAX|DEN|COD|
COD|HKG,|HKG|YVR|DEN|COD|
COD|HND,|HND|YVR|DEN|COD|
COD|HNL,|HNL|DEN|COD|
COD|MEX,|MEX|DEN|COD|
COD|OGG,|OGG|DEN|COD|
COD|PDX,|PDX|DEN|COD|
COD|PEK,|PEK|YVR|DEN|COD|
COD|PVG,|PVG|YVR|DEN|COD|
COD|PVR,|PVR|DEN|COD|
COD|SEA,|SEA|DEN|COD|
COD|SYD,|SYD|LAX|DEN|COD|
COD|YBL,|YBL|YVR|DEN|COD|
COD|YCD,|YCD|YVR|DEN|COD|
COD|YCG,|YCG|YYC|DEN|COD|
COD|YKA,|YKA|YYC|DEN|COD|
COD|YPR,|YPR|YVR|DEN|COD|
COD|YQZ,|YQZ|YVR|DEN|COD|
COD|YXC,|YXC|YYC|DEN|COD|
COD|YXJ,|YXJ|YYC|DEN|COD|
COD|YXS,|YXS|YYC|DEN|COD|
COD|YXT,|YXT|YVR|DEN|COD|
COD|YXY,|YXY|YVR|DEN|COD|
COD|YYD,|YYD|YVR|DEN|COD|
COD|YYF,|YYF|YVR|DEN|COD|
COD|YZP,|YZP|YVR|DEN|COD|
COD|YQT,|YQT|YWG|DEN|COD|
COD|SJD,|SJD|DEN|COD|
COD|YQF,|YQF|YYC|DEN|COD|
COD|YQL,|YQL|YYC|DEN|COD|
COD|YXH,|YXH|YYC|DEN|COD|
COD|YWK,|YWK|YZV|YUL|DEN|COD|
COD|ANU,|ANU|EWR|DEN|COD|
COD|AUA,|AUA|ATL|DEN|COD|
COD|AUH,|AUH|FRA|DEN|COD|
COD|BCN,|BCN|YYZ|DEN|COD|
COD|BDA,|BDA|EWR|DEN|COD|
COD|BGI,|BGI|YYZ|DEN|COD|
COD|BNA,|BNA|DEN|COD|
COD|BOG,|BOG|IAH|DEN|COD|
COD|BWI,|BWI|DEN|COD|
COD|CLE,|CLE|DEN|COD|
COD|CLT,|CLT|MDW|DEN|COD|
COD|CMH,|CMH|DEN|COD|
COD|CVG,|CVG|DEN|COD|
COD|DFW,|DFW|DEN|COD|
COD|DTW,|DTW|DEN|COD|
COD|DUB,|DUB|ORD|DEN|COD|
COD|FCO,|FCO|YYZ|DEN|COD|
COD|GCM,|GCM|IAH|DEN|COD|
COD|GGT,|GGT|FLL|DEN|COD|
COD|GND,|GND|YYZ|DEN|COD|
COD|GRU,|GRU|IAH|DEN|COD|
COD|HAV,|HAV|YYZ|DEN|COD|
COD|IND,|IND|DEN|COD|
COD|JFK,|JFK|IAD|DEN|COD|
COD|KIN,|KIN|YYZ|DEN|COD|
COD|LIM,|LIM|IAH|DEN|COD|
COD|LIR,|LIR|IAH|DEN|COD|
COD|MCI,|MCI|DEN|COD|
COD|MDT,|MDT|ORD|DEN|COD|
COD|MIA,|MIA|DEN|COD|
COD|MKE,|MKE|DEN|COD|
COD|MSP,|MSP|DEN|COD|
COD|NAS,|NAS|ATL|DEN|COD|
COD|PHL,|PHL|DEN|COD|
COD|PHX,|PHX|DEN|COD|
COD|PIT,|PIT|DEN|COD|
COD|PLS,|PLS|YYZ|DEN|COD|
COD|POP,|POP|YYZ|DEN|COD|
COD|RDU,|RDU|DEN|COD|
COD|ROC,|ROC|ORD|DEN|COD|
COD|RSW,|RSW|DEN|COD|
COD|SAN,|SAN|DEN|COD|
COD|SJO,|SJO|IAH|DEN|COD|
COD|STL,|STL|DEN|COD|
COD|SYR,|SYR|ORD|DEN|COD|
COD|TLV,|TLV|IST|FRA|DEN|COD|
COD|TPA,|TPA|DEN|COD|
COD|UVF,|UVF|EWR|DEN|COD|
COD|VIE,|VIE|ORD|DEN|COD|
COD|YAM,|YAM|YYZ|DEN|COD|
COD|YGK,|YGK|YYZ|DEN|COD|
COD|YQG,|YQG|YYZ|DEN|COD|
COD|YSB,|YSB|YYZ|DEN|COD|
COD|YTS,|YTS|YYZ|DEN|COD|
COD|YYB,|YYB|YYZ|DEN|COD|
COD|YZR,|YZR|YYZ|DEN|COD|
COD|CAN,|CAN|YVR|DEN|COD|
COD|URC,|URC|PEK|YVR|DEN|COD|
COD|CTU,|CTU|PEK|YVR|DEN|COD|
COD|HGH,|HGH|DLC|ICN|YVR|DEN|COD|
COD|XMN,|XMN|PEK|YVR|DEN|COD|
COD|CGO,|CGO|PEK|YVR|DEN|COD|
COD|CSX,|CSX|ICN|YVR|DEN|COD|
COD|SHE,|SHE|ICN|YVR|DEN|COD|
COD|SJW,|SJW|DLC|ICN|YVR|DEN|COD|
COD|WUH,|WUH|ICN|YVR|DEN|COD|
COD|SZX,|SZX|PVG|YVR|DEN|COD|
COD|CKG,|CKG|PEK|YVR|DEN|COD|
COD|KMG,|KMG|PEK|YVR|DEN|COD|
COD|FOC,|FOC|PEK|YVR|DEN|COD|
COD|NNG,|NNG|PEK|YVR|DEN|COD|
COD|SWA,|SWA|PEK|YVR|DEN|COD|
COD|ACX,|ACX|CAN|YVR|DEN|COD|
COD|AQG,|AQG|CAN|YVR|DEN|COD|
COD|AVA,|AVA|CAN|YVR|DEN|COD|
COD|BFJ,|BFJ|CAN|YVR|DEN|COD|
COD|BHY,|BHY|CSX|ICN|YVR|DEN|COD|
COD|BNE,|BNE|CAN|YVR|DEN|COD|
COD|CGD,|CGD|PEK|YVR|DEN|COD|
COD|CGK,|CGK|CAN|YVR|DEN|COD|
COD|CGQ,|CGQ|ICN|YVR|DEN|COD|
COD|CIH,|CIH|PEK|YVR|DEN|COD|
COD|CNX,|CNX|CAN|YVR|DEN|COD|
COD|CZX,|CZX|SHE|ICN|YVR|DEN|COD|
COD|DAC,|DAC|CAN|YVR|DEN|COD|
COD|DAD,|DAD|CAN|YVR|DEN|COD|
COD|DEL,|DEL|EWR|DEN|COD|
COD|DIG,|DIG|KMG|PEK|YVR|DEN|COD|
COD|DLC,|DLC|ICN|YVR|DEN|COD|
COD|DPS,|DPS|SZX|PVG|YVR|DEN|COD|
COD|DXB,|DXB|IST|FRA|DEN|COD|
COD|DYG,|DYG|PEK|YVR|DEN|COD|
COD|FUG,|FUG|CAN|YVR|DEN|COD|
COD|FUK,|FUK|ICN|YVR|DEN|COD|
COD|HAK,|HAK|CAN|YVR|DEN|COD|
COD|HAN,|HAN|PEK|YVR|DEN|COD|
COD|HDG,|HDG|CAN|YVR|DEN|COD|
COD|HET,|HET|DLC|ICN|YVR|DEN|COD|
COD|HFE,|HFE|TYN|DLC|ICN|YVR|DEN|COD|
COD|HJJ,|HJJ|CSX|ICN|YVR|DEN|COD|
COD|HKT,|HKT|KWE|PEK|YVR|DEN|COD|
COD|HRB,|HRB|ICN|YVR|DEN|COD|
COD|HZH,|HZH|CAN|YVR|DEN|COD|
COD|JIU,|JIU|CAN|YVR|DEN|COD|
COD|JJN,|JJN|PEK|YVR|DEN|COD|
COD|JNG,|JNG|CAN|YVR|DEN|COD|
COD|KHN,|KHN|DLC|ICN|YVR|DEN|COD|
COD|KIX,|KIX|SFO|DEN|COD|
COD|KOW,|KOW|PEK|YVR|DEN|COD|
COD|KTM,|KTM|CAN|YVR|DEN|COD|
COD|KUL,|KUL|PVG|YVR|DEN|COD|
COD|KWE,|KWE|PEK|YVR|DEN|COD|
COD|KWL,|KWL|PEK|YVR|DEN|COD|
COD|LHW,|LHW|CGO|PEK|YVR|DEN|COD|
COD|LYA,|LYA|KHN|DLC|ICN|YVR|DEN|COD|
COD|LYG,|LYG|HSN|PEK|YVR|DEN|COD|
COD|LZH,|LZH|CAN|YVR|DEN|COD|
COD|MEL,|MEL|SYD|LAX|DEN|COD|
COD|MIG,|MIG|CSX|ICN|YVR|DEN|COD|
COD|MLE,|MLE|IST|FRA|DEN|COD|
COD|MNL,|MNL|XMN|PEK|YVR|DEN|COD|
COD|MXZ,|MXZ|CAN|YVR|DEN|COD|
COD|NAO,|NAO|PEK|YVR|DEN|COD|
COD|NGB,|NGB|DLC|ICN|YVR|DEN|COD|
COD|NKG,|NKG|DLC|ICN|YVR|DEN|COD|
COD|NNY,|NNY|CGO|PEK|YVR|DEN|COD|
COD|PEN,|PEN|CAN|YVR|DEN|COD|
COD|PER,|PER|CAN|YVR|DEN|COD|
COD|PNH,|PNH|CAN|YVR|DEN|COD|
COD|REP,|REP|ICN|YVR|DEN|COD|
COD|RGN,|RGN|CAN|YVR|DEN|COD|
COD|SGN,|SGN|HKG|YVR|DEN|COD|
COD|SHA,|SHA|PEK|YVR|DEN|COD|
COD|SIN,|SIN|HKG|YVR|DEN|COD|
COD|SVO,|SVO|URC|PEK|YVR|DEN|COD|
COD|SYX,|SYX|CAN|YVR|DEN|COD|
COD|TAO,|TAO|DLC|ICN|YVR|DEN|COD|
COD|TEN,|TEN|PEK|YVR|DEN|COD|
COD|TNA,|TNA|DLC|ICN|YVR|DEN|COD|
COD|TPE,|TPE|PVG|YVR|DEN|COD|
COD|TSN,|TSN|DLC|ICN|YVR|DEN|COD|
COD|TXN,|TXN|DLC|ICN|YVR|DEN|COD|
COD|TYN,|TYN|DLC|ICN|YVR|DEN|COD|
COD|WNZ,|WNZ|CGO|PEK|YVR|DEN|COD|
COD|WUX,|WUX|CAN|YVR|DEN|COD|
COD|XFN,|XFN|CAN|YVR|DEN|COD|
COD|XIY,|XIY|PEK|YVR|DEN|COD|
COD|XUZ,|XUZ|LYG|HSN|PEK|YVR|DEN|COD|
COD|YIH,|YIH|CKG|PEK|YVR|DEN|COD|
COD|YIW,|YIW|PEK|YVR|DEN|COD|
COD|YNT,|YNT|SHE|ICN|YVR|DEN|COD|
COD|YNZ,|YNZ|DLC|ICN|YVR|DEN|COD|
COD|YTY,|YTY|DLC|ICN|YVR|DEN|COD|
COD|ZHA,|ZHA|CAN|YVR|DEN|COD|
COD|ZYI,|ZYI|PEK|YVR|DEN|COD|
COD|BAV,|BAV|SJW|DLC|ICN|YVR|DEN|COD|
COD|CJU,|CJU|DLC|ICN|YVR|DEN|COD|
COD|DSN,|DSN|CGO|PEK|YVR|DEN|COD|
COD|HMI,|HMI|CGO|PEK|YVR|DEN|COD|
COD|INC,|INC|PEK|YVR|DEN|COD|
COD|KHH,|KHH|CGO|PEK|YVR|DEN|COD|
COD|UYN,|UYN|CGO|PEK|YVR|DEN|COD|
COD|XNN,|XNN|PEK|YVR|DEN|COD|
COD|ZUH,|ZUH|PVG|YVR|DEN|COD|
COD|YNJ,|YNJ|ICN|YVR|DEN|COD|
COD|DAT,|DAT|CIH|PEK|YVR|DEN|COD|
COD|JHG,|JHG|CKG|PEK|YVR|DEN|COD|
COD|LJG,|LJG|CKG|PEK|YVR|DEN|COD|
COD|LXA,|LXA|XIY|PEK|YVR|DEN|COD|
COD|YCU,|YCU|CSX|ICN|YVR|DEN|COD|
COD|LZO,|LZO|CSX|ICN|YVR|DEN|COD|
COD|MDG,|MDG|ICN|YVR|DEN|COD|
COD|NGO,|NGO|ICN|YVR|DEN|COD|
COD|TOY,|TOY|DLC|ICN|YVR|DEN|COD|
COD|MFM,|MFM|XMN|PEK|YVR|DEN|COD|
COD|TGO,|TGO|HET|DLC|ICN|YVR|DEN|COD|
COD|XIL,|XIL|HET|DLC|ICN|YVR|DEN|COD|
COD|HEK,|HEK|HRB|ICN|YVR|DEN|COD|
COD|KIJ,|KIJ|HRB|ICN|YVR|DEN|COD|
COD|LDS,|LDS|HRB|ICN|YVR|DEN|COD|
COD|OHE,|OHE|HRB|ICN|YVR|DEN|COD|
COD|HSN,|HSN|PEK|YVR|DEN|COD|
COD|DLU,|DLU|KMG|PEK|YVR|DEN|COD|
COD|SYM,|SYM|KMG|PEK|YVR|DEN|COD|
COD|ZAT,|ZAT|KMG|PEK|YVR|DEN|COD|
COD|LUN,|LUN|NBO|ZRH|ORD|DEN|COD|
COD|AOG,|AOG|PEK|YVR|DEN|COD|
COD|GMP,|GMP|PEK|YVR|DEN|COD|
COD|ISB,|ISB|IST|FRA|DEN|COD|
COD|TAS,|TAS|IST|FRA|DEN|COD|
COD|WUS,|WUS|PEK|YVR|DEN|COD|
COD|JMU,|JMU|PVG|YVR|DEN|COD|
COD|NDG,|NDG|PVG|YVR|DEN|COD|
COD|JXA,|JXA|SHE|ICN|YVR|DEN|COD|
COD|PUS,|PUS|SHE|ICN|YVR|DEN|COD|
COD|BKI,|BKI|SZX|PVG|YVR|DEN|COD|
COD|AKU,|AKU|URC|PEK|YVR|DEN|COD|
COD|ALA,|ALA|TSE|FRA|DEN|COD|
COD|ASB,|ASB|GYD|FRA|DEN|COD|
COD|DNH,|DNH|XIY|PEK|YVR|DEN|COD|
COD|DYU,|DYU|IST|FRA|DEN|COD|
COD|FRU,|FRU|IST|FRA|DEN|COD|
COD|GYD,|GYD|FRA|DEN|COD|
COD|HTN,|HTN|URC|PEK|YVR|DEN|COD|
COD|IKA,|IKA|SAW|FRA|DEN|COD|
COD|KCA,|KCA|URC|PEK|YVR|DEN|COD|
COD|KHG,|KHG|URC|PEK|YVR|DEN|COD|
COD|KRL,|KRL|URC|PEK|YVR|DEN|COD|
COD|KRY,|KRY|URC|PEK|YVR|DEN|COD|
COD|LBD,|LBD|URC|PEK|YVR|DEN|COD|
COD|NLT,|NLT|URC|PEK|YVR|DEN|COD|
COD|OSS,|OSS|IST|FRA|DEN|COD|
COD|OVB,|OVB|URC|PEK|YVR|DEN|COD|
COD|TBS,|TBS|SAW|FRA|DEN|COD|
COD|TCG,|TCG|URC|PEK|YVR|DEN|COD|
COD|TSE,|TSE|FRA|DEN|COD|
COD|YIN,|YIN|URC|PEK|YVR|DEN|COD|
COD|ENH,|ENH|WUH|ICN|YVR|DEN|COD|
COD|ENY,|ENY|XIY|PEK|YVR|DEN|COD|
COD|WXN,|WXN|XIY|PEK|YVR|DEN|COD|
COD|BLL,|BLL|IST|FRA|DEN|COD|
COD|ESB,|ESB|FRA|DEN|COD|
COD|SAW,|SAW|FRA|DEN|COD|
COD|HAM,|HAM|EWR|DEN|COD|
COD|HRE,|HRE|ADD|JED|FRA|DEN|COD|
COD|JUB,|JUB|CAI|IST|FRA|DEN|COD|
COD|SSG,|SSG|DLA|BRU|ORD|DEN|COD|
COD|BGW,|BGW|ESB|FRA|DEN|COD|
COD|EBL,|EBL|IST|FRA|DEN|COD|
COD|VKO,|VKO|IST|FRA|DEN|COD|
COD|MCT,|MCT|IST|FRA|DEN|COD|
COD|AYT,|AYT|IST|FRA|DEN|COD|
COD|SCQ,|SCQ|BIO|IST|FRA|DEN|COD|
COD|AAL,|AAL|IST|FRA|DEN|COD|
COD|AOE,|AOE|BRU|ORD|DEN|COD|
COD|JNB,|JNB|DKR|IAD|DEN|COD|
COD|LBV,|LBV|DLA|BRU|ORD|DEN|COD|
COD|ADA,|ADA|SAW|FRA|DEN|COD|
COD|ADB,|ADB|IST|FRA|DEN|COD|
COD|ADF,|ADF|ESB|FRA|DEN|COD|
COD|AJI,|AJI|ESB|FRA|DEN|COD|
COD|BAL,|BAL|ESB|FRA|DEN|COD|
COD|BJV,|BJV|IST|FRA|DEN|COD|
COD|CKZ,|CKZ|ESB|FRA|DEN|COD|
COD|DIY,|DIY|ESB|FRA|DEN|COD|
COD|ECN,|ECN|IST|FRA|DEN|COD|
COD|ERC,|ERC|ESB|FRA|DEN|COD|
COD|ERZ,|ERZ|ESB|FRA|DEN|COD|
COD|EZS,|EZS|ESB|FRA|DEN|COD|
COD|GNY,|GNY|ESB|FRA|DEN|COD|
COD|GZP,|GZP|ESB|FRA|DEN|COD|
COD|GZT,|GZT|ESB|FRA|DEN|COD|
COD|HTY,|HTY|SAW|FRA|DEN|COD|
COD|KCM,|KCM|ESB|FRA|DEN|COD|
COD|KSY,|KSY|ESB|FRA|DEN|COD|
COD|MLX,|MLX|ESB|FRA|DEN|COD|
COD|MQM,|MQM|ESB|FRA|DEN|COD|
COD|MSR,|MSR|ESB|FRA|DEN|COD|
COD|TEQ,|TEQ|ESB|FRA|DEN|COD|
COD|TZX,|TZX|ESB|FRA|DEN|COD|
COD|VAN,|VAN|ESB|FRA|DEN|COD|
COD|ULN,|ULN|FRU|IST|FRA|DEN|COD|
COD|HIJ,|HIJ|ICN|YVR|DEN|COD|
COD|VVO,|VVO|ICN|YVR|DEN|COD|
COD|ACC,|ACC|IST|FRA|DEN|COD|
COD|AER,|AER|IST|FRA|DEN|COD|
COD|AGP,|AGP|IST|FRA|DEN|COD|
COD|ALG,|ALG|IST|FRA|DEN|COD|
COD|AMM,|AMM|IST|FRA|DEN|COD|
COD|AQJ,|AQJ|IST|FRA|DEN|COD|
COD|ARN,|ARN|EWR|DEN|COD|
COD|ASR,|ASR|SAW|FRA|DEN|COD|
COD|ATH,|ATH|IST|FRA|DEN|COD|
COD|BAH,|BAH|IST|FRA|DEN|COD|
COD|BEG,|BEG|IST|FRA|DEN|COD|
COD|BEN,|BEN|IST|FRA|DEN|COD|
COD|BEY,|BEY|IST|FRA|DEN|COD|
COD|BHX,|BHX|EWR|DEN|COD|
COD|BIO,|BIO|IST|FRA|DEN|COD|
COD|BLQ,|BLQ|IST|FRA|DEN|COD|
COD|BOM,|BOM|IST|FRA|DEN|COD|
COD|BRE,|BRE|IST|FRA|DEN|COD|
COD|BSL,|BSL|IST|FRA|DEN|COD|
COD|BSR,|BSR|IST|FRA|DEN|COD|
COD|BUD,|BUD|IST|FRA|DEN|COD|
COD|BUS,|BUS|IST|FRA|DEN|COD|
COD|CAI,|CAI|IST|FRA|DEN|COD|
COD|CGN,|CGN|IST|FRA|DEN|COD|
COD|CMN,|CMN|IST|FRA|DEN|COD|
COD|CND,|CND|IST|FRA|DEN|COD|
COD|DAR,|DAR|NBO|ZRH|ORD|DEN|COD|
COD|DLM,|DLM|IST|FRA|DEN|COD|
COD|DMM,|DMM|IST|FRA|DEN|COD|
COD|DNK,|DNK|IST|FRA|DEN|COD|
COD|DNZ,|DNZ|IST|FRA|DEN|COD|
COD|DOK,|DOK|IST|FRA|DEN|COD|
COD|DUS,|DUS|ORD|DEN|COD|
COD|EDI,|EDI|EWR|DEN|COD|
COD|ELQ,|ELQ|IST|FRA|DEN|COD|
COD|FDH,|FDH|IST|FRA|DEN|COD|
COD|GOA,|GOA|IST|FRA|DEN|COD|
COD|GOT,|GOT|BRU|ORD|DEN|COD|
COD|HAJ,|HAJ|BRU|ORD|DEN|COD|
COD|HBE,|HBE|IST|FRA|DEN|COD|
COD|HEL,|HEL|IST|FRA|DEN|COD|
COD|HRG,|HRG|IST|FRA|DEN|COD|
COD|IFN,|IFN|IST|FRA|DEN|COD|
COD|ISE,|ISE|IST|FRA|DEN|COD|
COD|ISU,|ISU|IST|FRA|DEN|COD|
COD|JIB,|JIB|IST|FRA|DEN|COD|
COD|JRO,|JRO|IST|FRA|DEN|COD|
COD|KAN,|KAN|IST|FRA|DEN|COD|
COD|KBL,|KBL|IST|FRA|DEN|COD|
COD|KBP,|KBP|IST|FRA|DEN|COD|
COD|KFS,|KFS|IST|FRA|DEN|COD|
COD|KHI,|KHI|IST|FRA|DEN|COD|
COD|KIV,|KIV|IST|FRA|DEN|COD|
COD|KRT,|KRT|IST|FRA|DEN|COD|
COD|KSH,|KSH|IST|FRA|DEN|COD|
COD|KVD,|KVD|IST|FRA|DEN|COD|
COD|KWI,|KWI|SAW|FRA|DEN|COD|
COD|KYA,|KYA|IST|FRA|DEN|COD|
COD|KZN,|KZN|IST|FRA|DEN|COD|
COD|KZR,|KZR|IST|FRA|DEN|COD|
COD|LED,|LED|VIE|ORD|DEN|COD|
COD|LEJ,|LEJ|IST|FRA|DEN|COD|
COD|LGW,|LGW|IST|FRA|DEN|COD|
COD|LHE,|LHE|IST|FRA|DEN|COD|
COD|LIS,|LIS|EWR|DEN|COD|
COD|LJU,|LJU|IST|FRA|DEN|COD|
COD|LOS,|LOS|IAH|DEN|COD|
COD|LUX,|LUX|IST|FRA|DEN|COD|
COD|LWO,|LWO|IST|FRA|DEN|COD|
COD|LYS,|LYS|IST|FRA|DEN|COD|
COD|MAD,|MAD|EWR|DEN|COD|
COD|MAN,|MAN|EWR|DEN|COD|
COD|MED,|MED|IST|FRA|DEN|COD|
COD|MHD,|MHD|IST|FRA|DEN|COD|
COD|MLA,|MLA|IST|FRA|DEN|COD|
COD|MRS,|MRS|IST|FRA|DEN|COD|
COD|MSQ,|MSQ|IST|FRA|DEN|COD|
COD|MXP,|MXP|EWR|DEN|COD|
COD|MZH,|MZH|IST|FRA|DEN|COD|
COD|MZR,|MZR|IST|FRA|DEN|COD|
COD|NAJ,|NAJ|IST|FRA|DEN|COD|
COD|NAV,|NAV|IST|FRA|DEN|COD|
COD|NCE,|NCE|IST|FRA|DEN|COD|
COD|NIM,|NIM|IST|FRA|DEN|COD|
COD|NJF,|NJF|IST|FRA|DEN|COD|
COD|NSI,|NSI|BRU|ORD|DEN|COD|
COD|NUE,|NUE|IST|FRA|DEN|COD|
COD|ODS,|ODS|IST|FRA|DEN|COD|
COD|ORN,|ORN|IST|FRA|DEN|COD|
COD|OTP,|OTP|IST|FRA|DEN|COD|
COD|PRG,|PRG|BRU|ORD|DEN|COD|
COD|PRN,|PRN|IST|FRA|DEN|COD|
COD|RIX,|RIX|IST|FRA|DEN|COD|
COD|ROV,|ROV|IST|FRA|DEN|COD|
COD|RTM,|RTM|IST|FRA|DEN|COD|
COD|RUH,|RUH|IST|FRA|DEN|COD|
COD|SAH,|SAH|IST|FRA|DEN|COD|
COD|SJJ,|SJJ|IST|FRA|DEN|COD|
COD|SKG,|SKG|IST|FRA|DEN|COD|
COD|SKP,|SKP|IST|FRA|DEN|COD|
COD|SSH,|SSH|IST|FRA|DEN|COD|
COD|STR,|STR|EWR|DEN|COD|
COD|SVX,|SVX|IST|FRA|DEN|COD|
COD|SYZ,|SYZ|IST|FRA|DEN|COD|
COD|SZG,|SZG|IST|FRA|DEN|COD|
COD|TBZ,|TBZ|IST|FRA|DEN|COD|
COD|TGD,|TGD|IST|FRA|DEN|COD|
COD|TIA,|TIA|IST|FRA|DEN|COD|
COD|TIF,|TIF|IST|FRA|DEN|COD|
COD|TIP,|TIP|IST|FRA|DEN|COD|
COD|TLL,|TLL|VNO|CPH|YYZ|DEN|COD|
COD|TLS,|TLS|IST|FRA|DEN|COD|
COD|TRN,|TRN|IST|FRA|DEN|COD|
COD|TUN,|TUN|IST|FRA|DEN|COD|
COD|TXL,|TXL|EWR|DEN|COD|
COD|UFA,|UFA|IST|FRA|DEN|COD|
COD|VAS,|VAS|SAW|FRA|DEN|COD|
COD|VCE,|VCE|IST|FRA|DEN|COD|
COD|YNB,|YNB|IST|FRA|DEN|COD|
COD|ZAG,|ZAG|IST|FRA|DEN|COD|
COD|MGQ,|MGQ|JIB|IST|FRA|DEN|COD|
COD|CPT,|CPT|JNB|DKR|IAD|DEN|COD|
COD|MBA,|MBA|JRO|IST|FRA|DEN|COD|
COD|NDJ,|NDJ|KAN|IST|FRA|DEN|COD|
COD|CMB,|CMB|MLE|IST|FRA|DEN|COD|
COD|ADE,|ADE|SAH|IST|FRA|DEN|COD|
COD|ASF,|ASF|SAW|FRA|DEN|COD|
COD|STW,|STW|SAW|FRA|DEN|COD|
COD|LFW,|LFW|ABJ|BRU|ORD|DEN|COD|
COD|CEC,|CEC|ACV|SMF|DEN|COD|
COD|SMF,|SMF|DEN|COD|
COD|CDR,|CDR|AIA|DEN|COD|
COD|FMN,|FMN|DEN|COD|
COD|JST,|JST|IAD|DEN|COD|
COD|JHW,|JHW|CLE|DEN|COD|
COD|SHD,|SHD|IAD|DEN|COD|
COD|PTY,|PTY|IAH|DEN|COD|
COD|FNA,|FNA|BRU|ORD|DEN|COD|
COD|SXB,|SXB|BRU|ORD|DEN|COD|
COD|ACV,|ACV|SMF|DEN|COD|
COD|MGW,|MGW|IAD|DEN|COD|
COD|ALB,|ALB|ORD|DEN|COD|
COD|AUS,|AUS|DEN|COD|
COD|BFD,|BFD|CLE|DEN|COD|
COD|BUF,|BUF|ORD|DEN|COD|
COD|CHS,|CHS|BNA|DEN|COD|
COD|DAY,|DAY|DEN|COD|
COD|DUJ,|DUJ|CLE|DEN|COD|
COD|ERI,|ERI|CLE|DEN|COD|
COD|FKL,|FKL|CLE|DEN|COD|
COD|FNT,|FNT|CLE|DEN|COD|
COD|GRR,|GRR|DEN|COD|
COD|GSP,|GSP|BNA|DEN|COD|
COD|PBI,|PBI|TPA|DEN|COD|
COD|PKB,|PKB|CLE|DEN|COD|
COD|RIC,|RIC|ORD|DEN|COD|
COD|SDF,|SDF|DEN|COD|
COD|GUM,|GUM|HNL|DEN|COD|
COD|WRL,|WRL|CYS|DEN|COD|
COD|LBL,|COD|
COD|ABQ,|ABQ|DEN|COD|
COD|AIA,|AIA|DEN|COD|
COD|ALS,|ALS|DEN|COD|
COD|AMA,|AMA|DEN|COD|
COD|ANC,|ANC|DEN|COD|
COD|ASE,|ASE|DEN|COD|
COD|BFL,|BFL|DEN|COD|
COD|BHM,|BHM|DEN|COD|
COD|BIL,|BIL|DEN|COD|
COD|BIS,|BIS|DEN|COD|
COD|BOI,|BOI|DEN|COD|
COD|BUR,|BUR|DEN|COD|
COD|BZN,|BZN|DEN|COD|
COD|CID,|CID|DEN|COD|
COD|COS,|COS|DEN|COD|
COD|CPR,|CPR|DEN|COD|
COD|CYS,|CYS|DEN|COD|
COD|DIK,|DIK|DEN|COD|
COD|DRO,|DRO|DEN|COD|
COD|DSM,|DSM|DEN|COD|
COD|EGE,|EGE|DEN|COD|
COD|ELP,|ELP|DEN|COD|
COD|EUG,|EUG|DEN|COD|
COD|FAR,|FAR|DEN|COD|
COD|FAT,|FAT|DEN|COD|
COD|FCA,|FCA|DEN|COD|
COD|FSD,|FSD|DEN|COD|
COD|GCC,|GCC|DEN|COD|
COD|GEG,|GEG|DEN|COD|
COD|GJT,|GJT|DEN|COD|
COD|GTF,|GTF|DEN|COD|
COD|GUC,|GUC|DEN|COD|
COD|HDN,|HDN|DEN|COD|
COD|HLN,|HLN|DEN|COD|
COD|HSV,|HSV|DEN|COD|
COD|ICT,|ICT|DEN|COD|
COD|IDA,|IDA|DEN|COD|
COD|ISN,|ISN|DEN|COD|
COD|JAC,|JAC|DEN|COD|
COD|KOA,|KOA|DEN|COD|
COD|LAR,|LAR|DEN|COD|
COD|LBB,|LBB|DEN|COD|
COD|LIH,|LIH|DEN|COD|
COD|LIT,|LIT|DEN|COD|
COD|LNK,|LNK|DEN|COD|
COD|MAF,|MAF|DEN|COD|
COD|MEM,|MEM|DEN|COD|
COD|MFR,|MFR|DEN|COD|
COD|MLI,|MLI|DEN|COD|
COD|MOT,|MOT|DEN|COD|
COD|MRY,|MRY|DEN|COD|
COD|MSN,|MSN|DEN|COD|
COD|MSO,|MSO|DEN|COD|
COD|MTJ,|MTJ|DEN|COD|
COD|OKC,|OKC|DEN|COD|
COD|OMA,|OMA|DEN|COD|
COD|ONT,|ONT|DEN|COD|
COD|PIA,|PIA|DEN|COD|
COD|PIR,|PIR|DEN|COD|
COD|PSC,|PSC|DEN|COD|
COD|PSP,|PSP|DEN|COD|
COD|PUB,|PUB|DEN|COD|
COD|RAP,|RAP|DEN|COD|
COD|RDM,|RDM|DEN|COD|
COD|RKS,|RKS|DEN|COD|
COD|RNO,|RNO|DEN|COD|
COD|SAF,|SAF|DEN|COD|
COD|SAT,|SAT|DEN|COD|
COD|SBA,|SBA|DEN|COD|
COD|SGF,|SGF|DEN|COD|
COD|SGU,|SGU|DEN|COD|
COD|SHV,|SHV|DEN|COD|
COD|SJC,|SJC|DEN|COD|
COD|SLC,|SLC|DEN|COD|
COD|SNA,|SNA|DEN|COD|
COD|TUL,|TUL|DEN|COD|
COD|TUS,|TUS|DEN|COD|
COD|TYS,|TYS|DEN|COD|
COD|XNA,|XNA|DEN|COD|
COD|SAL,|SAL|IAH|DEN|COD|
COD|BJL,|BJL|DKR|IAD|DEN|COD|
COD|BFS,|BFS|EWR|DEN|COD|
COD|BON,|BON|IAH|DEN|COD|
COD|BQN,|BQN|EWR|DEN|COD|
COD|BTV,|BTV|ORD|DEN|COD|
COD|BZE,|BZE|IAH|DEN|COD|
COD|GLA,|GLA|EWR|DEN|COD|
COD|GSO,|GSO|ORD|DEN|COD|
COD|ITH,|ITH|EWR|DEN|COD|
COD|JAX,|JAX|DEN|COD|
COD|MHT,|MHT|ORD|DEN|COD|
COD|MYR,|MYR|ORD|DEN|COD|
COD|ORF,|ORF|MDW|DEN|COD|
COD|POS,|POS|IAH|DEN|COD|
COD|PVD,|PVD|ORD|DEN|COD|
COD|PWM,|PWM|ORD|DEN|COD|
COD|SAP,|SAP|IAH|DEN|COD|
COD|SAV,|SAV|ORD|DEN|COD|
COD|SDQ,|SDQ|EWR|DEN|COD|
COD|SJU,|SJU|MCO|DEN|COD|
COD|SNN,|SNN|EWR|DEN|COD|
COD|STT,|STT|ORD|DEN|COD|
COD|SXM,|SXM|ORD|DEN|COD|
COD|BIM,|BIM|FLL|DEN|COD|
COD|ELH,|ELH|PBI|TPA|DEN|COD|
COD|EYW,|EYW|MSY|DEN|COD|
COD|FPO,|FPO|FLL|DEN|COD|
COD|GHB,|GHB|FLL|DEN|COD|
COD|MHH,|MHH|MCO|DEN|COD|
COD|TCB,|TCB|FLL|DEN|COD|
COD|SOW,|SOW|FMN|DEN|COD|
COD|ROB,|ROB|FNA|BRU|ORD|DEN|COD|
COD|GIG,|GIG|IAH|DEN|COD|
COD|CNS,|CNS|GUM|HNL|DEN|COD|
COD|CTS,|CTS|GUM|HNL|DEN|COD|
COD|OKJ,|OKJ|GUM|HNL|DEN|COD|
COD|ROP,|ROP|GUM|HNL|DEN|COD|
COD|ROR,|ROR|GUM|HNL|DEN|COD|
COD|SDJ,|SDJ|GUM|HNL|DEN|COD|
COD|SPN,|SPN|GUM|HNL|DEN|COD|
COD|TKK,|TKK|PNI|KWA|MAJ|HNL|DEN|COD|
COD|YAP,|YAP|GUM|HNL|DEN|COD|
COD|MAJ,|MAJ|HNL|DEN|COD|
COD|AOO,|AOO|IAD|DEN|COD|
COD|BGM,|BGM|IAD|DEN|COD|
COD|BKW,|BKW|IAD|DEN|COD|
COD|CAE,|CAE|ORD|DEN|COD|
COD|CHO,|CHO|IAD|DEN|COD|
COD|CRW,|CRW|ORD|DEN|COD|
COD|FAY,|FAY|IAD|DEN|COD|
COD|LWB,|LWB|IAD|DEN|COD|
COD|ROA,|ROA|ORD|DEN|COD|
COD|SCE,|SCE|ORD|DEN|COD|
COD|ACA,|ACA|IAH|DEN|COD|
COD|ACY,|ACY|ORD|DEN|COD|
COD|AEX,|AEX|IAH|DEN|COD|
COD|AGU,|AGU|IAH|DEN|COD|
COD|BJX,|BJX|IAH|DEN|COD|
COD|BRO,|BRO|IAH|DEN|COD|
COD|BTR,|BTR|IAH|DEN|COD|
COD|CCS,|CCS|IAH|DEN|COD|
COD|CLL,|CLL|IAH|DEN|COD|
COD|CME,|CME|IAH|DEN|COD|
COD|CRP,|CRP|IAH|DEN|COD|
COD|CUU,|CUU|IAH|DEN|COD|
COD|DAL,|DAL|OKC|DEN|COD|
COD|DGO,|DGO|IAH|DEN|COD|
COD|GDL,|GDL|IAH|DEN|COD|
COD|GPT,|GPT|IAH|DEN|COD|
COD|GRK,|GRK|IAH|DEN|COD|
COD|HOB,|HOB|IAH|DEN|COD|
COD|HRL,|HRL|SAT|DEN|COD|
COD|HUX,|HUX|IAH|DEN|COD|
COD|JAN,|JAN|IAH|DEN|COD|
COD|LCH,|LCH|IAH|DEN|COD|
COD|LEX,|LEX|ORD|DEN|COD|
COD|LFT,|LFT|IAH|DEN|COD|
COD|LRD,|LRD|IAH|DEN|COD|
COD|MFE,|MFE|IAH|DEN|COD|
COD|MGA,|MGA|IAH|DEN|COD|
COD|MID,|MID|IAH|DEN|COD|
COD|MLM,|MLM|IAH|DEN|COD|
COD|MLU,|MLU|IAH|DEN|COD|
COD|MOB,|MOB|IAH|DEN|COD|
COD|MTY,|MTY|IAH|DEN|COD|
COD|OAX,|OAX|IAH|DEN|COD|
COD|PBC,|PBC|IAH|DEN|COD|
COD|PNS,|PNS|IAH|DEN|COD|
COD|QRO,|QRO|IAH|DEN|COD|
COD|RTB,|RTB|IAH|DEN|COD|
COD|SLP,|SLP|IAH|DEN|COD|
COD|SLW,|SLW|IAH|DEN|COD|
COD|TAM,|TAM|IAH|DEN|COD|
COD|TGU,|TGU|IAH|DEN|COD|
COD|TRC,|TRC|IAH|DEN|COD|
COD|TYR,|TYR|IAH|DEN|COD|
COD|UIO,|UIO|IAH|DEN|COD|
COD|VER,|VER|IAH|DEN|COD|
COD|VPS,|VPS|IAH|DEN|COD|
COD|VSA,|VSA|IAH|DEN|COD|
COD|ZIH,|ZIH|IAH|DEN|COD|
COD|ZLO,|ZLO|IAH|DEN|COD|
COD|KWA,|KWA|MAJ|HNL|DEN|COD|
COD|PNI,|PNI|KWA|MAJ|HNL|DEN|COD|
COD|KSA,|KSA|KWA|MAJ|HNL|DEN|COD|
COD|CLD,|CLD|LAX|DEN|COD|
COD|ITO,|ITO|LAX|DEN|COD|
COD|SBP,|SBP|LAX|DEN|COD|
COD|SMX,|SMX|LAX|DEN|COD|
COD|YUM,|YUM|LAX|DEN|COD|
COD|DDC,|COD|
COD|TMS,|TMS|LIS|EWR|DEN|COD|
COD|PHC,|PHC|LOS|IAH|DEN|COD|
COD|GNV,|GNV|TPA|DEN|COD|
COD|TLH,|TLH|TPA|DEN|COD|
COD|CKB,|CKB|MGW|IAD|DEN|COD|
COD|BAQ,|BAQ|MIA|DEN|COD|
COD|CLO,|CLO|MIA|DEN|COD|
COD|CTG,|CTG|MIA|DEN|COD|
COD|MDE,|MDE|MIA|DEN|COD|
COD|ABE,|ABE|ORD|DEN|COD|
COD|ATW,|ATW|ORD|DEN|COD|
COD|AVL,|AVL|ORD|DEN|COD|
COD|AVP,|AVP|ORD|DEN|COD|
COD|CAK,|CAK|DEN|COD|
COD|CMX,|CMX|ORD|DEN|COD|
COD|CWA,|CWA|ORD|DEN|COD|
COD|DLH,|DLH|ORD|DEN|COD|
COD|EAU,|EAU|ORD|DEN|COD|
COD|ELM,|ELM|ORD|DEN|COD|
COD|FOE,|FOE|ORD|DEN|COD|
COD|FWA,|FWA|ORD|DEN|COD|
COD|GRB,|GRB|ORD|DEN|COD|
COD|HPN,|HPN|ORD|DEN|COD|
COD|LAN,|LAN|ORD|DEN|COD|
COD|MBS,|MBS|ORD|DEN|COD|
COD|MKG,|MKG|ORD|DEN|COD|
COD|PAH,|PAH|ORD|DEN|COD|
COD|SBN,|SBN|ORD|DEN|COD|
COD|SPI,|SPI|ORD|DEN|COD|
COD|SRQ,|SRQ|ORD|DEN|COD|
COD|STC,|STC|ORD|DEN|COD|
COD|TVC,|TVC|ORD|DEN|COD|
COD|LMT,|LMT|PDX|DEN|COD|
COD|HON,|HON|PIR|DEN|COD|
COD|CIC,|CIC|SFO|DEN|COD|
COD|MOD,|MOD|SFO|DEN|COD|
COD|OTH,|OTH|SFO|DEN|COD|
COD|RDD,|RDD|SFO|DEN|COD|
COD|EIS,|EIS|SJU|MCO|DEN|COD|
COD|DME,|DME|VIE|ORD|DEN|COD|
COD|EVN,|EVN|VIE|ORD|DEN|COD|
COD|HOU,|HOU|DEN|COD|
COD|MDW,|MDW|DEN|COD|
COD|OAK,|OAK|DEN|COD|
COD|ECP,|ECP|STL|DEN|COD|
COD|ISP,|ISP|BWI|DEN|COD|
COD|YHM,|YHM|YYC|DEN|COD|
COD|YXX,|YXX|YYC|DEN|COD|
COD|YBR,|YBR|YYC|DEN|COD|
COD|YKF,|YKF|YYC|DEN|COD|
COD|GDN,|COD|
COD|TRD,|COD|
COD|NKC,|COD|
COD|PGA,|COD|
