DOK|BRU,|BRU|IST|DOK|
DOK|OUA,|OUA|NIM|IST|DOK|
DOK|JED,|JED|IST|DOK|
DOK|CPH,|CPH|IST|DOK|
DOK|YYZ,|YYZ|IST|DOK|
DOK|DEN,|DEN|FRA|IST|DOK|
DOK|YUL,|YUL|FRA|IST|DOK|
DOK|NBO,|NBO|IST|DOK|
DOK|ICN,|ICN|IST|DOK|
DOK|NRT,|NRT|IST|DOK|
DOK|YHZ,|YHZ|LHR|IST|DOK|
DOK|YOW,|YOW|FRA|IST|DOK|
DOK|BJM,|BJM|BRU|IST|DOK|
DOK|COO,|COO|BRU|IST|DOK|
DOK|DKR,|DKR|BRU|IST|DOK|
DOK|DLA,|DLA|IST|DOK|
DOK|KGL,|KGL|IST|DOK|
DOK|LAD,|LAD|BRU|IST|DOK|
DOK|ABJ,|ABJ|OUA|NIM|IST|DOK|
DOK|AMS,|AMS|IST|DOK|
DOK|OSL,|OSL|IST|DOK|
DOK|VNO,|VNO|IST|DOK|
DOK|WAW,|WAW|IST|DOK|
DOK|YYC,|YYC|FRA|IST|DOK|
DOK|ATL,|ATL|FRA|IST|DOK|
DOK|MSY,|MSY|IAD|IST|DOK|
DOK|YEG,|YEG|LHR|IST|DOK|
DOK|YMM,|YMM|YEG|LHR|IST|DOK|
DOK|YQR,|YQR|YEG|LHR|IST|DOK|
DOK|YVR,|YVR|MUC|IST|DOK|
DOK|YWG,|YWG|YUL|FRA|IST|DOK|
DOK|YXE,|YXE|YEG|LHR|IST|DOK|
DOK|CKY,|CKY|DKR|BRU|IST|DOK|
DOK|FIH,|FIH|IST|DOK|
DOK|SCL,|SCL|EZE|GRU|IST|DOK|
DOK|LCA,|LCA|FRA|IST|DOK|
DOK|NAP,|NAP|IST|DOK|
DOK|VLC,|VLC|IST|DOK|
DOK|BKK,|BKK|IST|DOK|
DOK|ADD,|ADD|IST|DOK|
DOK|FRA,|FRA|IST|DOK|
DOK|IST,|IST|DOK|
DOK|EBB,|EBB|KGL|IST|DOK|
DOK|YLW,|YLW|YYC|FRA|IST|DOK|
DOK|YYT,|YYT|LHR|IST|DOK|
DOK|GUA,|GUA|MIA|ZRH|IST|DOK|
DOK|EWR,|EWR|BHX|IST|DOK|
DOK|IAD,|IAD|IST|DOK|
DOK|IAH,|IAH|IST|DOK|
DOK|ORD,|ORD|IST|DOK|
DOK|SOF,|SOF|IST|DOK|
DOK|YQB,|YQB|YUL|FRA|IST|DOK|
DOK|YXU,|YXU|YYZ|IST|DOK|
DOK|EZE,|EZE|GRU|IST|DOK|
DOK|YYJ,|YYJ|YVR|MUC|IST|DOK|
DOK|YYY,|YYY|YUL|FRA|IST|DOK|
DOK|YQQ,|YQQ|YBL|YVR|MUC|IST|DOK|
DOK|YYR,|YYR|YYT|LHR|IST|DOK|
DOK|LHR,|LHR|IST|DOK|
DOK|SFO,|SFO|MUC|IST|DOK|
DOK|YQU,|YQU|YEG|LHR|IST|DOK|
DOK|YZF,|YZF|YEG|LHR|IST|DOK|
DOK|YGR,|YGR|YGP|YQB|YUL|FRA|IST|DOK|
DOK|YGP,|YGP|YQB|YUL|FRA|IST|DOK|
DOK|BOS,|BOS|FRA|IST|DOK|
DOK|YDF,|YDF|YYT|LHR|IST|DOK|
DOK|YFC,|YFC|YHZ|LHR|IST|DOK|
DOK|YQM,|YQM|YHZ|LHR|IST|DOK|
DOK|YQX,|YQX|YYT|LHR|IST|DOK|
DOK|YQY,|YQY|YHZ|LHR|IST|DOK|
DOK|YSJ,|YSJ|YHZ|LHR|IST|DOK|
DOK|YYG,|YYG|YHZ|LHR|IST|DOK|
DOK|LAX,|LAX|IST|DOK|
DOK|DCA,|DCA|EWR|BHX|IST|DOK|
DOK|LGA,|LGA|YHZ|LHR|IST|DOK|
DOK|YZV,|YZV|YWK|YYR|YYT|LHR|IST|DOK|
DOK|YWL,|YWL|YVR|MUC|IST|DOK|
DOK|AZS,|AZS|YUL|FRA|IST|DOK|
DOK|BDL,|BDL|YUL|FRA|IST|DOK|
DOK|CCC,|CCC|YUL|FRA|IST|DOK|
DOK|CDG,|CDG|IST|DOK|
DOK|CUN,|CUN|YHZ|LHR|IST|DOK|
DOK|CZM,|CZM|YUL|FRA|IST|DOK|
DOK|FDF,|FDF|YUL|FRA|IST|DOK|
DOK|FLL,|FLL|MCO|FRA|IST|DOK|
DOK|GVA,|GVA|IST|DOK|
DOK|HOG,|HOG|YUL|FRA|IST|DOK|
DOK|LAS,|LAS|DEN|FRA|IST|DOK|
DOK|MBJ,|MBJ|YHZ|LHR|IST|DOK|
DOK|MCO,|MCO|FRA|IST|DOK|
DOK|MUC,|MUC|IST|DOK|
DOK|PAP,|PAP|YUL|FRA|IST|DOK|
DOK|PTP,|PTP|YUL|FRA|IST|DOK|
DOK|PUJ,|PUJ|YHZ|LHR|IST|DOK|
DOK|SNU,|SNU|YUL|FRA|IST|DOK|
DOK|VRA,|VRA|YUL|FRA|IST|DOK|
DOK|YBC,|YBC|YUL|FRA|IST|DOK|
DOK|YBG,|YBG|YUL|FRA|IST|DOK|
DOK|YTZ,|YTZ|YUL|FRA|IST|DOK|
DOK|YUY,|YUY|YUL|FRA|IST|DOK|
DOK|YVO,|YVO|YUL|FRA|IST|DOK|
DOK|ZBF,|ZBF|YUL|FRA|IST|DOK|
DOK|ZRH,|ZRH|IST|DOK|
DOK|ZSA,|ZSA|YUL|FRA|IST|DOK|
DOK|AKL,|AKL|BKK|IST|DOK|
DOK|HKG,|HKG|IST|DOK|
DOK|HND,|HND|YVR|MUC|IST|DOK|
DOK|HNL,|HNL|YVR|MUC|IST|DOK|
DOK|MEX,|MEX|IAD|IST|DOK|
DOK|OGG,|OGG|YVR|MUC|IST|DOK|
DOK|PDX,|PDX|SEA|FRA|IST|DOK|
DOK|PEK,|PEK|IST|DOK|
DOK|PVG,|PVG|IST|DOK|
DOK|PVR,|PVR|ORD|IST|DOK|
DOK|SEA,|SEA|FRA|IST|DOK|
DOK|SYD,|SYD|BKK|IST|DOK|
DOK|YBL,|YBL|YVR|MUC|IST|DOK|
DOK|YCD,|YCD|YVR|MUC|IST|DOK|
DOK|YCG,|YCG|YYC|FRA|IST|DOK|
DOK|YKA,|YKA|YYC|FRA|IST|DOK|
DOK|YPR,|YPR|YVR|MUC|IST|DOK|
DOK|YQZ,|YQZ|YVR|MUC|IST|DOK|
DOK|YXC,|YXC|YYC|FRA|IST|DOK|
DOK|YXJ,|YXJ|YYC|FRA|IST|DOK|
DOK|YXS,|YXS|YYC|FRA|IST|DOK|
DOK|YXT,|YXT|YVR|MUC|IST|DOK|
DOK|YXY,|YXY|YVR|MUC|IST|DOK|
DOK|YYD,|YYD|YVR|MUC|IST|DOK|
DOK|YYF,|YYF|YVR|MUC|IST|DOK|
DOK|YZP,|YZP|YVR|MUC|IST|DOK|
DOK|YQT,|YQT|YYZ|IST|DOK|
DOK|SJD,|SJD|ORD|IST|DOK|
DOK|YQF,|YQF|YYC|FRA|IST|DOK|
DOK|YQL,|YQL|YYC|FRA|IST|DOK|
DOK|YXH,|YXH|YYC|FRA|IST|DOK|
DOK|YWK,|YWK|YYR|YYT|LHR|IST|DOK|
DOK|ANU,|ANU|EWR|BHX|IST|DOK|
DOK|AUA,|AUA|EWR|BHX|IST|DOK|
DOK|AUH,|AUH|IST|DOK|
DOK|BCN,|BCN|IST|DOK|
DOK|BDA,|BDA|EWR|BHX|IST|DOK|
DOK|BGI,|BGI|YYZ|IST|DOK|
DOK|BNA,|BNA|YYZ|IST|DOK|
DOK|BOG,|BOG|MIA|ZRH|IST|DOK|
DOK|BWI,|BWI|EWR|BHX|IST|DOK|
DOK|CLE,|CLE|YYZ|IST|DOK|
DOK|CLT,|CLT|EWR|BHX|IST|DOK|
DOK|CMH,|CMH|YYZ|IST|DOK|
DOK|CVG,|CVG|YYZ|IST|DOK|
DOK|DFW,|DFW|ORD|IST|DOK|
DOK|DTW,|DTW|FRA|IST|DOK|
DOK|DUB,|DUB|IST|DOK|
DOK|FCO,|FCO|IST|DOK|
DOK|GCM,|GCM|EWR|BHX|IST|DOK|
DOK|GGT,|GGT|FLL|MCO|FRA|IST|DOK|
DOK|GND,|GND|YYZ|IST|DOK|
DOK|GRU,|GRU|IST|DOK|
DOK|HAV,|HAV|YYZ|IST|DOK|
DOK|IND,|IND|YYZ|IST|DOK|
DOK|JFK,|JFK|IST|DOK|
DOK|KIN,|KIN|YYZ|IST|DOK|
DOK|LIM,|LIM|MIA|ZRH|IST|DOK|
DOK|LIR,|LIR|EWR|BHX|IST|DOK|
DOK|MCI,|MCI|ORD|IST|DOK|
DOK|MDT,|MDT|IAD|IST|DOK|
DOK|MIA,|MIA|ZRH|IST|DOK|
DOK|MKE,|MKE|YYZ|IST|DOK|
DOK|MSP,|MSP|YUL|FRA|IST|DOK|
DOK|NAS,|NAS|EWR|BHX|IST|DOK|
DOK|PHL,|PHL|IAD|IST|DOK|
DOK|PHX,|PHX|DEN|FRA|IST|DOK|
DOK|PIT,|PIT|YYZ|IST|DOK|
DOK|PLS,|PLS|EWR|BHX|IST|DOK|
DOK|POP,|POP|EWR|BHX|IST|DOK|
DOK|RDU,|RDU|EWR|BHX|IST|DOK|
DOK|ROC,|ROC|YYZ|IST|DOK|
DOK|RSW,|RSW|MCO|FRA|IST|DOK|
DOK|SAN,|SAN|LAX|IST|DOK|
DOK|SJO,|SJO|EWR|BHX|IST|DOK|
DOK|STL,|STL|ORD|IST|DOK|
DOK|SYR,|SYR|EWR|BHX|IST|DOK|
DOK|TLV,|TLV|IST|DOK|
DOK|TPA,|TPA|EWR|BHX|IST|DOK|
DOK|UVF,|UVF|EWR|BHX|IST|DOK|
DOK|VIE,|VIE|IST|DOK|
DOK|YAM,|YAM|YYZ|IST|DOK|
DOK|YGK,|YGK|YYZ|IST|DOK|
DOK|YQG,|YQG|YYZ|IST|DOK|
DOK|YSB,|YSB|YYZ|IST|DOK|
DOK|YTS,|YTS|YYZ|IST|DOK|
DOK|YYB,|YYB|YYZ|IST|DOK|
DOK|YZR,|YZR|YYZ|IST|DOK|
DOK|CAN,|CAN|IST|DOK|
DOK|URC,|URC|IST|DOK|
DOK|CTU,|CTU|URC|IST|DOK|
DOK|HGH,|HGH|URC|IST|DOK|
DOK|XMN,|XMN|CSX|URC|IST|DOK|
DOK|CGO,|CGO|URC|IST|DOK|
DOK|CSX,|CSX|URC|IST|DOK|
DOK|SHE,|SHE|PEK|IST|DOK|
DOK|SJW,|SJW|URC|IST|DOK|
DOK|WUH,|WUH|URC|IST|DOK|
DOK|SZX,|SZX|CKG|URC|IST|DOK|
DOK|CKG,|CKG|URC|IST|DOK|
DOK|KMG,|KMG|CTU|URC|IST|DOK|
DOK|FOC,|FOC|XIY|URC|IST|DOK|
DOK|NNG,|NNG|KWE|URC|IST|DOK|
DOK|SWA,|SWA|CAN|IST|DOK|
DOK|ACX,|ACX|CAN|IST|DOK|
DOK|AQG,|AQG|CAN|IST|DOK|
DOK|AVA,|AVA|CAN|IST|DOK|
DOK|BFJ,|BFJ|CAN|IST|DOK|
DOK|BHY,|BHY|CKG|URC|IST|DOK|
DOK|BNE,|BNE|BKK|IST|DOK|
DOK|CGD,|CGD|PEK|IST|DOK|
DOK|CGK,|CGK|SIN|IST|DOK|
DOK|CGQ,|CGQ|HET|URC|IST|DOK|
DOK|CIH,|CIH|PEK|IST|DOK|
DOK|CNX,|CNX|CAN|IST|DOK|
DOK|CZX,|CZX|TYN|URC|IST|DOK|
DOK|DAC,|DAC|IST|DOK|
DOK|DAD,|DAD|CAN|IST|DOK|
DOK|DEL,|DEL|IST|DOK|
DOK|DIG,|DIG|KMG|CTU|URC|IST|DOK|
DOK|DLC,|DLC|PEK|IST|DOK|
DOK|DPS,|DPS|CAN|IST|DOK|
DOK|DXB,|DXB|IST|DOK|
DOK|DYG,|DYG|CSX|URC|IST|DOK|
DOK|FUG,|FUG|CAN|IST|DOK|
DOK|FUK,|FUK|ICN|IST|DOK|
DOK|HAK,|HAK|CTU|URC|IST|DOK|
DOK|HAN,|HAN|CAN|IST|DOK|
DOK|HDG,|HDG|CAN|IST|DOK|
DOK|HET,|HET|URC|IST|DOK|
DOK|HFE,|HFE|XIY|URC|IST|DOK|
DOK|HJJ,|HJJ|CSX|URC|IST|DOK|
DOK|HKT,|HKT|KWE|URC|IST|DOK|
DOK|HRB,|HRB|PEK|IST|DOK|
DOK|HZH,|HZH|CAN|IST|DOK|
DOK|JIU,|JIU|CAN|IST|DOK|
DOK|JJN,|JJN|CSX|URC|IST|DOK|
DOK|JNG,|JNG|CAN|IST|DOK|
DOK|KHN,|KHN|XIY|URC|IST|DOK|
DOK|KIX,|KIX|IST|DOK|
DOK|KOW,|KOW|CAN|IST|DOK|
DOK|KTM,|KTM|IST|DOK|
DOK|KUL,|KUL|IST|DOK|
DOK|KWE,|KWE|URC|IST|DOK|
DOK|KWL,|KWL|CKG|URC|IST|DOK|
DOK|LHW,|LHW|URC|IST|DOK|
DOK|LYA,|LYA|KHN|XIY|URC|IST|DOK|
DOK|LYG,|LYG|XUZ|INC|URC|IST|DOK|
DOK|LZH,|LZH|CAN|IST|DOK|
DOK|MEL,|MEL|BKK|IST|DOK|
DOK|MIG,|MIG|CSX|URC|IST|DOK|
DOK|MLE,|MLE|IST|DOK|
DOK|MNL,|MNL|CAN|IST|DOK|
DOK|MXZ,|MXZ|CAN|IST|DOK|
DOK|NAO,|NAO|PEK|IST|DOK|
DOK|NGB,|NGB|WUH|URC|IST|DOK|
DOK|NKG,|NKG|URC|IST|DOK|
DOK|NNY,|NNY|CGO|URC|IST|DOK|
DOK|PEN,|PEN|CAN|IST|DOK|
DOK|PER,|PER|BKK|IST|DOK|
DOK|PNH,|PNH|CAN|IST|DOK|
DOK|REP,|REP|CAN|IST|DOK|
DOK|RGN,|RGN|CAN|IST|DOK|
DOK|SGN,|SGN|BKK|IST|DOK|
DOK|SHA,|SHA|URC|IST|DOK|
DOK|SIN,|SIN|IST|DOK|
DOK|SVO,|SVO|URC|IST|DOK|
DOK|SYX,|SYX|CKG|URC|IST|DOK|
DOK|TAO,|TAO|TYN|URC|IST|DOK|
DOK|TEN,|TEN|CAN|IST|DOK|
DOK|TNA,|TNA|URC|IST|DOK|
DOK|TPE,|TPE|URC|IST|DOK|
DOK|TSN,|TSN|HET|URC|IST|DOK|
DOK|TXN,|TXN|TYN|URC|IST|DOK|
DOK|TYN,|TYN|URC|IST|DOK|
DOK|WNZ,|WNZ|XIY|URC|IST|DOK|
DOK|WUX,|WUX|CAN|IST|DOK|
DOK|XFN,|XFN|CAN|IST|DOK|
DOK|XIY,|XIY|URC|IST|DOK|
DOK|XUZ,|XUZ|INC|URC|IST|DOK|
DOK|YIH,|YIH|CKG|URC|IST|DOK|
DOK|YIW,|YIW|URC|IST|DOK|
DOK|YNT,|YNT|SHE|PEK|IST|DOK|
DOK|YNZ,|YNZ|WUH|URC|IST|DOK|
DOK|YTY,|YTY|CGO|URC|IST|DOK|
DOK|ZHA,|ZHA|CAN|IST|DOK|
DOK|ZYI,|ZYI|CAN|IST|DOK|
DOK|BAV,|BAV|URC|IST|DOK|
DOK|CJU,|CJU|DLC|PEK|IST|DOK|
DOK|DSN,|DSN|CGO|URC|IST|DOK|
DOK|HMI,|HMI|URC|IST|DOK|
DOK|INC,|INC|URC|IST|DOK|
DOK|KHH,|KHH|WUH|URC|IST|DOK|
DOK|UYN,|UYN|XIY|URC|IST|DOK|
DOK|XNN,|XNN|URC|IST|DOK|
DOK|ZUH,|ZUH|KWE|URC|IST|DOK|
DOK|YNJ,|YNJ|PEK|IST|DOK|
DOK|DAT,|DAT|TYN|URC|IST|DOK|
DOK|JHG,|JHG|KMG|CTU|URC|IST|DOK|
DOK|LJG,|LJG|KMG|CTU|URC|IST|DOK|
DOK|LXA,|LXA|CKG|URC|IST|DOK|
DOK|YCU,|YCU|CKG|URC|IST|DOK|
DOK|LZO,|LZO|CSX|URC|IST|DOK|
DOK|MDG,|MDG|DLC|PEK|IST|DOK|
DOK|NGO,|NGO|ICN|IST|DOK|
DOK|TOY,|TOY|DLC|PEK|IST|DOK|
DOK|MFM,|MFM|XMN|CSX|URC|IST|DOK|
DOK|TGO,|TGO|HET|URC|IST|DOK|
DOK|XIL,|XIL|HET|URC|IST|DOK|
DOK|HEK,|HEK|HRB|PEK|IST|DOK|
DOK|KIJ,|KIJ|HRB|PEK|IST|DOK|
DOK|LDS,|LDS|HRB|PEK|IST|DOK|
DOK|OHE,|OHE|HRB|PEK|IST|DOK|
DOK|HSN,|HSN|LYG|XUZ|INC|URC|IST|DOK|
DOK|DLU,|DLU|KMG|CTU|URC|IST|DOK|
DOK|SYM,|SYM|KMG|CTU|URC|IST|DOK|
DOK|ZAT,|ZAT|KMG|CTU|URC|IST|DOK|
DOK|LUN,|LUN|NBO|IST|DOK|
DOK|AOG,|AOG|PEK|IST|DOK|
DOK|GMP,|GMP|PEK|IST|DOK|
DOK|ISB,|ISB|IST|DOK|
DOK|TAS,|TAS|IST|DOK|
DOK|WUS,|WUS|PEK|IST|DOK|
DOK|JMU,|JMU|PVG|IST|DOK|
DOK|NDG,|NDG|PVG|IST|DOK|
DOK|JXA,|JXA|SHE|PEK|IST|DOK|
DOK|PUS,|PUS|SHE|PEK|IST|DOK|
DOK|BKI,|BKI|SZX|CKG|URC|IST|DOK|
DOK|AKU,|AKU|URC|IST|DOK|
DOK|ALA,|ALA|IST|DOK|
DOK|ASB,|ASB|IST|DOK|
DOK|DNH,|DNH|URC|IST|DOK|
DOK|DYU,|DYU|IST|DOK|
DOK|FRU,|FRU|IST|DOK|
DOK|GYD,|GYD|IST|DOK|
DOK|HTN,|HTN|URC|IST|DOK|
DOK|IKA,|IKA|IST|DOK|
DOK|KCA,|KCA|URC|IST|DOK|
DOK|KHG,|KHG|URC|IST|DOK|
DOK|KRL,|KRL|URC|IST|DOK|
DOK|KRY,|KRY|URC|IST|DOK|
DOK|LBD,|LBD|URC|IST|DOK|
DOK|NLT,|NLT|URC|IST|DOK|
DOK|OSS,|OSS|IST|DOK|
DOK|OVB,|OVB|IST|DOK|
DOK|TBS,|TBS|IST|DOK|
DOK|TCG,|TCG|URC|IST|DOK|
DOK|TSE,|TSE|IST|DOK|
DOK|YIN,|YIN|URC|IST|DOK|
DOK|ENH,|ENH|WUH|URC|IST|DOK|
DOK|ENY,|ENY|XIY|URC|IST|DOK|
DOK|WXN,|WXN|XIY|URC|IST|DOK|
DOK|BLL,|BLL|IST|DOK|
DOK|ESB,|ESB|IST|DOK|
DOK|SAW,|SAW|ADB|IST|DOK|
DOK|HAM,|HAM|IST|DOK|
DOK|HRE,|HRE|ADD|IST|DOK|
DOK|JUB,|JUB|CAI|IST|DOK|
DOK|SSG,|SSG|DLA|IST|DOK|
DOK|BGW,|BGW|IST|DOK|
DOK|EBL,|EBL|IST|DOK|
DOK|VKO,|VKO|IST|DOK|
DOK|MCT,|MCT|IST|DOK|
DOK|AYT,|AYT|IST|DOK|
DOK|SCQ,|SCQ|BIO|IST|DOK|
DOK|AAL,|AAL|IST|DOK|
DOK|AOE,|AOE|BRU|IST|DOK|
DOK|JNB,|JNB|IST|DOK|
DOK|LBV,|LBV|DLA|IST|DOK|
DOK|ADA,|ADA|IST|DOK|
DOK|ADB,|ADB|IST|DOK|
DOK|ADF,|ADF|IST|DOK|
DOK|AJI,|AJI|IST|DOK|
DOK|BAL,|BAL|IST|DOK|
DOK|BJV,|BJV|IST|DOK|
DOK|CKZ,|CKZ|ESB|IST|DOK|
DOK|DIY,|DIY|IST|DOK|
DOK|ECN,|ECN|IST|DOK|
DOK|ERC,|ERC|IST|DOK|
DOK|ERZ,|ERZ|IST|DOK|
DOK|EZS,|EZS|IST|DOK|
DOK|GNY,|GNY|IST|DOK|
DOK|GZP,|GZP|ESB|IST|DOK|
DOK|GZT,|GZT|IST|DOK|
DOK|HTY,|HTY|IST|DOK|
DOK|KCM,|KCM|IST|DOK|
DOK|KSY,|KSY|IST|DOK|
DOK|MLX,|MLX|IST|DOK|
DOK|MQM,|MQM|IST|DOK|
DOK|MSR,|MSR|IST|DOK|
DOK|TEQ,|TEQ|ESB|IST|DOK|
DOK|TZX,|TZX|IST|DOK|
DOK|VAN,|VAN|IST|DOK|
DOK|ULN,|ULN|FRU|IST|DOK|
DOK|HIJ,|HIJ|ICN|IST|DOK|
DOK|VVO,|VVO|ICN|IST|DOK|
DOK|ACC,|ACC|IST|DOK|
DOK|AER,|AER|IST|DOK|
DOK|AGP,|AGP|IST|DOK|
DOK|ALG,|ALG|IST|DOK|
DOK|AMM,|AMM|IST|DOK|
DOK|AQJ,|AQJ|IST|DOK|
DOK|ARN,|ARN|IST|DOK|
DOK|ASR,|ASR|IST|DOK|
DOK|ATH,|ATH|IST|DOK|
DOK|BAH,|BAH|IST|DOK|
DOK|BEG,|BEG|IST|DOK|
DOK|BEN,|BEN|IST|DOK|
DOK|BEY,|BEY|IST|DOK|
DOK|BHX,|BHX|IST|DOK|
DOK|BIO,|BIO|IST|DOK|
DOK|BLQ,|BLQ|IST|DOK|
DOK|BOM,|BOM|IST|DOK|
DOK|BRE,|BRE|IST|DOK|
DOK|BSL,|BSL|IST|DOK|
DOK|BSR,|BSR|IST|DOK|
DOK|BUD,|BUD|IST|DOK|
DOK|BUS,|BUS|IST|DOK|
DOK|CAI,|CAI|IST|DOK|
DOK|CGN,|CGN|IST|DOK|
DOK|CMN,|CMN|IST|DOK|
DOK|CND,|CND|IST|DOK|
DOK|DAR,|DAR|IST|DOK|
DOK|DLM,|DLM|IST|DOK|
DOK|DMM,|DMM|IST|DOK|
DOK|DNK,|DNK|IST|DOK|
DOK|DNZ,|DNZ|IST|DOK|
DOK|DUS,|DUS|IST|DOK|
DOK|EDI,|EDI|IST|DOK|
DOK|ELQ,|ELQ|IST|DOK|
DOK|FDH,|FDH|IST|DOK|
DOK|GOA,|GOA|IST|DOK|
DOK|GOT,|GOT|IST|DOK|
DOK|HAJ,|HAJ|IST|DOK|
DOK|HBE,|HBE|IST|DOK|
DOK|HEL,|HEL|IST|DOK|
DOK|HRG,|HRG|IST|DOK|
DOK|IFN,|IFN|IST|DOK|
DOK|ISE,|ISE|IST|DOK|
DOK|ISU,|ISU|IST|DOK|
DOK|JIB,|JIB|IST|DOK|
DOK|JRO,|JRO|IST|DOK|
DOK|KAN,|KAN|IST|DOK|
DOK|KBL,|KBL|IST|DOK|
DOK|KBP,|KBP|IST|DOK|
DOK|KFS,|KFS|IST|DOK|
DOK|KHI,|KHI|IST|DOK|
DOK|KIV,|KIV|IST|DOK|
DOK|KRT,|KRT|IST|DOK|
DOK|KSH,|KSH|IST|DOK|
DOK|KVD,|KVD|IST|DOK|
DOK|KWI,|KWI|IST|DOK|
DOK|KYA,|KYA|IST|DOK|
DOK|KZN,|KZN|IST|DOK|
DOK|KZR,|KZR|IST|DOK|
DOK|LED,|LED|IST|DOK|
DOK|LEJ,|LEJ|IST|DOK|
DOK|LGW,|LGW|IST|DOK|
DOK|LHE,|LHE|IST|DOK|
DOK|LIS,|LIS|IST|DOK|
DOK|LJU,|LJU|IST|DOK|
DOK|LOS,|LOS|IST|DOK|
DOK|LUX,|LUX|IST|DOK|
DOK|LWO,|LWO|IST|DOK|
DOK|LYS,|LYS|IST|DOK|
DOK|MAD,|MAD|IST|DOK|
DOK|MAN,|MAN|IST|DOK|
DOK|MED,|MED|IST|DOK|
DOK|MHD,|MHD|IST|DOK|
DOK|MLA,|MLA|IST|DOK|
DOK|MRS,|MRS|IST|DOK|
DOK|MSQ,|MSQ|IST|DOK|
DOK|MXP,|MXP|IST|DOK|
DOK|MZH,|MZH|IST|DOK|
DOK|MZR,|MZR|IST|DOK|
DOK|NAJ,|NAJ|IST|DOK|
DOK|NAV,|NAV|IST|DOK|
DOK|NCE,|NCE|IST|DOK|
DOK|NIM,|NIM|IST|DOK|
DOK|NJF,|NJF|IST|DOK|
DOK|NSI,|NSI|IST|DOK|
DOK|NUE,|NUE|IST|DOK|
DOK|ODS,|ODS|IST|DOK|
DOK|ORN,|ORN|IST|DOK|
DOK|OTP,|OTP|IST|DOK|
DOK|PRG,|PRG|IST|DOK|
DOK|PRN,|PRN|IST|DOK|
DOK|RIX,|RIX|IST|DOK|
DOK|ROV,|ROV|IST|DOK|
DOK|RTM,|RTM|IST|DOK|
DOK|RUH,|RUH|IST|DOK|
DOK|SAH,|SAH|IST|DOK|
DOK|SJJ,|SJJ|IST|DOK|
DOK|SKG,|SKG|IST|DOK|
DOK|SKP,|SKP|IST|DOK|
DOK|SSH,|SSH|IST|DOK|
DOK|STR,|STR|IST|DOK|
DOK|SVX,|SVX|IST|DOK|
DOK|SYZ,|SYZ|IST|DOK|
DOK|SZG,|SZG|IST|DOK|
DOK|TBZ,|TBZ|IST|DOK|
DOK|TGD,|TGD|IST|DOK|
DOK|TIA,|TIA|IST|DOK|
DOK|TIF,|TIF|IST|DOK|
DOK|TIP,|TIP|IST|DOK|
DOK|TLL,|TLL|IST|DOK|
DOK|TLS,|TLS|IST|DOK|
DOK|TRN,|TRN|IST|DOK|
DOK|TUN,|TUN|IST|DOK|
DOK|TXL,|TXL|IST|DOK|
DOK|UFA,|UFA|IST|DOK|
DOK|VAS,|VAS|IST|DOK|
DOK|VCE,|VCE|IST|DOK|
DOK|YNB,|YNB|IST|DOK|
DOK|ZAG,|ZAG|IST|DOK|
DOK|MGQ,|MGQ|JIB|IST|DOK|
DOK|CPT,|CPT|JNB|IST|DOK|
DOK|MBA,|MBA|JRO|IST|DOK|
DOK|NDJ,|NDJ|KAN|IST|DOK|
DOK|CMB,|CMB|MLE|IST|DOK|
DOK|ADE,|ADE|SAH|IST|DOK|
DOK|ASF,|ASF|SAW|ADB|IST|DOK|
DOK|STW,|STW|SAW|ADB|IST|DOK|
DOK|LFW,|LFW|ABJ|OUA|NIM|IST|DOK|
DOK|CEC,|CEC|ACV|SMF|SEA|FRA|IST|DOK|
DOK|SMF,|SMF|SEA|FRA|IST|DOK|
DOK|CDR,|CDR|AIA|DEN|FRA|IST|DOK|
DOK|FMN,|FMN|DEN|FRA|IST|DOK|
DOK|JST,|JST|IAD|IST|DOK|
DOK|JHW,|JHW|CLE|YYZ|IST|DOK|
DOK|SHD,|SHD|IAD|IST|DOK|
DOK|PTY,|PTY|MIA|ZRH|IST|DOK|
DOK|FNA,|FNA|BRU|IST|DOK|
DOK|SXB,|SXB|BRU|IST|DOK|
DOK|ACV,|ACV|SMF|SEA|FRA|IST|DOK|
DOK|MGW,|MGW|IAD|IST|DOK|
DOK|ALB,|ALB|EWR|BHX|IST|DOK|
DOK|AUS,|AUS|ORD|IST|DOK|
DOK|BFD,|BFD|CLE|YYZ|IST|DOK|
DOK|BUF,|BUF|EWR|BHX|IST|DOK|
DOK|CHS,|CHS|EWR|BHX|IST|DOK|
DOK|DAY,|DAY|CLE|YYZ|IST|DOK|
DOK|DUJ,|DUJ|CLE|YYZ|IST|DOK|
DOK|ERI,|ERI|CLE|YYZ|IST|DOK|
DOK|FKL,|FKL|CLE|YYZ|IST|DOK|
DOK|FNT,|FNT|CLE|YYZ|IST|DOK|
DOK|GRR,|GRR|CLE|YYZ|IST|DOK|
DOK|GSP,|GSP|EWR|BHX|IST|DOK|
DOK|PBI,|PBI|EWR|BHX|IST|DOK|
DOK|PKB,|PKB|CLE|YYZ|IST|DOK|
DOK|RIC,|RIC|EWR|BHX|IST|DOK|
DOK|SDF,|SDF|CLE|YYZ|IST|DOK|
DOK|GUM,|GUM|FUK|ICN|IST|DOK|
DOK|WRL,|WRL|CYS|DEN|FRA|IST|DOK|
DOK|LBL,|DOK|
DOK|ABQ,|ABQ|DEN|FRA|IST|DOK|
DOK|AIA,|AIA|DEN|FRA|IST|DOK|
DOK|ALS,|ALS|DEN|FRA|IST|DOK|
DOK|AMA,|AMA|DEN|FRA|IST|DOK|
DOK|ANC,|ANC|SEA|FRA|IST|DOK|
DOK|ASE,|ASE|DEN|FRA|IST|DOK|
DOK|BFL,|BFL|LAX|IST|DOK|
DOK|BHM,|BHM|BWI|EWR|BHX|IST|DOK|
DOK|BIL,|BIL|DEN|FRA|IST|DOK|
DOK|BIS,|BIS|DEN|FRA|IST|DOK|
DOK|BOI,|BOI|DEN|FRA|IST|DOK|
DOK|BUR,|BUR|DEN|FRA|IST|DOK|
DOK|BZN,|BZN|ORD|IST|DOK|
DOK|CID,|CID|ORD|IST|DOK|
DOK|COD,|COD|DEN|FRA|IST|DOK|
DOK|COS,|COS|DEN|FRA|IST|DOK|
DOK|CPR,|CPR|DEN|FRA|IST|DOK|
DOK|CYS,|CYS|DEN|FRA|IST|DOK|
DOK|DIK,|DIK|DEN|FRA|IST|DOK|
DOK|DRO,|DRO|DEN|FRA|IST|DOK|
DOK|DSM,|DSM|ORD|IST|DOK|
DOK|EGE,|EGE|DEN|FRA|IST|DOK|
DOK|ELP,|ELP|DEN|FRA|IST|DOK|
DOK|EUG,|EUG|PDX|SEA|FRA|IST|DOK|
DOK|FAR,|FAR|ORD|IST|DOK|
DOK|FAT,|FAT|SFO|MUC|IST|DOK|
DOK|FCA,|FCA|DEN|FRA|IST|DOK|
DOK|FSD,|FSD|ORD|IST|DOK|
DOK|GCC,|GCC|DEN|FRA|IST|DOK|
DOK|GEG,|GEG|DEN|FRA|IST|DOK|
DOK|GJT,|GJT|DEN|FRA|IST|DOK|
DOK|GTF,|GTF|DEN|FRA|IST|DOK|
DOK|GUC,|GUC|DEN|FRA|IST|DOK|
DOK|HDN,|HDN|DEN|FRA|IST|DOK|
DOK|HLN,|HLN|DEN|FRA|IST|DOK|
DOK|HSV,|HSV|IAD|IST|DOK|
DOK|ICT,|ICT|ORD|IST|DOK|
DOK|IDA,|IDA|DEN|FRA|IST|DOK|
DOK|ISN,|ISN|DEN|FRA|IST|DOK|
DOK|JAC,|JAC|DEN|FRA|IST|DOK|
DOK|KOA,|KOA|YVR|MUC|IST|DOK|
DOK|LAR,|LAR|DEN|FRA|IST|DOK|
DOK|LBB,|LBB|DAL|STL|ORD|IST|DOK|
DOK|LIH,|LIH|YVR|MUC|IST|DOK|
DOK|LIT,|LIT|ORD|IST|DOK|
DOK|LNK,|LNK|ORD|IST|DOK|
DOK|MAF,|MAF|DAL|STL|ORD|IST|DOK|
DOK|MEM,|MEM|EWR|BHX|IST|DOK|
DOK|MFR,|MFR|DEN|FRA|IST|DOK|
DOK|MLI,|MLI|ORD|IST|DOK|
DOK|MOT,|MOT|DEN|FRA|IST|DOK|
DOK|MRY,|MRY|SFO|MUC|IST|DOK|
DOK|MSN,|MSN|ORD|IST|DOK|
DOK|MSO,|MSO|DEN|FRA|IST|DOK|
DOK|MTJ,|MTJ|DEN|FRA|IST|DOK|
DOK|OKC,|OKC|ORD|IST|DOK|
DOK|OMA,|OMA|ORD|IST|DOK|
DOK|ONT,|ONT|DEN|FRA|IST|DOK|
DOK|PIA,|PIA|ORD|IST|DOK|
DOK|PIR,|PIR|DEN|FRA|IST|DOK|
DOK|PSC,|PSC|DEN|FRA|IST|DOK|
DOK|PSP,|PSP|DEN|FRA|IST|DOK|
DOK|PUB,|PUB|DEN|FRA|IST|DOK|
DOK|RAP,|RAP|ORD|IST|DOK|
DOK|RDM,|RDM|PDX|SEA|FRA|IST|DOK|
DOK|RKS,|RKS|DEN|FRA|IST|DOK|
DOK|RNO,|RNO|SEA|FRA|IST|DOK|
DOK|SAF,|SAF|DEN|FRA|IST|DOK|
DOK|SAT,|SAT|ORD|IST|DOK|
DOK|SBA,|SBA|LAX|IST|DOK|
DOK|SGF,|SGF|ORD|IST|DOK|
DOK|SGU,|SGU|DEN|FRA|IST|DOK|
DOK|SHV,|SHV|IAH|IST|DOK|
DOK|SJC,|SJC|SEA|FRA|IST|DOK|
DOK|SLC,|SLC|DEN|FRA|IST|DOK|
DOK|SNA,|SNA|DEN|FRA|IST|DOK|
DOK|TUL,|TUL|ORD|IST|DOK|
DOK|TUS,|TUS|DEN|FRA|IST|DOK|
DOK|TYS,|TYS|IAD|IST|DOK|
DOK|XNA,|XNA|ORD|IST|DOK|
DOK|SAL,|SAL|MIA|ZRH|IST|DOK|
DOK|BJL,|BJL|DKR|BRU|IST|DOK|
DOK|BFS,|BFS|EWR|BHX|IST|DOK|
DOK|BON,|BON|EWR|BHX|IST|DOK|
DOK|BQN,|BQN|EWR|BHX|IST|DOK|
DOK|BTV,|BTV|EWR|BHX|IST|DOK|
DOK|BZE,|BZE|EWR|BHX|IST|DOK|
DOK|GLA,|GLA|EWR|BHX|IST|DOK|
DOK|GSO,|GSO|EWR|BHX|IST|DOK|
DOK|ITH,|ITH|EWR|BHX|IST|DOK|
DOK|JAX,|JAX|EWR|BHX|IST|DOK|
DOK|MHT,|MHT|EWR|BHX|IST|DOK|
DOK|MYR,|MYR|EWR|BHX|IST|DOK|
DOK|ORF,|ORF|EWR|BHX|IST|DOK|
DOK|POS,|POS|EWR|BHX|IST|DOK|
DOK|PVD,|PVD|EWR|BHX|IST|DOK|
DOK|PWM,|PWM|EWR|BHX|IST|DOK|
DOK|SAP,|SAP|MIA|ZRH|IST|DOK|
DOK|SAV,|SAV|EWR|BHX|IST|DOK|
DOK|SDQ,|SDQ|EWR|BHX|IST|DOK|
DOK|SJU,|SJU|EWR|BHX|IST|DOK|
DOK|SNN,|SNN|EWR|BHX|IST|DOK|
DOK|STT,|STT|EWR|BHX|IST|DOK|
DOK|SXM,|SXM|EWR|BHX|IST|DOK|
DOK|BIM,|BIM|FLL|MCO|FRA|IST|DOK|
DOK|ELH,|ELH|PBI|EWR|BHX|IST|DOK|
DOK|EYW,|EYW|MCO|FRA|IST|DOK|
DOK|FPO,|FPO|FLL|MCO|FRA|IST|DOK|
DOK|GHB,|GHB|FLL|MCO|FRA|IST|DOK|
DOK|MHH,|MHH|MCO|FRA|IST|DOK|
DOK|TCB,|TCB|FLL|MCO|FRA|IST|DOK|
DOK|SOW,|SOW|FMN|DEN|FRA|IST|DOK|
DOK|ROB,|ROB|FNA|BRU|IST|DOK|
DOK|GIG,|GIG|GRU|IST|DOK|
DOK|CNS,|CNS|GUM|FUK|ICN|IST|DOK|
DOK|CTS,|CTS|GUM|FUK|ICN|IST|DOK|
DOK|OKJ,|OKJ|GUM|FUK|ICN|IST|DOK|
DOK|ROP,|ROP|GUM|FUK|ICN|IST|DOK|
DOK|ROR,|ROR|MNL|CAN|IST|DOK|
DOK|SDJ,|SDJ|GUM|FUK|ICN|IST|DOK|
DOK|SPN,|SPN|GUM|FUK|ICN|IST|DOK|
DOK|TKK,|TKK|GUM|FUK|ICN|IST|DOK|
DOK|YAP,|YAP|ROR|MNL|CAN|IST|DOK|
DOK|MAJ,|MAJ|KWA|PNI|TKK|GUM|FUK|ICN|IST|DOK|
DOK|AOO,|AOO|IAD|IST|DOK|
DOK|BGM,|BGM|IAD|IST|DOK|
DOK|BKW,|BKW|IAD|IST|DOK|
DOK|CAE,|CAE|IAD|IST|DOK|
DOK|CHO,|CHO|IAD|IST|DOK|
DOK|CRW,|CRW|IAD|IST|DOK|
DOK|FAY,|FAY|IAD|IST|DOK|
DOK|LWB,|LWB|IAD|IST|DOK|
DOK|ROA,|ROA|IAD|IST|DOK|
DOK|SCE,|SCE|IAD|IST|DOK|
DOK|ACA,|ACA|IAH|IST|DOK|
DOK|ACY,|ACY|ORD|IST|DOK|
DOK|AEX,|AEX|IAH|IST|DOK|
DOK|AGU,|AGU|IAH|IST|DOK|
DOK|BJX,|BJX|IAH|IST|DOK|
DOK|BRO,|BRO|IAH|IST|DOK|
DOK|BTR,|BTR|IAH|IST|DOK|
DOK|CCS,|CCS|IAH|IST|DOK|
DOK|CLL,|CLL|IAH|IST|DOK|
DOK|CME,|CME|IAH|IST|DOK|
DOK|CRP,|CRP|IAH|IST|DOK|
DOK|CUU,|CUU|IAH|IST|DOK|
DOK|DAL,|DAL|STL|ORD|IST|DOK|
DOK|DGO,|DGO|IAH|IST|DOK|
DOK|GDL,|GDL|IAH|IST|DOK|
DOK|GPT,|GPT|IAH|IST|DOK|
DOK|GRK,|GRK|IAH|IST|DOK|
DOK|HOB,|HOB|IAH|IST|DOK|
DOK|HRL,|HRL|IAH|IST|DOK|
DOK|HUX,|HUX|IAH|IST|DOK|
DOK|JAN,|JAN|ORD|IST|DOK|
DOK|LCH,|LCH|IAH|IST|DOK|
DOK|LEX,|LEX|ORD|IST|DOK|
DOK|LFT,|LFT|IAH|IST|DOK|
DOK|LRD,|LRD|IAH|IST|DOK|
DOK|MFE,|MFE|IAH|IST|DOK|
DOK|MGA,|MGA|IAH|IST|DOK|
DOK|MID,|MID|IAH|IST|DOK|
DOK|MLM,|MLM|IAH|IST|DOK|
DOK|MLU,|MLU|IAH|IST|DOK|
DOK|MOB,|MOB|ORD|IST|DOK|
DOK|MTY,|MTY|IAH|IST|DOK|
DOK|OAX,|OAX|IAH|IST|DOK|
DOK|PBC,|PBC|IAH|IST|DOK|
DOK|PNS,|PNS|BNA|YYZ|IST|DOK|
DOK|QRO,|QRO|IAH|IST|DOK|
DOK|RTB,|RTB|IAH|IST|DOK|
DOK|SLP,|SLP|IAH|IST|DOK|
DOK|SLW,|SLW|IAH|IST|DOK|
DOK|TAM,|TAM|IAH|IST|DOK|
DOK|TGU,|TGU|IAH|IST|DOK|
DOK|TRC,|TRC|IAH|IST|DOK|
DOK|TYR,|TYR|IAH|IST|DOK|
DOK|UIO,|UIO|IAH|IST|DOK|
DOK|VER,|VER|IAH|IST|DOK|
DOK|VPS,|VPS|IAH|IST|DOK|
DOK|VSA,|VSA|IAH|IST|DOK|
DOK|ZIH,|ZIH|IAH|IST|DOK|
DOK|ZLO,|ZLO|IAH|IST|DOK|
DOK|KWA,|KWA|PNI|TKK|GUM|FUK|ICN|IST|DOK|
DOK|PNI,|PNI|TKK|GUM|FUK|ICN|IST|DOK|
DOK|KSA,|KSA|PNI|TKK|GUM|FUK|ICN|IST|DOK|
DOK|CLD,|CLD|LAX|IST|DOK|
DOK|ITO,|ITO|LAX|IST|DOK|
DOK|SBP,|SBP|LAX|IST|DOK|
DOK|SMX,|SMX|LAX|IST|DOK|
DOK|YUM,|YUM|LAX|IST|DOK|
DOK|DDC,|DOK|
DOK|TMS,|TMS|LIS|IST|DOK|
DOK|PHC,|PHC|LOS|IST|DOK|
DOK|GNV,|GNV|MCO|FRA|IST|DOK|
DOK|TLH,|TLH|MCO|FRA|IST|DOK|
DOK|CKB,|CKB|MGW|IAD|IST|DOK|
DOK|BAQ,|BAQ|MIA|ZRH|IST|DOK|
DOK|CLO,|CLO|MIA|ZRH|IST|DOK|
DOK|CTG,|CTG|MIA|ZRH|IST|DOK|
DOK|MDE,|MDE|MIA|ZRH|IST|DOK|
DOK|ABE,|ABE|ORD|IST|DOK|
DOK|ATW,|ATW|ORD|IST|DOK|
DOK|AVL,|AVL|ORD|IST|DOK|
DOK|AVP,|AVP|ORD|IST|DOK|
DOK|CAK,|CAK|BOS|FRA|IST|DOK|
DOK|CMX,|CMX|ORD|IST|DOK|
DOK|CWA,|CWA|ORD|IST|DOK|
DOK|DLH,|DLH|ORD|IST|DOK|
DOK|EAU,|EAU|ORD|IST|DOK|
DOK|ELM,|ELM|ORD|IST|DOK|
DOK|FOE,|FOE|ORD|IST|DOK|
DOK|FWA,|FWA|ORD|IST|DOK|
DOK|GRB,|GRB|ORD|IST|DOK|
DOK|HPN,|HPN|ORD|IST|DOK|
DOK|LAN,|LAN|ORD|IST|DOK|
DOK|MBS,|MBS|ORD|IST|DOK|
DOK|MKG,|MKG|ORD|IST|DOK|
DOK|PAH,|PAH|ORD|IST|DOK|
DOK|SBN,|SBN|ORD|IST|DOK|
DOK|SPI,|SPI|ORD|IST|DOK|
DOK|SRQ,|SRQ|ORD|IST|DOK|
DOK|STC,|STC|ORD|IST|DOK|
DOK|TVC,|TVC|ORD|IST|DOK|
DOK|LMT,|LMT|PDX|SEA|FRA|IST|DOK|
DOK|HON,|HON|PIR|DEN|FRA|IST|DOK|
DOK|CIC,|CIC|SFO|MUC|IST|DOK|
DOK|MOD,|MOD|SFO|MUC|IST|DOK|
DOK|OTH,|OTH|SFO|MUC|IST|DOK|
DOK|RDD,|RDD|SFO|MUC|IST|DOK|
DOK|EIS,|EIS|SJU|EWR|BHX|IST|DOK|
DOK|DME,|DME|VIE|IST|DOK|
DOK|EVN,|EVN|VIE|IST|DOK|
DOK|HOU,|HOU|IND|YYZ|IST|DOK|
DOK|MDW,|MDW|DTW|FRA|IST|DOK|
DOK|OAK,|OAK|SEA|FRA|IST|DOK|
DOK|ECP,|ECP|BWI|EWR|BHX|IST|DOK|
DOK|ISP,|ISP|BWI|EWR|BHX|IST|DOK|
DOK|YHM,|YHM|YHZ|LHR|IST|DOK|
DOK|YXX,|YXX|YYC|FRA|IST|DOK|
DOK|YBR,|YBR|YYC|FRA|IST|DOK|
DOK|YKF,|YKF|YYC|FRA|IST|DOK|
DOK|GDN,|DOK|
DOK|TRD,|DOK|
DOK|NKC,|DOK|
DOK|PGA,|DOK|
