FPO|BRU,|BRU|EWR|FLL|FPO|
FPO|OUA,|OUA|BRU|EWR|FLL|FPO|
FPO|JED,|JED|FRA|MCO|FLL|FPO|
FPO|CPH,|CPH|AMS|EWR|FLL|FPO|
FPO|YYZ,|YYZ|FLL|FPO|
FPO|DEN,|DEN|FLL|FPO|
FPO|YUL,|YUL|FLL|FPO|
FPO|NBO,|NBO|ZRH|EWR|FLL|FPO|
FPO|ICN,|ICN|YVR|DEN|FLL|FPO|
FPO|NRT,|NRT|YYC|MCO|FLL|FPO|
FPO|YHZ,|YHZ|MCO|FLL|FPO|
FPO|YOW,|YOW|IAD|FLL|FPO|
FPO|BJM,|BJM|BRU|EWR|FLL|FPO|
FPO|COO,|COO|BRU|EWR|FLL|FPO|
FPO|DKR,|DKR|IAD|FLL|FPO|
FPO|DLA,|DLA|BRU|EWR|FLL|FPO|
FPO|KGL,|KGL|BRU|EWR|FLL|FPO|
FPO|LAD,|LAD|BRU|EWR|FLL|FPO|
FPO|ABJ,|ABJ|BRU|EWR|FLL|FPO|
FPO|AMS,|AMS|EWR|FLL|FPO|
FPO|OSL,|OSL|EWR|FLL|FPO|
FPO|VNO,|VNO|CPH|AMS|EWR|FLL|FPO|
FPO|WAW,|WAW|CPH|AMS|EWR|FLL|FPO|
FPO|YYC,|YYC|MCO|FLL|FPO|
FPO|ATL,|ATL|FLL|FPO|
FPO|MSY,|MSY|FLL|FPO|
FPO|YEG,|YEG|ORD|FLL|FPO|
FPO|YMM,|YMM|YEG|ORD|FLL|FPO|
FPO|YQR,|YQR|ORD|FLL|FPO|
FPO|YVR,|YVR|DEN|FLL|FPO|
FPO|YWG,|YWG|ORD|FLL|FPO|
FPO|YXE,|YXE|ORD|FLL|FPO|
FPO|CKY,|CKY|DKR|IAD|FLL|FPO|
FPO|FIH,|FIH|DLA|BRU|EWR|FLL|FPO|
FPO|SCL,|SCL|YYZ|FLL|FPO|
FPO|LCA,|LCA|FRA|MCO|FLL|FPO|
FPO|NAP,|NAP|FRA|MCO|FLL|FPO|
FPO|VLC,|VLC|FRA|MCO|FLL|FPO|
FPO|BKK,|BKK|CGO|PEK|ORD|FLL|FPO|
FPO|ADD,|ADD|JED|FRA|MCO|FLL|FPO|
FPO|FRA,|FRA|MCO|FLL|FPO|
FPO|IST,|IST|FRA|MCO|FLL|FPO|
FPO|EBB,|EBB|KGL|BRU|EWR|FLL|FPO|
FPO|YLW,|YLW|YYC|MCO|FLL|FPO|
FPO|YYT,|YYT|MCO|FLL|FPO|
FPO|GUA,|GUA|IAH|FLL|FPO|
FPO|EWR,|EWR|FLL|FPO|
FPO|IAD,|IAD|FLL|FPO|
FPO|IAH,|IAH|FLL|FPO|
FPO|ORD,|ORD|FLL|FPO|
FPO|SOF,|SOF|MUC|EWR|FLL|FPO|
FPO|YQB,|YQB|EWR|FLL|FPO|
FPO|YXU,|YXU|YYZ|FLL|FPO|
FPO|EZE,|EZE|IAH|FLL|FPO|
FPO|YYJ,|YYJ|YVR|DEN|FLL|FPO|
FPO|YYY,|YYY|YUL|FLL|FPO|
FPO|YQQ,|YQQ|YBL|YVR|DEN|FLL|FPO|
FPO|YYR,|YYR|YHZ|MCO|FLL|FPO|
FPO|LHR,|LHR|YYT|MCO|FLL|FPO|
FPO|SFO,|SFO|FLL|FPO|
FPO|YQU,|YQU|YYC|MCO|FLL|FPO|
FPO|YZF,|YZF|YEG|ORD|FLL|FPO|
FPO|YGR,|YGR|YGP|YQB|EWR|FLL|FPO|
FPO|YGP,|YGP|YQB|EWR|FLL|FPO|
FPO|BOS,|BOS|EWR|FLL|FPO|
FPO|YDF,|YDF|YHZ|MCO|FLL|FPO|
FPO|YFC,|YFC|YUL|FLL|FPO|
FPO|YQM,|YQM|EWR|FLL|FPO|
FPO|YQX,|YQX|YHZ|MCO|FLL|FPO|
FPO|YQY,|YQY|YHZ|MCO|FLL|FPO|
FPO|YSJ,|YSJ|YUL|FLL|FPO|
FPO|YYG,|YYG|YHZ|MCO|FLL|FPO|
FPO|LAX,|LAX|PHX|FLL|FPO|
FPO|DCA,|DCA|ATL|FLL|FPO|
FPO|LGA,|LGA|IAD|FLL|FPO|
FPO|YZV,|YZV|YQB|EWR|FLL|FPO|
FPO|YWL,|YWL|YVR|DEN|FLL|FPO|
FPO|AZS,|AZS|YYZ|FLL|FPO|
FPO|BDL,|BDL|FLL|FPO|
FPO|CCC,|CCC|YYZ|FLL|FPO|
FPO|CDG,|CDG|EWR|FLL|FPO|
FPO|CUN,|CUN|ATL|FLL|FPO|
FPO|CZM,|CZM|IAH|FLL|FPO|
FPO|FDF,|FDF|YUL|FLL|FPO|
FPO|FLL,|FLL|FPO|
FPO|GVA,|GVA|EWR|FLL|FPO|
FPO|HOG,|HOG|YYZ|FLL|FPO|
FPO|LAS,|LAS|FLL|FPO|
FPO|MBJ,|MBJ|ATL|FLL|FPO|
FPO|MCO,|MCO|FLL|FPO|
FPO|MUC,|MUC|EWR|FLL|FPO|
FPO|PAP,|PAP|YUL|FLL|FPO|
FPO|PTP,|PTP|YUL|FLL|FPO|
FPO|PUJ,|PUJ|ATL|FLL|FPO|
FPO|SNU,|SNU|YYZ|FLL|FPO|
FPO|VRA,|VRA|YYZ|FLL|FPO|
FPO|YBC,|YBC|YUL|FLL|FPO|
FPO|YBG,|YBG|YUL|FLL|FPO|
FPO|YTZ,|YTZ|YUL|FLL|FPO|
FPO|YUY,|YUY|YUL|FLL|FPO|
FPO|YVO,|YVO|YUL|FLL|FPO|
FPO|ZBF,|ZBF|YUL|FLL|FPO|
FPO|ZRH,|ZRH|EWR|FLL|FPO|
FPO|ZSA,|ZSA|YUL|FLL|FPO|
FPO|AKL,|AKL|LAX|PHX|FLL|FPO|
FPO|HKG,|HKG|ORD|FLL|FPO|
FPO|HND,|HND|YVR|DEN|FLL|FPO|
FPO|HNL,|HNL|IAH|FLL|FPO|
FPO|MEX,|MEX|IAH|FLL|FPO|
FPO|OGG,|OGG|LAX|PHX|FLL|FPO|
FPO|PDX,|PDX|DEN|FLL|FPO|
FPO|PEK,|PEK|ORD|FLL|FPO|
FPO|PVG,|PVG|ORD|FLL|FPO|
FPO|PVR,|PVR|IAH|FLL|FPO|
FPO|SEA,|SEA|DEN|FLL|FPO|
FPO|SYD,|SYD|LAX|PHX|FLL|FPO|
FPO|YBL,|YBL|YVR|DEN|FLL|FPO|
FPO|YCD,|YCD|YVR|DEN|FLL|FPO|
FPO|YCG,|YCG|YYC|MCO|FLL|FPO|
FPO|YKA,|YKA|YYC|MCO|FLL|FPO|
FPO|YPR,|YPR|YVR|DEN|FLL|FPO|
FPO|YQZ,|YQZ|YVR|DEN|FLL|FPO|
FPO|YXC,|YXC|YYC|MCO|FLL|FPO|
FPO|YXJ,|YXJ|YYC|MCO|FLL|FPO|
FPO|YXS,|YXS|YYC|MCO|FLL|FPO|
FPO|YXT,|YXT|YVR|DEN|FLL|FPO|
FPO|YXY,|YXY|YVR|DEN|FLL|FPO|
FPO|YYD,|YYD|YVR|DEN|FLL|FPO|
FPO|YYF,|YYF|YVR|DEN|FLL|FPO|
FPO|YZP,|YZP|YVR|DEN|FLL|FPO|
FPO|YQT,|YQT|YYZ|FLL|FPO|
FPO|SJD,|SJD|IAH|FLL|FPO|
FPO|YQF,|YQF|YYC|MCO|FLL|FPO|
FPO|YQL,|YQL|YYC|MCO|FLL|FPO|
FPO|YXH,|YXH|YYC|MCO|FLL|FPO|
FPO|YWK,|YWK|YZV|YQB|EWR|FLL|FPO|
FPO|ANU,|ANU|EWR|FLL|FPO|
FPO|AUA,|AUA|ATL|FLL|FPO|
FPO|AUH,|AUH|FRA|MCO|FLL|FPO|
FPO|BCN,|BCN|EWR|FLL|FPO|
FPO|BDA,|BDA|EWR|FLL|FPO|
FPO|BGI,|BGI|YYZ|FLL|FPO|
FPO|BNA,|BNA|FLL|FPO|
FPO|BOG,|BOG|MIA|MSY|FLL|FPO|
FPO|BWI,|BWI|FLL|FPO|
FPO|CLE,|CLE|FLL|FPO|
FPO|CLT,|CLT|MCO|FLL|FPO|
FPO|CMH,|CMH|FLL|FPO|
FPO|CVG,|CVG|IAD|FLL|FPO|
FPO|DFW,|DFW|IAH|FLL|FPO|
FPO|DTW,|DTW|ATL|FLL|FPO|
FPO|DUB,|DUB|EWR|FLL|FPO|
FPO|FCO,|FCO|EWR|FLL|FPO|
FPO|GCM,|GCM|IAH|FLL|FPO|
FPO|GGT,|GGT|FLL|FPO|
FPO|GND,|GND|YYZ|FLL|FPO|
FPO|GRU,|GRU|IAD|FLL|FPO|
FPO|HAV,|HAV|YYZ|FLL|FPO|
FPO|IND,|IND|FLL|FPO|
FPO|JFK,|JFK|IAD|FLL|FPO|
FPO|KIN,|KIN|YYZ|FLL|FPO|
FPO|LIM,|LIM|MIA|MSY|FLL|FPO|
FPO|LIR,|LIR|IAH|FLL|FPO|
FPO|MCI,|MCI|FLL|FPO|
FPO|MDT,|MDT|IAD|FLL|FPO|
FPO|MIA,|MIA|MSY|FLL|FPO|
FPO|MKE,|MKE|FLL|FPO|
FPO|MSP,|MSP|ATL|FLL|FPO|
FPO|NAS,|NAS|ATL|FLL|FPO|
FPO|PHL,|PHL|FLL|FPO|
FPO|PHX,|PHX|FLL|FPO|
FPO|PIT,|PIT|FLL|FPO|
FPO|PLS,|PLS|EWR|FLL|FPO|
FPO|POP,|POP|EWR|FLL|FPO|
FPO|RDU,|RDU|FLL|FPO|
FPO|ROC,|ROC|IAD|FLL|FPO|
FPO|RSW,|RSW|EYW|FLL|FPO|
FPO|SAN,|SAN|IAH|FLL|FPO|
FPO|SJO,|SJO|IAH|FLL|FPO|
FPO|STL,|STL|FLL|FPO|
FPO|SYR,|SYR|IAD|FLL|FPO|
FPO|TLV,|TLV|EWR|FLL|FPO|
FPO|TPA,|TPA|FLL|FPO|
FPO|UVF,|UVF|EWR|FLL|FPO|
FPO|VIE,|VIE|IAD|FLL|FPO|
FPO|YAM,|YAM|YYZ|FLL|FPO|
FPO|YGK,|YGK|YYZ|FLL|FPO|
FPO|YQG,|YQG|YYZ|FLL|FPO|
FPO|YSB,|YSB|YYZ|FLL|FPO|
FPO|YTS,|YTS|YYZ|FLL|FPO|
FPO|YYB,|YYB|YYZ|FLL|FPO|
FPO|YZR,|YZR|YYZ|FLL|FPO|
FPO|CAN,|CAN|PEK|ORD|FLL|FPO|
FPO|URC,|URC|TSE|FRA|MCO|FLL|FPO|
FPO|CTU,|CTU|PEK|ORD|FLL|FPO|
FPO|HGH,|HGH|PEK|ORD|FLL|FPO|
FPO|XMN,|XMN|PEK|ORD|FLL|FPO|
FPO|CGO,|CGO|PEK|ORD|FLL|FPO|
FPO|CSX,|CSX|PEK|ORD|FLL|FPO|
FPO|SHE,|SHE|PEK|ORD|FLL|FPO|
FPO|SJW,|SJW|DLC|PEK|ORD|FLL|FPO|
FPO|WUH,|WUH|PEK|ORD|FLL|FPO|
FPO|SZX,|SZX|PEK|ORD|FLL|FPO|
FPO|CKG,|CKG|PEK|ORD|FLL|FPO|
FPO|KMG,|KMG|PEK|ORD|FLL|FPO|
FPO|FOC,|FOC|PEK|ORD|FLL|FPO|
FPO|NNG,|NNG|PEK|ORD|FLL|FPO|
FPO|SWA,|SWA|PEK|ORD|FLL|FPO|
FPO|ACX,|ACX|CAN|PEK|ORD|FLL|FPO|
FPO|AQG,|AQG|CAN|PEK|ORD|FLL|FPO|
FPO|AVA,|AVA|CAN|PEK|ORD|FLL|FPO|
FPO|BFJ,|BFJ|CAN|PEK|ORD|FLL|FPO|
FPO|BHY,|BHY|CGO|PEK|ORD|FLL|FPO|
FPO|BNE,|BNE|CAN|PEK|ORD|FLL|FPO|
FPO|CGD,|CGD|PEK|ORD|FLL|FPO|
FPO|CGK,|CGK|CAN|PEK|ORD|FLL|FPO|
FPO|CGQ,|CGQ|PEK|ORD|FLL|FPO|
FPO|CIH,|CIH|PEK|ORD|FLL|FPO|
FPO|CNX,|CNX|CAN|PEK|ORD|FLL|FPO|
FPO|CZX,|CZX|SHE|PEK|ORD|FLL|FPO|
FPO|DAC,|DAC|IST|FRA|MCO|FLL|FPO|
FPO|DAD,|DAD|CAN|PEK|ORD|FLL|FPO|
FPO|DEL,|DEL|EWR|FLL|FPO|
FPO|DIG,|DIG|KMG|PEK|ORD|FLL|FPO|
FPO|DLC,|DLC|PEK|ORD|FLL|FPO|
FPO|DPS,|DPS|SZX|PEK|ORD|FLL|FPO|
FPO|DXB,|DXB|IST|FRA|MCO|FLL|FPO|
FPO|DYG,|DYG|PEK|ORD|FLL|FPO|
FPO|FUG,|FUG|CAN|PEK|ORD|FLL|FPO|
FPO|FUK,|FUK|ICN|YVR|DEN|FLL|FPO|
FPO|HAK,|HAK|PEK|ORD|FLL|FPO|
FPO|HAN,|HAN|PEK|ORD|FLL|FPO|
FPO|HDG,|HDG|CAN|PEK|ORD|FLL|FPO|
FPO|HET,|HET|DLC|PEK|ORD|FLL|FPO|
FPO|HFE,|HFE|XIY|PEK|ORD|FLL|FPO|
FPO|HJJ,|HJJ|CSX|PEK|ORD|FLL|FPO|
FPO|HKT,|HKT|KWE|PEK|ORD|FLL|FPO|
FPO|HRB,|HRB|PEK|ORD|FLL|FPO|
FPO|HZH,|HZH|CAN|PEK|ORD|FLL|FPO|
FPO|JIU,|JIU|CAN|PEK|ORD|FLL|FPO|
FPO|JJN,|JJN|PEK|ORD|FLL|FPO|
FPO|JNG,|JNG|CAN|PEK|ORD|FLL|FPO|
FPO|KHN,|KHN|DLC|PEK|ORD|FLL|FPO|
FPO|KIX,|KIX|SFO|FLL|FPO|
FPO|KOW,|KOW|PEK|ORD|FLL|FPO|
FPO|KTM,|KTM|IST|FRA|MCO|FLL|FPO|
FPO|KUL,|KUL|CAN|PEK|ORD|FLL|FPO|
FPO|KWE,|KWE|PEK|ORD|FLL|FPO|
FPO|KWL,|KWL|PEK|ORD|FLL|FPO|
FPO|LHW,|LHW|CGO|PEK|ORD|FLL|FPO|
FPO|LYA,|LYA|KHN|DLC|PEK|ORD|FLL|FPO|
FPO|LYG,|LYG|HSN|PEK|ORD|FLL|FPO|
FPO|LZH,|LZH|CAN|PEK|ORD|FLL|FPO|
FPO|MEL,|MEL|SYD|LAX|PHX|FLL|FPO|
FPO|MIG,|MIG|CSX|PEK|ORD|FLL|FPO|
FPO|MLE,|MLE|IST|FRA|MCO|FLL|FPO|
FPO|MNL,|MNL|XMN|PEK|ORD|FLL|FPO|
FPO|MXZ,|MXZ|CAN|PEK|ORD|FLL|FPO|
FPO|NAO,|NAO|PEK|ORD|FLL|FPO|
FPO|NGB,|NGB|PEK|ORD|FLL|FPO|
FPO|NKG,|NKG|DLC|PEK|ORD|FLL|FPO|
FPO|NNY,|NNY|CGO|PEK|ORD|FLL|FPO|
FPO|PEN,|PEN|CAN|PEK|ORD|FLL|FPO|
FPO|PER,|PER|CAN|PEK|ORD|FLL|FPO|
FPO|PNH,|PNH|CAN|PEK|ORD|FLL|FPO|
FPO|REP,|REP|CAN|PEK|ORD|FLL|FPO|
FPO|RGN,|RGN|CAN|PEK|ORD|FLL|FPO|
FPO|SGN,|SGN|CAN|PEK|ORD|FLL|FPO|
FPO|SHA,|SHA|PEK|ORD|FLL|FPO|
FPO|SIN,|SIN|HKG|ORD|FLL|FPO|
FPO|SVO,|SVO|URC|TSE|FRA|MCO|FLL|FPO|
FPO|SYX,|SYX|PEK|ORD|FLL|FPO|
FPO|TAO,|TAO|DLC|PEK|ORD|FLL|FPO|
FPO|TEN,|TEN|PEK|ORD|FLL|FPO|
FPO|TNA,|TNA|DLC|PEK|ORD|FLL|FPO|
FPO|TPE,|TPE|PVG|ORD|FLL|FPO|
FPO|TSN,|TSN|DLC|PEK|ORD|FLL|FPO|
FPO|TXN,|TXN|DLC|PEK|ORD|FLL|FPO|
FPO|TYN,|TYN|DAT|CIH|PEK|ORD|FLL|FPO|
FPO|WNZ,|WNZ|CGO|PEK|ORD|FLL|FPO|
FPO|WUX,|WUX|CAN|PEK|ORD|FLL|FPO|
FPO|XFN,|XFN|XMN|PEK|ORD|FLL|FPO|
FPO|XIY,|XIY|PEK|ORD|FLL|FPO|
FPO|XUZ,|XUZ|LYG|HSN|PEK|ORD|FLL|FPO|
FPO|YIH,|YIH|CKG|PEK|ORD|FLL|FPO|
FPO|YIW,|YIW|PEK|ORD|FLL|FPO|
FPO|YNT,|YNT|SHE|PEK|ORD|FLL|FPO|
FPO|YNZ,|YNZ|DLC|PEK|ORD|FLL|FPO|
FPO|YTY,|YTY|DLC|PEK|ORD|FLL|FPO|
FPO|ZHA,|ZHA|CAN|PEK|ORD|FLL|FPO|
FPO|ZYI,|ZYI|PEK|ORD|FLL|FPO|
FPO|BAV,|BAV|CGO|PEK|ORD|FLL|FPO|
FPO|CJU,|CJU|DLC|PEK|ORD|FLL|FPO|
FPO|DSN,|DSN|CGO|PEK|ORD|FLL|FPO|
FPO|HMI,|HMI|URC|TSE|FRA|MCO|FLL|FPO|
FPO|INC,|INC|PEK|ORD|FLL|FPO|
FPO|KHH,|KHH|CGO|PEK|ORD|FLL|FPO|
FPO|UYN,|UYN|CGO|PEK|ORD|FLL|FPO|
FPO|XNN,|XNN|PEK|ORD|FLL|FPO|
FPO|ZUH,|ZUH|PEK|ORD|FLL|FPO|
FPO|YNJ,|YNJ|ICN|YVR|DEN|FLL|FPO|
FPO|DAT,|DAT|CIH|PEK|ORD|FLL|FPO|
FPO|JHG,|JHG|CKG|PEK|ORD|FLL|FPO|
FPO|LJG,|LJG|CKG|PEK|ORD|FLL|FPO|
FPO|LXA,|LXA|XIY|PEK|ORD|FLL|FPO|
FPO|YCU,|YCU|CSX|PEK|ORD|FLL|FPO|
FPO|LZO,|LZO|CSX|PEK|ORD|FLL|FPO|
FPO|MDG,|MDG|ICN|YVR|DEN|FLL|FPO|
FPO|NGO,|NGO|ICN|YVR|DEN|FLL|FPO|
FPO|TOY,|TOY|DLC|PEK|ORD|FLL|FPO|
FPO|MFM,|MFM|XMN|PEK|ORD|FLL|FPO|
FPO|TGO,|TGO|HET|DLC|PEK|ORD|FLL|FPO|
FPO|XIL,|XIL|HET|DLC|PEK|ORD|FLL|FPO|
FPO|HEK,|HEK|HRB|PEK|ORD|FLL|FPO|
FPO|KIJ,|KIJ|HRB|PEK|ORD|FLL|FPO|
FPO|LDS,|LDS|HRB|PEK|ORD|FLL|FPO|
FPO|OHE,|OHE|HRB|PEK|ORD|FLL|FPO|
FPO|HSN,|HSN|PEK|ORD|FLL|FPO|
FPO|DLU,|DLU|KMG|PEK|ORD|FLL|FPO|
FPO|SYM,|SYM|KMG|PEK|ORD|FLL|FPO|
FPO|ZAT,|ZAT|KMG|PEK|ORD|FLL|FPO|
FPO|LUN,|LUN|NBO|ZRH|EWR|FLL|FPO|
FPO|AOG,|AOG|PEK|ORD|FLL|FPO|
FPO|GMP,|GMP|PEK|ORD|FLL|FPO|
FPO|ISB,|ISB|IST|FRA|MCO|FLL|FPO|
FPO|TAS,|TAS|IST|FRA|MCO|FLL|FPO|
FPO|WUS,|WUS|PEK|ORD|FLL|FPO|
FPO|JMU,|JMU|PVG|ORD|FLL|FPO|
FPO|NDG,|NDG|PVG|ORD|FLL|FPO|
FPO|JXA,|JXA|SHE|PEK|ORD|FLL|FPO|
FPO|PUS,|PUS|SHE|PEK|ORD|FLL|FPO|
FPO|BKI,|BKI|SZX|PEK|ORD|FLL|FPO|
FPO|AKU,|AKU|URC|TSE|FRA|MCO|FLL|FPO|
FPO|ALA,|ALA|TSE|FRA|MCO|FLL|FPO|
FPO|ASB,|ASB|GYD|FRA|MCO|FLL|FPO|
FPO|DNH,|DNH|URC|TSE|FRA|MCO|FLL|FPO|
FPO|DYU,|DYU|IST|FRA|MCO|FLL|FPO|
FPO|FRU,|FRU|IST|FRA|MCO|FLL|FPO|
FPO|GYD,|GYD|FRA|MCO|FLL|FPO|
FPO|HTN,|HTN|URC|TSE|FRA|MCO|FLL|FPO|
FPO|IKA,|IKA|SAW|FRA|MCO|FLL|FPO|
FPO|KCA,|KCA|URC|TSE|FRA|MCO|FLL|FPO|
FPO|KHG,|KHG|URC|TSE|FRA|MCO|FLL|FPO|
FPO|KRL,|KRL|URC|TSE|FRA|MCO|FLL|FPO|
FPO|KRY,|KRY|URC|TSE|FRA|MCO|FLL|FPO|
FPO|LBD,|LBD|URC|TSE|FRA|MCO|FLL|FPO|
FPO|NLT,|NLT|URC|TSE|FRA|MCO|FLL|FPO|
FPO|OSS,|OSS|IST|FRA|MCO|FLL|FPO|
FPO|OVB,|OVB|IST|FRA|MCO|FLL|FPO|
FPO|TBS,|TBS|SAW|FRA|MCO|FLL|FPO|
FPO|TCG,|TCG|URC|TSE|FRA|MCO|FLL|FPO|
FPO|TSE,|TSE|FRA|MCO|FLL|FPO|
FPO|YIN,|YIN|URC|TSE|FRA|MCO|FLL|FPO|
FPO|ENH,|ENH|WUH|PEK|ORD|FLL|FPO|
FPO|ENY,|ENY|XIY|PEK|ORD|FLL|FPO|
FPO|WXN,|WXN|XIY|PEK|ORD|FLL|FPO|
FPO|BLL,|BLL|IST|FRA|MCO|FLL|FPO|
FPO|ESB,|ESB|FRA|MCO|FLL|FPO|
FPO|SAW,|SAW|FRA|MCO|FLL|FPO|
FPO|HAM,|HAM|EWR|FLL|FPO|
FPO|HRE,|HRE|ADD|JED|FRA|MCO|FLL|FPO|
FPO|JUB,|JUB|CAI|JFK|IAD|FLL|FPO|
FPO|SSG,|SSG|DLA|BRU|EWR|FLL|FPO|
FPO|BGW,|BGW|ESB|FRA|MCO|FLL|FPO|
FPO|EBL,|EBL|IST|FRA|MCO|FLL|FPO|
FPO|VKO,|VKO|IST|FRA|MCO|FLL|FPO|
FPO|MCT,|MCT|IST|FRA|MCO|FLL|FPO|
FPO|AYT,|AYT|IST|FRA|MCO|FLL|FPO|
FPO|SCQ,|SCQ|BIO|IST|FRA|MCO|FLL|FPO|
FPO|AAL,|AAL|IST|FRA|MCO|FLL|FPO|
FPO|AOE,|AOE|BRU|EWR|FLL|FPO|
FPO|JNB,|JNB|DKR|IAD|FLL|FPO|
FPO|LBV,|LBV|DLA|BRU|EWR|FLL|FPO|
FPO|ADA,|ADA|SAW|FRA|MCO|FLL|FPO|
FPO|ADB,|ADB|HAM|EWR|FLL|FPO|
FPO|ADF,|ADF|ESB|FRA|MCO|FLL|FPO|
FPO|AJI,|AJI|ESB|FRA|MCO|FLL|FPO|
FPO|BAL,|BAL|ESB|FRA|MCO|FLL|FPO|
FPO|BJV,|BJV|IST|FRA|MCO|FLL|FPO|
FPO|CKZ,|CKZ|ESB|FRA|MCO|FLL|FPO|
FPO|DIY,|DIY|ESB|FRA|MCO|FLL|FPO|
FPO|ECN,|ECN|IST|FRA|MCO|FLL|FPO|
FPO|ERC,|ERC|ESB|FRA|MCO|FLL|FPO|
FPO|ERZ,|ERZ|ESB|FRA|MCO|FLL|FPO|
FPO|EZS,|EZS|ESB|FRA|MCO|FLL|FPO|
FPO|GNY,|GNY|ESB|FRA|MCO|FLL|FPO|
FPO|GZP,|GZP|ESB|FRA|MCO|FLL|FPO|
FPO|GZT,|GZT|ESB|FRA|MCO|FLL|FPO|
FPO|HTY,|HTY|SAW|FRA|MCO|FLL|FPO|
FPO|KCM,|KCM|ESB|FRA|MCO|FLL|FPO|
FPO|KSY,|KSY|ESB|FRA|MCO|FLL|FPO|
FPO|MLX,|MLX|ESB|FRA|MCO|FLL|FPO|
FPO|MQM,|MQM|ESB|FRA|MCO|FLL|FPO|
FPO|MSR,|MSR|ESB|FRA|MCO|FLL|FPO|
FPO|TEQ,|TEQ|ESB|FRA|MCO|FLL|FPO|
FPO|TZX,|TZX|ESB|FRA|MCO|FLL|FPO|
FPO|VAN,|VAN|ESB|FRA|MCO|FLL|FPO|
FPO|ULN,|ULN|FRU|IST|FRA|MCO|FLL|FPO|
FPO|HIJ,|HIJ|ICN|YVR|DEN|FLL|FPO|
FPO|VVO,|VVO|ICN|YVR|DEN|FLL|FPO|
FPO|ACC,|ACC|IST|FRA|MCO|FLL|FPO|
FPO|AER,|AER|IST|FRA|MCO|FLL|FPO|
FPO|AGP,|AGP|IST|FRA|MCO|FLL|FPO|
FPO|ALG,|ALG|IST|FRA|MCO|FLL|FPO|
FPO|AMM,|AMM|IST|FRA|MCO|FLL|FPO|
FPO|AQJ,|AQJ|IST|FRA|MCO|FLL|FPO|
FPO|ARN,|ARN|EWR|FLL|FPO|
FPO|ASR,|ASR|SAW|FRA|MCO|FLL|FPO|
FPO|ATH,|ATH|IST|FRA|MCO|FLL|FPO|
FPO|BAH,|BAH|IST|FRA|MCO|FLL|FPO|
FPO|BEG,|BEG|IST|FRA|MCO|FLL|FPO|
FPO|BEN,|BEN|IST|FRA|MCO|FLL|FPO|
FPO|BEY,|BEY|IST|FRA|MCO|FLL|FPO|
FPO|BHX,|BHX|EWR|FLL|FPO|
FPO|BIO,|BIO|IST|FRA|MCO|FLL|FPO|
FPO|BLQ,|BLQ|IST|FRA|MCO|FLL|FPO|
FPO|BOM,|BOM|EWR|FLL|FPO|
FPO|BRE,|BRE|IST|FRA|MCO|FLL|FPO|
FPO|BSL,|BSL|IST|FRA|MCO|FLL|FPO|
FPO|BSR,|BSR|IST|FRA|MCO|FLL|FPO|
FPO|BUD,|BUD|IST|FRA|MCO|FLL|FPO|
FPO|BUS,|BUS|IST|FRA|MCO|FLL|FPO|
FPO|CAI,|CAI|JFK|IAD|FLL|FPO|
FPO|CGN,|CGN|IST|FRA|MCO|FLL|FPO|
FPO|CMN,|CMN|IST|FRA|MCO|FLL|FPO|
FPO|CND,|CND|IST|FRA|MCO|FLL|FPO|
FPO|DAR,|DAR|NBO|ZRH|EWR|FLL|FPO|
FPO|DLM,|DLM|IST|FRA|MCO|FLL|FPO|
FPO|DMM,|DMM|IST|FRA|MCO|FLL|FPO|
FPO|DNK,|DNK|IST|FRA|MCO|FLL|FPO|
FPO|DNZ,|DNZ|IST|FRA|MCO|FLL|FPO|
FPO|DOK,|DOK|IST|FRA|MCO|FLL|FPO|
FPO|DUS,|DUS|EWR|FLL|FPO|
FPO|EDI,|EDI|EWR|FLL|FPO|
FPO|ELQ,|ELQ|IST|FRA|MCO|FLL|FPO|
FPO|FDH,|FDH|IST|FRA|MCO|FLL|FPO|
FPO|GOA,|GOA|IST|FRA|MCO|FLL|FPO|
FPO|GOT,|GOT|BRU|EWR|FLL|FPO|
FPO|HAJ,|HAJ|BRU|EWR|FLL|FPO|
FPO|HBE,|HBE|IST|FRA|MCO|FLL|FPO|
FPO|HEL,|HEL|IST|FRA|MCO|FLL|FPO|
FPO|HRG,|HRG|IST|FRA|MCO|FLL|FPO|
FPO|IFN,|IFN|IST|FRA|MCO|FLL|FPO|
FPO|ISE,|ISE|IST|FRA|MCO|FLL|FPO|
FPO|ISU,|ISU|IST|FRA|MCO|FLL|FPO|
FPO|JIB,|JIB|IST|FRA|MCO|FLL|FPO|
FPO|JRO,|JRO|IST|FRA|MCO|FLL|FPO|
FPO|KAN,|KAN|IST|FRA|MCO|FLL|FPO|
FPO|KBL,|KBL|IST|FRA|MCO|FLL|FPO|
FPO|KBP,|KBP|IST|FRA|MCO|FLL|FPO|
FPO|KFS,|KFS|IST|FRA|MCO|FLL|FPO|
FPO|KHI,|KHI|IST|FRA|MCO|FLL|FPO|
FPO|KIV,|KIV|IST|FRA|MCO|FLL|FPO|
FPO|KRT,|KRT|IST|FRA|MCO|FLL|FPO|
FPO|KSH,|KSH|IST|FRA|MCO|FLL|FPO|
FPO|KVD,|KVD|IST|FRA|MCO|FLL|FPO|
FPO|KWI,|KWI|SAW|FRA|MCO|FLL|FPO|
FPO|KYA,|KYA|IST|FRA|MCO|FLL|FPO|
FPO|KZN,|KZN|IST|FRA|MCO|FLL|FPO|
FPO|KZR,|KZR|IST|FRA|MCO|FLL|FPO|
FPO|LED,|LED|VIE|IAD|FLL|FPO|
FPO|LEJ,|LEJ|IST|FRA|MCO|FLL|FPO|
FPO|LGW,|LGW|IST|FRA|MCO|FLL|FPO|
FPO|LHE,|LHE|IST|FRA|MCO|FLL|FPO|
FPO|LIS,|LIS|EWR|FLL|FPO|
FPO|LJU,|LJU|IST|FRA|MCO|FLL|FPO|
FPO|LOS,|LOS|IAH|FLL|FPO|
FPO|LUX,|LUX|IST|FRA|MCO|FLL|FPO|
FPO|LWO,|LWO|IST|FRA|MCO|FLL|FPO|
FPO|LYS,|LYS|IST|FRA|MCO|FLL|FPO|
FPO|MAD,|MAD|EWR|FLL|FPO|
FPO|MAN,|MAN|EWR|FLL|FPO|
FPO|MED,|MED|IST|FRA|MCO|FLL|FPO|
FPO|MHD,|MHD|IST|FRA|MCO|FLL|FPO|
FPO|MLA,|MLA|IST|FRA|MCO|FLL|FPO|
FPO|MRS,|MRS|IST|FRA|MCO|FLL|FPO|
FPO|MSQ,|MSQ|IST|FRA|MCO|FLL|FPO|
FPO|MXP,|MXP|EWR|FLL|FPO|
FPO|MZH,|MZH|IST|FRA|MCO|FLL|FPO|
FPO|MZR,|MZR|IST|FRA|MCO|FLL|FPO|
FPO|NAJ,|NAJ|IST|FRA|MCO|FLL|FPO|
FPO|NAV,|NAV|IST|FRA|MCO|FLL|FPO|
FPO|NCE,|NCE|IST|FRA|MCO|FLL|FPO|
FPO|NIM,|NIM|IST|FRA|MCO|FLL|FPO|
FPO|NJF,|NJF|IST|FRA|MCO|FLL|FPO|
FPO|NSI,|NSI|BRU|EWR|FLL|FPO|
FPO|NUE,|NUE|IST|FRA|MCO|FLL|FPO|
FPO|ODS,|ODS|IST|FRA|MCO|FLL|FPO|
FPO|ORN,|ORN|IST|FRA|MCO|FLL|FPO|
FPO|OTP,|OTP|IST|FRA|MCO|FLL|FPO|
FPO|PRG,|PRG|BRU|EWR|FLL|FPO|
FPO|PRN,|PRN|IST|FRA|MCO|FLL|FPO|
FPO|RIX,|RIX|IST|FRA|MCO|FLL|FPO|
FPO|ROV,|ROV|IST|FRA|MCO|FLL|FPO|
FPO|RTM,|RTM|IST|FRA|MCO|FLL|FPO|
FPO|RUH,|RUH|IST|FRA|MCO|FLL|FPO|
FPO|SAH,|SAH|IST|FRA|MCO|FLL|FPO|
FPO|SJJ,|SJJ|IST|FRA|MCO|FLL|FPO|
FPO|SKG,|SKG|IST|FRA|MCO|FLL|FPO|
FPO|SKP,|SKP|IST|FRA|MCO|FLL|FPO|
FPO|SSH,|SSH|IST|FRA|MCO|FLL|FPO|
FPO|STR,|STR|EWR|FLL|FPO|
FPO|SVX,|SVX|IST|FRA|MCO|FLL|FPO|
FPO|SYZ,|SYZ|IST|FRA|MCO|FLL|FPO|
FPO|SZG,|SZG|IST|FRA|MCO|FLL|FPO|
FPO|TBZ,|TBZ|IST|FRA|MCO|FLL|FPO|
FPO|TGD,|TGD|IST|FRA|MCO|FLL|FPO|
FPO|TIA,|TIA|IST|FRA|MCO|FLL|FPO|
FPO|TIF,|TIF|IST|FRA|MCO|FLL|FPO|
FPO|TIP,|TIP|IST|FRA|MCO|FLL|FPO|
FPO|TLL,|TLL|VNO|CPH|AMS|EWR|FLL|FPO|
FPO|TLS,|TLS|IST|FRA|MCO|FLL|FPO|
FPO|TRN,|TRN|IST|FRA|MCO|FLL|FPO|
FPO|TUN,|TUN|IST|FRA|MCO|FLL|FPO|
FPO|TXL,|TXL|EWR|FLL|FPO|
FPO|UFA,|UFA|IST|FRA|MCO|FLL|FPO|
FPO|VAS,|VAS|SAW|FRA|MCO|FLL|FPO|
FPO|VCE,|VCE|IST|FRA|MCO|FLL|FPO|
FPO|YNB,|YNB|IST|FRA|MCO|FLL|FPO|
FPO|ZAG,|ZAG|IST|FRA|MCO|FLL|FPO|
FPO|MGQ,|MGQ|JIB|IST|FRA|MCO|FLL|FPO|
FPO|CPT,|CPT|JNB|DKR|IAD|FLL|FPO|
FPO|MBA,|MBA|JRO|IST|FRA|MCO|FLL|FPO|
FPO|NDJ,|NDJ|KAN|IST|FRA|MCO|FLL|FPO|
FPO|CMB,|CMB|MLE|IST|FRA|MCO|FLL|FPO|
FPO|ADE,|ADE|SAH|IST|FRA|MCO|FLL|FPO|
FPO|ASF,|ASF|SAW|FRA|MCO|FLL|FPO|
FPO|STW,|STW|SAW|FRA|MCO|FLL|FPO|
FPO|LFW,|LFW|ABJ|BRU|EWR|FLL|FPO|
FPO|CEC,|CEC|ACV|SMF|LAS|FLL|FPO|
FPO|SMF,|SMF|LAS|FLL|FPO|
FPO|CDR,|CDR|AIA|DEN|FLL|FPO|
FPO|FMN,|FMN|DEN|FLL|FPO|
FPO|JST,|JST|IAD|FLL|FPO|
FPO|JHW,|JHW|CLE|FLL|FPO|
FPO|SHD,|SHD|IAD|FLL|FPO|
FPO|PTY,|PTY|MCO|FLL|FPO|
FPO|FNA,|FNA|BRU|EWR|FLL|FPO|
FPO|SXB,|SXB|BRU|EWR|FLL|FPO|
FPO|ACV,|ACV|SMF|LAS|FLL|FPO|
FPO|MGW,|MGW|IAD|FLL|FPO|
FPO|ALB,|ALB|FLL|FPO|
FPO|AUS,|AUS|FLL|FPO|
FPO|BFD,|BFD|CLE|FLL|FPO|
FPO|BUF,|BUF|FLL|FPO|
FPO|CHS,|CHS|ATL|FLL|FPO|
FPO|DAY,|DAY|MCO|FLL|FPO|
FPO|DUJ,|DUJ|CLE|FLL|FPO|
FPO|ERI,|ERI|CLE|FLL|FPO|
FPO|FKL,|FKL|CLE|FLL|FPO|
FPO|FNT,|FNT|MCO|FLL|FPO|
FPO|GRR,|GRR|MCO|FLL|FPO|
FPO|GSP,|GSP|BNA|FLL|FPO|
FPO|PBI,|PBI|TPA|FLL|FPO|
FPO|PKB,|PKB|CLE|FLL|FPO|
FPO|RIC,|RIC|MCO|FLL|FPO|
FPO|SDF,|SDF|MCO|FLL|FPO|
FPO|GUM,|GUM|HNL|IAH|FLL|FPO|
FPO|WRL,|WRL|CYS|DEN|FLL|FPO|
FPO|LBL,|FPO|
FPO|ABQ,|ABQ|DAL|MSY|FLL|FPO|
FPO|AIA,|AIA|DEN|FLL|FPO|
FPO|ALS,|ALS|DEN|FLL|FPO|
FPO|AMA,|AMA|DAL|MSY|FLL|FPO|
FPO|ANC,|ANC|ORD|FLL|FPO|
FPO|ASE,|ASE|DEN|FLL|FPO|
FPO|BFL,|BFL|IAH|FLL|FPO|
FPO|BHM,|BHM|MCO|FLL|FPO|
FPO|BIL,|BIL|DEN|FLL|FPO|
FPO|BIS,|BIS|DEN|FLL|FPO|
FPO|BOI,|BOI|DEN|FLL|FPO|
FPO|BUR,|BUR|PHX|FLL|FPO|
FPO|BZN,|BZN|DEN|FLL|FPO|
FPO|CID,|CID|ORD|FLL|FPO|
FPO|COD,|COD|DEN|FLL|FPO|
FPO|COS,|COS|IAH|FLL|FPO|
FPO|CPR,|CPR|DEN|FLL|FPO|
FPO|CYS,|CYS|DEN|FLL|FPO|
FPO|DIK,|DIK|DEN|FLL|FPO|
FPO|DRO,|DRO|DEN|FLL|FPO|
FPO|DSM,|DSM|MDW|FLL|FPO|
FPO|EGE,|EGE|DEN|FLL|FPO|
FPO|ELP,|ELP|IAH|FLL|FPO|
FPO|EUG,|EUG|DEN|FLL|FPO|
FPO|FAR,|FAR|ORD|FLL|FPO|
FPO|FAT,|FAT|LAS|FLL|FPO|
FPO|FCA,|FCA|DEN|FLL|FPO|
FPO|FSD,|FSD|ORD|FLL|FPO|
FPO|GCC,|GCC|DEN|FLL|FPO|
FPO|GEG,|GEG|DEN|FLL|FPO|
FPO|GJT,|GJT|DEN|FLL|FPO|
FPO|GTF,|GTF|DEN|FLL|FPO|
FPO|GUC,|GUC|DEN|FLL|FPO|
FPO|HDN,|HDN|DEN|FLL|FPO|
FPO|HLN,|HLN|DEN|FLL|FPO|
FPO|HSV,|HSV|IAD|FLL|FPO|
FPO|ICT,|ICT|DAL|MSY|FLL|FPO|
FPO|IDA,|IDA|DEN|FLL|FPO|
FPO|ISN,|ISN|DEN|FLL|FPO|
FPO|JAC,|JAC|DEN|FLL|FPO|
FPO|KOA,|KOA|LAX|PHX|FLL|FPO|
FPO|LAR,|LAR|DEN|FLL|FPO|
FPO|LBB,|LBB|DAL|MSY|FLL|FPO|
FPO|LIH,|LIH|LAX|PHX|FLL|FPO|
FPO|LIT,|LIT|IAH|FLL|FPO|
FPO|LNK,|LNK|ORD|FLL|FPO|
FPO|MAF,|MAF|IAH|FLL|FPO|
FPO|MEM,|MEM|TPA|FLL|FPO|
FPO|MFR,|MFR|DEN|FLL|FPO|
FPO|MLI,|MLI|ORD|FLL|FPO|
FPO|MOT,|MOT|DEN|FLL|FPO|
FPO|MRY,|MRY|LAX|PHX|FLL|FPO|
FPO|MSN,|MSN|ORD|FLL|FPO|
FPO|MSO,|MSO|DEN|FLL|FPO|
FPO|MTJ,|MTJ|DEN|FLL|FPO|
FPO|OKC,|OKC|DAL|MSY|FLL|FPO|
FPO|OMA,|OMA|STL|FLL|FPO|
FPO|ONT,|ONT|PHX|FLL|FPO|
FPO|PIA,|PIA|ORD|FLL|FPO|
FPO|PIR,|PIR|DEN|FLL|FPO|
FPO|PSC,|PSC|DEN|FLL|FPO|
FPO|PSP,|PSP|IAH|FLL|FPO|
FPO|PUB,|PUB|DEN|FLL|FPO|
FPO|RAP,|RAP|ORD|FLL|FPO|
FPO|RDM,|RDM|DEN|FLL|FPO|
FPO|RKS,|RKS|DEN|FLL|FPO|
FPO|RNO,|RNO|DEN|FLL|FPO|
FPO|SAF,|SAF|DEN|FLL|FPO|
FPO|SAT,|SAT|HOU|FLL|FPO|
FPO|SBA,|SBA|LAX|PHX|FLL|FPO|
FPO|SGF,|SGF|ORD|FLL|FPO|
FPO|SGU,|SGU|DEN|FLL|FPO|
FPO|SHV,|SHV|IAH|FLL|FPO|
FPO|SJC,|SJC|LAS|FLL|FPO|
FPO|SLC,|SLC|DEN|FLL|FPO|
FPO|SNA,|SNA|PHX|FLL|FPO|
FPO|TUL,|TUL|DAL|MSY|FLL|FPO|
FPO|TUS,|TUS|IAH|FLL|FPO|
FPO|TYS,|TYS|IAD|FLL|FPO|
FPO|XNA,|XNA|IAH|FLL|FPO|
FPO|SAL,|SAL|IAH|FLL|FPO|
FPO|BJL,|BJL|DKR|IAD|FLL|FPO|
FPO|BFS,|BFS|EWR|FLL|FPO|
FPO|BON,|BON|EWR|FLL|FPO|
FPO|BQN,|BQN|EWR|FLL|FPO|
FPO|BTV,|BTV|EWR|FLL|FPO|
FPO|BZE,|BZE|IAH|FLL|FPO|
FPO|GLA,|GLA|EWR|FLL|FPO|
FPO|GSO,|GSO|IAD|FLL|FPO|
FPO|ITH,|ITH|EWR|FLL|FPO|
FPO|JAX,|JAX|FLL|FPO|
FPO|MHT,|MHT|EWR|FLL|FPO|
FPO|MYR,|MYR|EWR|FLL|FPO|
FPO|ORF,|ORF|MCO|FLL|FPO|
FPO|POS,|POS|EWR|FLL|FPO|
FPO|PVD,|PVD|FLL|FPO|
FPO|PWM,|PWM|EWR|FLL|FPO|
FPO|SAP,|SAP|IAH|FLL|FPO|
FPO|SAV,|SAV|IAD|FLL|FPO|
FPO|SDQ,|SDQ|EWR|FLL|FPO|
FPO|SJU,|SJU|FLL|FPO|
FPO|SNN,|SNN|EWR|FLL|FPO|
FPO|STT,|STT|IAD|FLL|FPO|
FPO|SXM,|SXM|IAD|FLL|FPO|
FPO|BIM,|BIM|FLL|FPO|
FPO|ELH,|ELH|FLL|FPO|
FPO|EYW,|EYW|FLL|FPO|
FPO|GHB,|GHB|FLL|FPO|
FPO|MHH,|MHH|FLL|FPO|
FPO|TCB,|TCB|FLL|FPO|
FPO|SOW,|SOW|PHX|FLL|FPO|
FPO|ROB,|ROB|FNA|BRU|EWR|FLL|FPO|
FPO|GIG,|GIG|GRU|IAD|FLL|FPO|
FPO|CNS,|CNS|GUM|HNL|IAH|FLL|FPO|
FPO|CTS,|CTS|GUM|HNL|IAH|FLL|FPO|
FPO|OKJ,|OKJ|GUM|HNL|IAH|FLL|FPO|
FPO|ROP,|ROP|GUM|HNL|IAH|FLL|FPO|
FPO|ROR,|ROR|GUM|HNL|IAH|FLL|FPO|
FPO|SDJ,|SDJ|GUM|HNL|IAH|FLL|FPO|
FPO|SPN,|SPN|GUM|HNL|IAH|FLL|FPO|
FPO|TKK,|TKK|PNI|KWA|MAJ|HNL|IAH|FLL|FPO|
FPO|YAP,|YAP|GUM|HNL|IAH|FLL|FPO|
FPO|MAJ,|MAJ|HNL|IAH|FLL|FPO|
FPO|AOO,|AOO|IAD|FLL|FPO|
FPO|BGM,|BGM|IAD|FLL|FPO|
FPO|BKW,|BKW|IAD|FLL|FPO|
FPO|CAE,|CAE|IAD|FLL|FPO|
FPO|CHO,|CHO|IAD|FLL|FPO|
FPO|CRW,|CRW|IAD|FLL|FPO|
FPO|FAY,|FAY|IAD|FLL|FPO|
FPO|LWB,|LWB|IAD|FLL|FPO|
FPO|ROA,|ROA|IAD|FLL|FPO|
FPO|SCE,|SCE|IAD|FLL|FPO|
FPO|ACA,|ACA|IAH|FLL|FPO|
FPO|ACY,|ACY|ORD|FLL|FPO|
FPO|AEX,|AEX|IAH|FLL|FPO|
FPO|AGU,|AGU|IAH|FLL|FPO|
FPO|BJX,|BJX|IAH|FLL|FPO|
FPO|BRO,|BRO|IAH|FLL|FPO|
FPO|BTR,|BTR|IAH|FLL|FPO|
FPO|CCS,|CCS|IAH|FLL|FPO|
FPO|CLL,|CLL|IAH|FLL|FPO|
FPO|CME,|CME|IAH|FLL|FPO|
FPO|CRP,|CRP|HOU|FLL|FPO|
FPO|CUU,|CUU|IAH|FLL|FPO|
FPO|DAL,|DAL|MSY|FLL|FPO|
FPO|DGO,|DGO|IAH|FLL|FPO|
FPO|GDL,|GDL|IAH|FLL|FPO|
FPO|GPT,|GPT|IAH|FLL|FPO|
FPO|GRK,|GRK|IAH|FLL|FPO|
FPO|HOB,|HOB|IAH|FLL|FPO|
FPO|HRL,|HRL|HOU|FLL|FPO|
FPO|HUX,|HUX|IAH|FLL|FPO|
FPO|JAN,|JAN|MCO|FLL|FPO|
FPO|LCH,|LCH|IAH|FLL|FPO|
FPO|LEX,|LEX|ORD|FLL|FPO|
FPO|LFT,|LFT|IAH|FLL|FPO|
FPO|LRD,|LRD|IAH|FLL|FPO|
FPO|MFE,|MFE|IAH|FLL|FPO|
FPO|MGA,|MGA|IAH|FLL|FPO|
FPO|MID,|MID|IAH|FLL|FPO|
FPO|MLM,|MLM|IAH|FLL|FPO|
FPO|MLU,|MLU|IAH|FLL|FPO|
FPO|MOB,|MOB|IAH|FLL|FPO|
FPO|MTY,|MTY|IAH|FLL|FPO|
FPO|OAX,|OAX|IAH|FLL|FPO|
FPO|PBC,|PBC|IAH|FLL|FPO|
FPO|PNS,|PNS|TPA|FLL|FPO|
FPO|QRO,|QRO|IAH|FLL|FPO|
FPO|RTB,|RTB|IAH|FLL|FPO|
FPO|SLP,|SLP|IAH|FLL|FPO|
FPO|SLW,|SLW|IAH|FLL|FPO|
FPO|TAM,|TAM|IAH|FLL|FPO|
FPO|TGU,|TGU|IAH|FLL|FPO|
FPO|TRC,|TRC|IAH|FLL|FPO|
FPO|TYR,|TYR|IAH|FLL|FPO|
FPO|UIO,|UIO|IAH|FLL|FPO|
FPO|VER,|VER|IAH|FLL|FPO|
FPO|VPS,|VPS|IAH|FLL|FPO|
FPO|VSA,|VSA|IAH|FLL|FPO|
FPO|ZIH,|ZIH|IAH|FLL|FPO|
FPO|ZLO,|ZLO|IAH|FLL|FPO|
FPO|KWA,|KWA|MAJ|HNL|IAH|FLL|FPO|
FPO|PNI,|PNI|KWA|MAJ|HNL|IAH|FLL|FPO|
FPO|KSA,|KSA|KWA|MAJ|HNL|IAH|FLL|FPO|
FPO|CLD,|CLD|LAX|PHX|FLL|FPO|
FPO|ITO,|ITO|LAX|PHX|FLL|FPO|
FPO|SBP,|SBP|LAX|PHX|FLL|FPO|
FPO|SMX,|SMX|LAX|PHX|FLL|FPO|
FPO|YUM,|YUM|LAX|PHX|FLL|FPO|
FPO|DDC,|FPO|
FPO|TMS,|TMS|LIS|EWR|FLL|FPO|
FPO|PHC,|PHC|LOS|IAH|FLL|FPO|
FPO|GNV,|GNV|MCO|FLL|FPO|
FPO|TLH,|TLH|TPA|FLL|FPO|
FPO|CKB,|CKB|MGW|IAD|FLL|FPO|
FPO|BAQ,|BAQ|MIA|MSY|FLL|FPO|
FPO|CLO,|CLO|MIA|MSY|FLL|FPO|
FPO|CTG,|CTG|MIA|MSY|FLL|FPO|
FPO|MDE,|MDE|MIA|MSY|FLL|FPO|
FPO|ABE,|ABE|ORD|FLL|FPO|
FPO|ATW,|ATW|ORD|FLL|FPO|
FPO|AVL,|AVL|ORD|FLL|FPO|
FPO|AVP,|AVP|ORD|FLL|FPO|
FPO|CAK,|CAK|MCO|FLL|FPO|
FPO|CMX,|CMX|ORD|FLL|FPO|
FPO|CWA,|CWA|ORD|FLL|FPO|
FPO|DLH,|DLH|ORD|FLL|FPO|
FPO|EAU,|EAU|ORD|FLL|FPO|
FPO|ELM,|ELM|ORD|FLL|FPO|
FPO|FOE,|FOE|ORD|FLL|FPO|
FPO|FWA,|FWA|ORD|FLL|FPO|
FPO|GRB,|GRB|ORD|FLL|FPO|
FPO|HPN,|HPN|ORD|FLL|FPO|
FPO|LAN,|LAN|ORD|FLL|FPO|
FPO|MBS,|MBS|ORD|FLL|FPO|
FPO|MKG,|MKG|ORD|FLL|FPO|
FPO|PAH,|PAH|ORD|FLL|FPO|
FPO|SBN,|SBN|ORD|FLL|FPO|
FPO|SPI,|SPI|ORD|FLL|FPO|
FPO|SRQ,|SRQ|ORD|FLL|FPO|
FPO|STC,|STC|ORD|FLL|FPO|
FPO|TVC,|TVC|ORD|FLL|FPO|
FPO|LMT,|LMT|SFO|FLL|FPO|
FPO|HON,|HON|PIR|DEN|FLL|FPO|
FPO|CIC,|CIC|SFO|FLL|FPO|
FPO|MOD,|MOD|SFO|FLL|FPO|
FPO|OTH,|OTH|SFO|FLL|FPO|
FPO|RDD,|RDD|SFO|FLL|FPO|
FPO|EIS,|EIS|SJU|FLL|FPO|
FPO|DME,|DME|VIE|IAD|FLL|FPO|
FPO|EVN,|EVN|VIE|IAD|FLL|FPO|
FPO|HOU,|HOU|FLL|FPO|
FPO|MDW,|MDW|FLL|FPO|
FPO|OAK,|OAK|ABQ|DAL|MSY|FLL|FPO|
FPO|ECP,|ECP|BNA|FLL|FPO|
FPO|ISP,|ISP|FLL|FPO|
FPO|YHM,|YHM|YQM|EWR|FLL|FPO|
FPO|YXX,|YXX|YYC|MCO|FLL|FPO|
FPO|YBR,|YBR|YYC|MCO|FLL|FPO|
FPO|YKF,|YKF|YYC|MCO|FLL|FPO|
FPO|GDN,|FPO|
FPO|TRD,|FPO|
FPO|NKC,|FPO|
FPO|PGA,|FPO|
