GOT|BRU,|BRU|IST|GOT|
GOT|OUA,|OUA|NIM|IST|GOT|
GOT|JED,|JED|IST|GOT|
GOT|CPH,|CPH|IST|GOT|
GOT|YYZ,|YYZ|EWR|ARN|GOT|
GOT|DEN,|DEN|EWR|ARN|GOT|
GOT|YUL,|YUL|EWR|ARN|GOT|
GOT|NBO,|NBO|IST|GOT|
GOT|ICN,|ICN|IST|GOT|
GOT|NRT,|NRT|IST|GOT|
GOT|YHZ,|YHZ|EWR|ARN|GOT|
GOT|YOW,|YOW|EWR|ARN|GOT|
GOT|BJM,|BJM|BRU|IST|GOT|
GOT|COO,|COO|BRU|IST|GOT|
GOT|DKR,|DKR|BRU|IST|GOT|
GOT|DLA,|DLA|IST|GOT|
GOT|KGL,|KGL|IST|GOT|
GOT|LAD,|LAD|BRU|IST|GOT|
GOT|ABJ,|ABJ|OUA|NIM|IST|GOT|
GOT|AMS,|AMS|IST|GOT|
GOT|OSL,|OSL|IST|GOT|
GOT|VNO,|VNO|IST|GOT|
GOT|WAW,|WAW|IST|GOT|
GOT|YYC,|YYC|EWR|ARN|GOT|
GOT|ATL,|ATL|EWR|ARN|GOT|
GOT|MSY,|MSY|EWR|ARN|GOT|
GOT|YEG,|YEG|EWR|ARN|GOT|
GOT|YMM,|YMM|YYZ|EWR|ARN|GOT|
GOT|YQR,|YQR|YYZ|EWR|ARN|GOT|
GOT|YVR,|YVR|EWR|ARN|GOT|
GOT|YWG,|YWG|YYZ|EWR|ARN|GOT|
GOT|YXE,|YXE|YYZ|EWR|ARN|GOT|
GOT|CKY,|CKY|DKR|BRU|IST|GOT|
GOT|FIH,|FIH|IST|GOT|
GOT|SCL,|SCL|EZE|GRU|IST|GOT|
GOT|LCA,|LCA|FRA|IST|GOT|
GOT|NAP,|NAP|IST|GOT|
GOT|VLC,|VLC|IST|GOT|
GOT|BKK,|BKK|IST|GOT|
GOT|ADD,|ADD|IST|GOT|
GOT|FRA,|FRA|IST|GOT|
GOT|IST,|IST|GOT|
GOT|EBB,|EBB|KGL|IST|GOT|
GOT|YLW,|YLW|YYZ|EWR|ARN|GOT|
GOT|YYT,|YYT|LHR|IST|GOT|
GOT|GUA,|GUA|EWR|ARN|GOT|
GOT|EWR,|EWR|ARN|GOT|
GOT|IAD,|IAD|EWR|ARN|GOT|
GOT|IAH,|IAH|EWR|ARN|GOT|
GOT|ORD,|ORD|EWR|ARN|GOT|
GOT|SOF,|SOF|IST|GOT|
GOT|YQB,|YQB|EWR|ARN|GOT|
GOT|YXU,|YXU|YYZ|EWR|ARN|GOT|
GOT|EZE,|EZE|GRU|IST|GOT|
GOT|YYJ,|YYJ|YYZ|EWR|ARN|GOT|
GOT|YYY,|YYY|YUL|EWR|ARN|GOT|
GOT|YQQ,|YQQ|YYC|EWR|ARN|GOT|
GOT|YYR,|YYR|YHZ|EWR|ARN|GOT|
GOT|LHR,|LHR|IST|GOT|
GOT|SFO,|SFO|EWR|ARN|GOT|
GOT|YQU,|YQU|YEG|EWR|ARN|GOT|
GOT|YZF,|YZF|YEG|EWR|ARN|GOT|
GOT|YGR,|YGR|YGP|YQB|EWR|ARN|GOT|
GOT|YGP,|YGP|YQB|EWR|ARN|GOT|
GOT|BOS,|BOS|EWR|ARN|GOT|
GOT|YDF,|YDF|YHZ|EWR|ARN|GOT|
GOT|YFC,|YFC|YUL|EWR|ARN|GOT|
GOT|YQM,|YQM|EWR|ARN|GOT|
GOT|YQX,|YQX|YHZ|EWR|ARN|GOT|
GOT|YQY,|YQY|YHZ|EWR|ARN|GOT|
GOT|YSJ,|YSJ|YUL|EWR|ARN|GOT|
GOT|YYG,|YYG|YHZ|EWR|ARN|GOT|
GOT|LAX,|LAX|EWR|ARN|GOT|
GOT|DCA,|DCA|EWR|ARN|GOT|
GOT|LGA,|LGA|IAD|EWR|ARN|GOT|
GOT|YZV,|YZV|YQB|EWR|ARN|GOT|
GOT|YWL,|YWL|YVR|EWR|ARN|GOT|
GOT|AZS,|AZS|YYZ|EWR|ARN|GOT|
GOT|BDL,|BDL|BWI|EWR|ARN|GOT|
GOT|CCC,|CCC|YYZ|EWR|ARN|GOT|
GOT|CDG,|CDG|IST|GOT|
GOT|CUN,|CUN|EWR|ARN|GOT|
GOT|CZM,|CZM|YUL|EWR|ARN|GOT|
GOT|FDF,|FDF|YUL|EWR|ARN|GOT|
GOT|FLL,|FLL|EWR|ARN|GOT|
GOT|GVA,|GVA|IST|GOT|
GOT|HOG,|HOG|YYZ|EWR|ARN|GOT|
GOT|LAS,|LAS|EWR|ARN|GOT|
GOT|MBJ,|MBJ|EWR|ARN|GOT|
GOT|MCO,|MCO|EWR|ARN|GOT|
GOT|MUC,|MUC|IST|GOT|
GOT|PAP,|PAP|YUL|EWR|ARN|GOT|
GOT|PTP,|PTP|YUL|EWR|ARN|GOT|
GOT|PUJ,|PUJ|EWR|ARN|GOT|
GOT|SNU,|SNU|YYZ|EWR|ARN|GOT|
GOT|VRA,|VRA|YYZ|EWR|ARN|GOT|
GOT|YBC,|YBC|YUL|EWR|ARN|GOT|
GOT|YBG,|YBG|YUL|EWR|ARN|GOT|
GOT|YTZ,|YTZ|YUL|EWR|ARN|GOT|
GOT|YUY,|YUY|YUL|EWR|ARN|GOT|
GOT|YVO,|YVO|YUL|EWR|ARN|GOT|
GOT|ZBF,|ZBF|YUL|EWR|ARN|GOT|
GOT|ZRH,|ZRH|IST|GOT|
GOT|ZSA,|ZSA|YUL|EWR|ARN|GOT|
GOT|AKL,|AKL|BKK|IST|GOT|
GOT|HKG,|HKG|IST|GOT|
GOT|HND,|HND|YVR|EWR|ARN|GOT|
GOT|HNL,|HNL|EWR|ARN|GOT|
GOT|MEX,|MEX|EWR|ARN|GOT|
GOT|OGG,|OGG|ORD|EWR|ARN|GOT|
GOT|PDX,|PDX|EWR|ARN|GOT|
GOT|PEK,|PEK|IST|GOT|
GOT|PVG,|PVG|IST|GOT|
GOT|PVR,|PVR|EWR|ARN|GOT|
GOT|SEA,|SEA|EWR|ARN|GOT|
GOT|SYD,|SYD|BKK|IST|GOT|
GOT|YBL,|YBL|YVR|EWR|ARN|GOT|
GOT|YCD,|YCD|YVR|EWR|ARN|GOT|
GOT|YCG,|YCG|YYC|EWR|ARN|GOT|
GOT|YKA,|YKA|YYC|EWR|ARN|GOT|
GOT|YPR,|YPR|YVR|EWR|ARN|GOT|
GOT|YQZ,|YQZ|YVR|EWR|ARN|GOT|
GOT|YXC,|YXC|YYC|EWR|ARN|GOT|
GOT|YXJ,|YXJ|YYC|EWR|ARN|GOT|
GOT|YXS,|YXS|YYC|EWR|ARN|GOT|
GOT|YXT,|YXT|YVR|EWR|ARN|GOT|
GOT|YXY,|YXY|YVR|EWR|ARN|GOT|
GOT|YYD,|YYD|YVR|EWR|ARN|GOT|
GOT|YYF,|YYF|YVR|EWR|ARN|GOT|
GOT|YZP,|YZP|YVR|EWR|ARN|GOT|
GOT|YQT,|YQT|YYZ|EWR|ARN|GOT|
GOT|SJD,|SJD|EWR|ARN|GOT|
GOT|YQF,|YQF|YYC|EWR|ARN|GOT|
GOT|YQL,|YQL|YYC|EWR|ARN|GOT|
GOT|YXH,|YXH|YYC|EWR|ARN|GOT|
GOT|YWK,|YWK|YZV|YQB|EWR|ARN|GOT|
GOT|ANU,|ANU|EWR|ARN|GOT|
GOT|AUA,|AUA|EWR|ARN|GOT|
GOT|AUH,|AUH|IST|GOT|
GOT|BCN,|BCN|IST|GOT|
GOT|BDA,|BDA|EWR|ARN|GOT|
GOT|BGI,|BGI|YYZ|EWR|ARN|GOT|
GOT|BNA,|BNA|EWR|ARN|GOT|
GOT|BOG,|BOG|EWR|ARN|GOT|
GOT|BWI,|BWI|EWR|ARN|GOT|
GOT|CLE,|CLE|EWR|ARN|GOT|
GOT|CLT,|CLT|EWR|ARN|GOT|
GOT|CMH,|CMH|EWR|ARN|GOT|
GOT|CVG,|CVG|EWR|ARN|GOT|
GOT|DFW,|DFW|EWR|ARN|GOT|
GOT|DTW,|DTW|EWR|ARN|GOT|
GOT|DUB,|DUB|IST|GOT|
GOT|FCO,|FCO|IST|GOT|
GOT|GCM,|GCM|EWR|ARN|GOT|
GOT|GGT,|GGT|FLL|EWR|ARN|GOT|
GOT|GND,|GND|YYZ|EWR|ARN|GOT|
GOT|GRU,|GRU|IST|GOT|
GOT|HAV,|HAV|YYZ|EWR|ARN|GOT|
GOT|IND,|IND|EWR|ARN|GOT|
GOT|JFK,|JFK|IAD|EWR|ARN|GOT|
GOT|KIN,|KIN|YYZ|EWR|ARN|GOT|
GOT|LIM,|LIM|EWR|ARN|GOT|
GOT|LIR,|LIR|EWR|ARN|GOT|
GOT|MCI,|MCI|EWR|ARN|GOT|
GOT|MDT,|MDT|IAD|EWR|ARN|GOT|
GOT|MIA,|MIA|EWR|ARN|GOT|
GOT|MKE,|MKE|EWR|ARN|GOT|
GOT|MSP,|MSP|EWR|ARN|GOT|
GOT|NAS,|NAS|EWR|ARN|GOT|
GOT|PHL,|PHL|IAD|EWR|ARN|GOT|
GOT|PHX,|PHX|EWR|ARN|GOT|
GOT|PIT,|PIT|EWR|ARN|GOT|
GOT|PLS,|PLS|EWR|ARN|GOT|
GOT|POP,|POP|EWR|ARN|GOT|
GOT|RDU,|RDU|EWR|ARN|GOT|
GOT|ROC,|ROC|EWR|ARN|GOT|
GOT|RSW,|RSW|EWR|ARN|GOT|
GOT|SAN,|SAN|EWR|ARN|GOT|
GOT|SJO,|SJO|EWR|ARN|GOT|
GOT|STL,|STL|EWR|ARN|GOT|
GOT|SYR,|SYR|EWR|ARN|GOT|
GOT|TLV,|TLV|IST|GOT|
GOT|TPA,|TPA|EWR|ARN|GOT|
GOT|UVF,|UVF|EWR|ARN|GOT|
GOT|VIE,|VIE|IST|GOT|
GOT|YAM,|YAM|YYZ|EWR|ARN|GOT|
GOT|YGK,|YGK|YYZ|EWR|ARN|GOT|
GOT|YQG,|YQG|YYZ|EWR|ARN|GOT|
GOT|YSB,|YSB|YYZ|EWR|ARN|GOT|
GOT|YTS,|YTS|YYZ|EWR|ARN|GOT|
GOT|YYB,|YYB|YYZ|EWR|ARN|GOT|
GOT|YZR,|YZR|YYZ|EWR|ARN|GOT|
GOT|CAN,|CAN|IST|GOT|
GOT|URC,|URC|IST|GOT|
GOT|CTU,|CTU|URC|IST|GOT|
GOT|HGH,|HGH|URC|IST|GOT|
GOT|XMN,|XMN|CSX|URC|IST|GOT|
GOT|CGO,|CGO|URC|IST|GOT|
GOT|CSX,|CSX|URC|IST|GOT|
GOT|SHE,|SHE|PEK|IST|GOT|
GOT|SJW,|SJW|URC|IST|GOT|
GOT|WUH,|WUH|URC|IST|GOT|
GOT|SZX,|SZX|CKG|URC|IST|GOT|
GOT|CKG,|CKG|URC|IST|GOT|
GOT|KMG,|KMG|CTU|URC|IST|GOT|
GOT|FOC,|FOC|XIY|URC|IST|GOT|
GOT|NNG,|NNG|KWE|URC|IST|GOT|
GOT|SWA,|SWA|CAN|IST|GOT|
GOT|ACX,|ACX|CAN|IST|GOT|
GOT|AQG,|AQG|CAN|IST|GOT|
GOT|AVA,|AVA|CAN|IST|GOT|
GOT|BFJ,|BFJ|CAN|IST|GOT|
GOT|BHY,|BHY|CKG|URC|IST|GOT|
GOT|BNE,|BNE|BKK|IST|GOT|
GOT|CGD,|CGD|PEK|IST|GOT|
GOT|CGK,|CGK|SIN|IST|GOT|
GOT|CGQ,|CGQ|HET|URC|IST|GOT|
GOT|CIH,|CIH|PEK|IST|GOT|
GOT|CNX,|CNX|CAN|IST|GOT|
GOT|CZX,|CZX|TYN|URC|IST|GOT|
GOT|DAC,|DAC|IST|GOT|
GOT|DAD,|DAD|CAN|IST|GOT|
GOT|DEL,|DEL|IST|GOT|
GOT|DIG,|DIG|KMG|CTU|URC|IST|GOT|
GOT|DLC,|DLC|PEK|IST|GOT|
GOT|DPS,|DPS|CAN|IST|GOT|
GOT|DXB,|DXB|IST|GOT|
GOT|DYG,|DYG|CSX|URC|IST|GOT|
GOT|FUG,|FUG|CAN|IST|GOT|
GOT|FUK,|FUK|ICN|IST|GOT|
GOT|HAK,|HAK|CTU|URC|IST|GOT|
GOT|HAN,|HAN|CAN|IST|GOT|
GOT|HDG,|HDG|CAN|IST|GOT|
GOT|HET,|HET|URC|IST|GOT|
GOT|HFE,|HFE|XIY|URC|IST|GOT|
GOT|HJJ,|HJJ|CSX|URC|IST|GOT|
GOT|HKT,|HKT|KWE|URC|IST|GOT|
GOT|HRB,|HRB|PEK|IST|GOT|
GOT|HZH,|HZH|CAN|IST|GOT|
GOT|JIU,|JIU|CAN|IST|GOT|
GOT|JJN,|JJN|CSX|URC|IST|GOT|
GOT|JNG,|JNG|CAN|IST|GOT|
GOT|KHN,|KHN|XIY|URC|IST|GOT|
GOT|KIX,|KIX|IST|GOT|
GOT|KOW,|KOW|CAN|IST|GOT|
GOT|KTM,|KTM|IST|GOT|
GOT|KUL,|KUL|IST|GOT|
GOT|KWE,|KWE|URC|IST|GOT|
GOT|KWL,|KWL|CKG|URC|IST|GOT|
GOT|LHW,|LHW|URC|IST|GOT|
GOT|LYA,|LYA|KHN|XIY|URC|IST|GOT|
GOT|LYG,|LYG|XUZ|INC|URC|IST|GOT|
GOT|LZH,|LZH|CAN|IST|GOT|
GOT|MEL,|MEL|BKK|IST|GOT|
GOT|MIG,|MIG|CSX|URC|IST|GOT|
GOT|MLE,|MLE|IST|GOT|
GOT|MNL,|MNL|CAN|IST|GOT|
GOT|MXZ,|MXZ|CAN|IST|GOT|
GOT|NAO,|NAO|PEK|IST|GOT|
GOT|NGB,|NGB|WUH|URC|IST|GOT|
GOT|NKG,|NKG|URC|IST|GOT|
GOT|NNY,|NNY|CGO|URC|IST|GOT|
GOT|PEN,|PEN|CAN|IST|GOT|
GOT|PER,|PER|BKK|IST|GOT|
GOT|PNH,|PNH|CAN|IST|GOT|
GOT|REP,|REP|CAN|IST|GOT|
GOT|RGN,|RGN|CAN|IST|GOT|
GOT|SGN,|SGN|BKK|IST|GOT|
GOT|SHA,|SHA|URC|IST|GOT|
GOT|SIN,|SIN|IST|GOT|
GOT|SVO,|SVO|URC|IST|GOT|
GOT|SYX,|SYX|CKG|URC|IST|GOT|
GOT|TAO,|TAO|TYN|URC|IST|GOT|
GOT|TEN,|TEN|CAN|IST|GOT|
GOT|TNA,|TNA|URC|IST|GOT|
GOT|TPE,|TPE|URC|IST|GOT|
GOT|TSN,|TSN|HET|URC|IST|GOT|
GOT|TXN,|TXN|TYN|URC|IST|GOT|
GOT|TYN,|TYN|URC|IST|GOT|
GOT|WNZ,|WNZ|XIY|URC|IST|GOT|
GOT|WUX,|WUX|CAN|IST|GOT|
GOT|XFN,|XFN|CAN|IST|GOT|
GOT|XIY,|XIY|URC|IST|GOT|
GOT|XUZ,|XUZ|INC|URC|IST|GOT|
GOT|YIH,|YIH|CKG|URC|IST|GOT|
GOT|YIW,|YIW|URC|IST|GOT|
GOT|YNT,|YNT|SHE|PEK|IST|GOT|
GOT|YNZ,|YNZ|WUH|URC|IST|GOT|
GOT|YTY,|YTY|CGO|URC|IST|GOT|
GOT|ZHA,|ZHA|CAN|IST|GOT|
GOT|ZYI,|ZYI|CAN|IST|GOT|
GOT|BAV,|BAV|URC|IST|GOT|
GOT|CJU,|CJU|DLC|PEK|IST|GOT|
GOT|DSN,|DSN|CGO|URC|IST|GOT|
GOT|HMI,|HMI|URC|IST|GOT|
GOT|INC,|INC|URC|IST|GOT|
GOT|KHH,|KHH|WUH|URC|IST|GOT|
GOT|UYN,|UYN|XIY|URC|IST|GOT|
GOT|XNN,|XNN|URC|IST|GOT|
GOT|ZUH,|ZUH|KWE|URC|IST|GOT|
GOT|YNJ,|YNJ|PEK|IST|GOT|
GOT|DAT,|DAT|TYN|URC|IST|GOT|
GOT|JHG,|JHG|KMG|CTU|URC|IST|GOT|
GOT|LJG,|LJG|KMG|CTU|URC|IST|GOT|
GOT|LXA,|LXA|CKG|URC|IST|GOT|
GOT|YCU,|YCU|CKG|URC|IST|GOT|
GOT|LZO,|LZO|CSX|URC|IST|GOT|
GOT|MDG,|MDG|DLC|PEK|IST|GOT|
GOT|NGO,|NGO|ICN|IST|GOT|
GOT|TOY,|TOY|DLC|PEK|IST|GOT|
GOT|MFM,|MFM|XMN|CSX|URC|IST|GOT|
GOT|TGO,|TGO|HET|URC|IST|GOT|
GOT|XIL,|XIL|HET|URC|IST|GOT|
GOT|HEK,|HEK|HRB|PEK|IST|GOT|
GOT|KIJ,|KIJ|HRB|PEK|IST|GOT|
GOT|LDS,|LDS|HRB|PEK|IST|GOT|
GOT|OHE,|OHE|HRB|PEK|IST|GOT|
GOT|HSN,|HSN|LYG|XUZ|INC|URC|IST|GOT|
GOT|DLU,|DLU|KMG|CTU|URC|IST|GOT|
GOT|SYM,|SYM|KMG|CTU|URC|IST|GOT|
GOT|ZAT,|ZAT|KMG|CTU|URC|IST|GOT|
GOT|LUN,|LUN|NBO|IST|GOT|
GOT|AOG,|AOG|PEK|IST|GOT|
GOT|GMP,|GMP|PEK|IST|GOT|
GOT|ISB,|ISB|IST|GOT|
GOT|TAS,|TAS|IST|GOT|
GOT|WUS,|WUS|PEK|IST|GOT|
GOT|JMU,|JMU|PVG|IST|GOT|
GOT|NDG,|NDG|PVG|IST|GOT|
GOT|JXA,|JXA|SHE|PEK|IST|GOT|
GOT|PUS,|PUS|SHE|PEK|IST|GOT|
GOT|BKI,|BKI|SZX|CKG|URC|IST|GOT|
GOT|AKU,|AKU|URC|IST|GOT|
GOT|ALA,|ALA|IST|GOT|
GOT|ASB,|ASB|IST|GOT|
GOT|DNH,|DNH|URC|IST|GOT|
GOT|DYU,|DYU|IST|GOT|
GOT|FRU,|FRU|IST|GOT|
GOT|GYD,|GYD|IST|GOT|
GOT|HTN,|HTN|URC|IST|GOT|
GOT|IKA,|IKA|IST|GOT|
GOT|KCA,|KCA|URC|IST|GOT|
GOT|KHG,|KHG|URC|IST|GOT|
GOT|KRL,|KRL|URC|IST|GOT|
GOT|KRY,|KRY|URC|IST|GOT|
GOT|LBD,|LBD|URC|IST|GOT|
GOT|NLT,|NLT|URC|IST|GOT|
GOT|OSS,|OSS|IST|GOT|
GOT|OVB,|OVB|IST|GOT|
GOT|TBS,|TBS|IST|GOT|
GOT|TCG,|TCG|URC|IST|GOT|
GOT|TSE,|TSE|IST|GOT|
GOT|YIN,|YIN|URC|IST|GOT|
GOT|ENH,|ENH|WUH|URC|IST|GOT|
GOT|ENY,|ENY|XIY|URC|IST|GOT|
GOT|WXN,|WXN|XIY|URC|IST|GOT|
GOT|BLL,|BLL|IST|GOT|
GOT|ESB,|ESB|IST|GOT|
GOT|SAW,|SAW|ADB|IST|GOT|
GOT|HAM,|HAM|IST|GOT|
GOT|HRE,|HRE|ADD|IST|GOT|
GOT|JUB,|JUB|CAI|IST|GOT|
GOT|SSG,|SSG|DLA|IST|GOT|
GOT|BGW,|BGW|IST|GOT|
GOT|EBL,|EBL|IST|GOT|
GOT|VKO,|VKO|IST|GOT|
GOT|MCT,|MCT|IST|GOT|
GOT|AYT,|AYT|IST|GOT|
GOT|SCQ,|SCQ|BIO|IST|GOT|
GOT|AAL,|AAL|IST|GOT|
GOT|AOE,|AOE|BRU|IST|GOT|
GOT|JNB,|JNB|IST|GOT|
GOT|LBV,|LBV|DLA|IST|GOT|
GOT|ADA,|ADA|IST|GOT|
GOT|ADB,|ADB|IST|GOT|
GOT|ADF,|ADF|IST|GOT|
GOT|AJI,|AJI|IST|GOT|
GOT|BAL,|BAL|IST|GOT|
GOT|BJV,|BJV|IST|GOT|
GOT|CKZ,|CKZ|ESB|IST|GOT|
GOT|DIY,|DIY|IST|GOT|
GOT|ECN,|ECN|IST|GOT|
GOT|ERC,|ERC|IST|GOT|
GOT|ERZ,|ERZ|IST|GOT|
GOT|EZS,|EZS|IST|GOT|
GOT|GNY,|GNY|IST|GOT|
GOT|GZP,|GZP|ESB|IST|GOT|
GOT|GZT,|GZT|IST|GOT|
GOT|HTY,|HTY|IST|GOT|
GOT|KCM,|KCM|IST|GOT|
GOT|KSY,|KSY|IST|GOT|
GOT|MLX,|MLX|IST|GOT|
GOT|MQM,|MQM|IST|GOT|
GOT|MSR,|MSR|IST|GOT|
GOT|TEQ,|TEQ|ESB|IST|GOT|
GOT|TZX,|TZX|IST|GOT|
GOT|VAN,|VAN|IST|GOT|
GOT|ULN,|ULN|FRU|IST|GOT|
GOT|HIJ,|HIJ|ICN|IST|GOT|
GOT|VVO,|VVO|ICN|IST|GOT|
GOT|ACC,|ACC|IST|GOT|
GOT|AER,|AER|IST|GOT|
GOT|AGP,|AGP|IST|GOT|
GOT|ALG,|ALG|IST|GOT|
GOT|AMM,|AMM|IST|GOT|
GOT|AQJ,|AQJ|IST|GOT|
GOT|ARN,|ARN|GOT|
GOT|ASR,|ASR|IST|GOT|
GOT|ATH,|ATH|IST|GOT|
GOT|BAH,|BAH|IST|GOT|
GOT|BEG,|BEG|IST|GOT|
GOT|BEN,|BEN|IST|GOT|
GOT|BEY,|BEY|IST|GOT|
GOT|BHX,|BHX|IST|GOT|
GOT|BIO,|BIO|IST|GOT|
GOT|BLQ,|BLQ|IST|GOT|
GOT|BOM,|BOM|IST|GOT|
GOT|BRE,|BRE|IST|GOT|
GOT|BSL,|BSL|IST|GOT|
GOT|BSR,|BSR|IST|GOT|
GOT|BUD,|BUD|IST|GOT|
GOT|BUS,|BUS|IST|GOT|
GOT|CAI,|CAI|IST|GOT|
GOT|CGN,|CGN|IST|GOT|
GOT|CMN,|CMN|IST|GOT|
GOT|CND,|CND|IST|GOT|
GOT|DAR,|DAR|IST|GOT|
GOT|DLM,|DLM|IST|GOT|
GOT|DMM,|DMM|IST|GOT|
GOT|DNK,|DNK|IST|GOT|
GOT|DNZ,|DNZ|IST|GOT|
GOT|DOK,|DOK|IST|GOT|
GOT|DUS,|DUS|IST|GOT|
GOT|EDI,|EDI|IST|GOT|
GOT|ELQ,|ELQ|IST|GOT|
GOT|FDH,|FDH|IST|GOT|
GOT|GOA,|GOA|IST|GOT|
GOT|HAJ,|HAJ|IST|GOT|
GOT|HBE,|HBE|IST|GOT|
GOT|HEL,|HEL|IST|GOT|
GOT|HRG,|HRG|IST|GOT|
GOT|IFN,|IFN|IST|GOT|
GOT|ISE,|ISE|IST|GOT|
GOT|ISU,|ISU|IST|GOT|
GOT|JIB,|JIB|IST|GOT|
GOT|JRO,|JRO|IST|GOT|
GOT|KAN,|KAN|IST|GOT|
GOT|KBL,|KBL|IST|GOT|
GOT|KBP,|KBP|IST|GOT|
GOT|KFS,|KFS|IST|GOT|
GOT|KHI,|KHI|IST|GOT|
GOT|KIV,|KIV|IST|GOT|
GOT|KRT,|KRT|IST|GOT|
GOT|KSH,|KSH|IST|GOT|
GOT|KVD,|KVD|IST|GOT|
GOT|KWI,|KWI|IST|GOT|
GOT|KYA,|KYA|IST|GOT|
GOT|KZN,|KZN|IST|GOT|
GOT|KZR,|KZR|IST|GOT|
GOT|LED,|LED|IST|GOT|
GOT|LEJ,|LEJ|IST|GOT|
GOT|LGW,|LGW|IST|GOT|
GOT|LHE,|LHE|IST|GOT|
GOT|LIS,|LIS|IST|GOT|
GOT|LJU,|LJU|IST|GOT|
GOT|LOS,|LOS|IST|GOT|
GOT|LUX,|LUX|IST|GOT|
GOT|LWO,|LWO|IST|GOT|
GOT|LYS,|LYS|IST|GOT|
GOT|MAD,|MAD|IST|GOT|
GOT|MAN,|MAN|IST|GOT|
GOT|MED,|MED|IST|GOT|
GOT|MHD,|MHD|IST|GOT|
GOT|MLA,|MLA|IST|GOT|
GOT|MRS,|MRS|IST|GOT|
GOT|MSQ,|MSQ|IST|GOT|
GOT|MXP,|MXP|IST|GOT|
GOT|MZH,|MZH|IST|GOT|
GOT|MZR,|MZR|IST|GOT|
GOT|NAJ,|NAJ|IST|GOT|
GOT|NAV,|NAV|IST|GOT|
GOT|NCE,|NCE|IST|GOT|
GOT|NIM,|NIM|IST|GOT|
GOT|NJF,|NJF|IST|GOT|
GOT|NSI,|NSI|IST|GOT|
GOT|NUE,|NUE|IST|GOT|
GOT|ODS,|ODS|IST|GOT|
GOT|ORN,|ORN|IST|GOT|
GOT|OTP,|OTP|IST|GOT|
GOT|PRG,|PRG|IST|GOT|
GOT|PRN,|PRN|IST|GOT|
GOT|RIX,|RIX|IST|GOT|
GOT|ROV,|ROV|IST|GOT|
GOT|RTM,|RTM|IST|GOT|
GOT|RUH,|RUH|IST|GOT|
GOT|SAH,|SAH|IST|GOT|
GOT|SJJ,|SJJ|IST|GOT|
GOT|SKG,|SKG|IST|GOT|
GOT|SKP,|SKP|IST|GOT|
GOT|SSH,|SSH|IST|GOT|
GOT|STR,|STR|IST|GOT|
GOT|SVX,|SVX|IST|GOT|
GOT|SYZ,|SYZ|IST|GOT|
GOT|SZG,|SZG|IST|GOT|
GOT|TBZ,|TBZ|IST|GOT|
GOT|TGD,|TGD|IST|GOT|
GOT|TIA,|TIA|IST|GOT|
GOT|TIF,|TIF|IST|GOT|
GOT|TIP,|TIP|IST|GOT|
GOT|TLL,|TLL|IST|GOT|
GOT|TLS,|TLS|IST|GOT|
GOT|TRN,|TRN|IST|GOT|
GOT|TUN,|TUN|IST|GOT|
GOT|TXL,|TXL|IST|GOT|
GOT|UFA,|UFA|IST|GOT|
GOT|VAS,|VAS|IST|GOT|
GOT|VCE,|VCE|IST|GOT|
GOT|YNB,|YNB|IST|GOT|
GOT|ZAG,|ZAG|IST|GOT|
GOT|MGQ,|MGQ|JIB|IST|GOT|
GOT|CPT,|CPT|JNB|IST|GOT|
GOT|MBA,|MBA|JRO|IST|GOT|
GOT|NDJ,|NDJ|KAN|IST|GOT|
GOT|CMB,|CMB|MLE|IST|GOT|
GOT|ADE,|ADE|SAH|IST|GOT|
GOT|ASF,|ASF|SAW|ADB|IST|GOT|
GOT|STW,|STW|SAW|ADB|IST|GOT|
GOT|LFW,|LFW|ABJ|OUA|NIM|IST|GOT|
GOT|CEC,|CEC|ACV|SMF|ORD|EWR|ARN|GOT|
GOT|SMF,|SMF|ORD|EWR|ARN|GOT|
GOT|CDR,|CDR|AIA|DEN|EWR|ARN|GOT|
GOT|FMN,|FMN|DEN|EWR|ARN|GOT|
GOT|JST,|JST|IAD|EWR|ARN|GOT|
GOT|JHW,|JHW|CLE|EWR|ARN|GOT|
GOT|SHD,|SHD|IAD|EWR|ARN|GOT|
GOT|PTY,|PTY|EWR|ARN|GOT|
GOT|FNA,|FNA|BRU|IST|GOT|
GOT|SXB,|SXB|BRU|IST|GOT|
GOT|ACV,|ACV|SMF|ORD|EWR|ARN|GOT|
GOT|MGW,|MGW|IAD|EWR|ARN|GOT|
GOT|ALB,|ALB|EWR|ARN|GOT|
GOT|AUS,|AUS|EWR|ARN|GOT|
GOT|BFD,|BFD|CLE|EWR|ARN|GOT|
GOT|BUF,|BUF|EWR|ARN|GOT|
GOT|CHS,|CHS|EWR|ARN|GOT|
GOT|DAY,|DAY|EWR|ARN|GOT|
GOT|DUJ,|DUJ|CLE|EWR|ARN|GOT|
GOT|ERI,|ERI|CLE|EWR|ARN|GOT|
GOT|FKL,|FKL|CLE|EWR|ARN|GOT|
GOT|FNT,|FNT|CLE|EWR|ARN|GOT|
GOT|GRR,|GRR|EWR|ARN|GOT|
GOT|GSP,|GSP|EWR|ARN|GOT|
GOT|PBI,|PBI|EWR|ARN|GOT|
GOT|PKB,|PKB|CLE|EWR|ARN|GOT|
GOT|RIC,|RIC|EWR|ARN|GOT|
GOT|SDF,|SDF|EWR|ARN|GOT|
GOT|GUM,|GUM|FUK|ICN|IST|GOT|
GOT|WRL,|WRL|CYS|DEN|EWR|ARN|GOT|
GOT|LBL,|GOT|
GOT|ABQ,|ABQ|MCI|EWR|ARN|GOT|
GOT|AIA,|AIA|DEN|EWR|ARN|GOT|
GOT|ALS,|ALS|DEN|EWR|ARN|GOT|
GOT|AMA,|AMA|DAL|LIT|BWI|EWR|ARN|GOT|
GOT|ANC,|ANC|ORD|EWR|ARN|GOT|
GOT|ASE,|ASE|DEN|EWR|ARN|GOT|
GOT|BFL,|BFL|DEN|EWR|ARN|GOT|
GOT|BHM,|BHM|BWI|EWR|ARN|GOT|
GOT|BIL,|BIL|DEN|EWR|ARN|GOT|
GOT|BIS,|BIS|DEN|EWR|ARN|GOT|
GOT|BOI,|BOI|ORD|EWR|ARN|GOT|
GOT|BUR,|BUR|LAS|EWR|ARN|GOT|
GOT|BZN,|BZN|ORD|EWR|ARN|GOT|
GOT|CID,|CID|ORD|EWR|ARN|GOT|
GOT|COD,|COD|DEN|EWR|ARN|GOT|
GOT|COS,|COS|ORD|EWR|ARN|GOT|
GOT|CPR,|CPR|DEN|EWR|ARN|GOT|
GOT|CYS,|CYS|DEN|EWR|ARN|GOT|
GOT|DIK,|DIK|DEN|EWR|ARN|GOT|
GOT|DRO,|DRO|DEN|EWR|ARN|GOT|
GOT|DSM,|DSM|EWR|ARN|GOT|
GOT|EGE,|EGE|DEN|EWR|ARN|GOT|
GOT|ELP,|ELP|DAL|LIT|BWI|EWR|ARN|GOT|
GOT|EUG,|EUG|PDX|EWR|ARN|GOT|
GOT|FAR,|FAR|ORD|EWR|ARN|GOT|
GOT|FAT,|FAT|DEN|EWR|ARN|GOT|
GOT|FCA,|FCA|DEN|EWR|ARN|GOT|
GOT|FSD,|FSD|ORD|EWR|ARN|GOT|
GOT|GCC,|GCC|DEN|EWR|ARN|GOT|
GOT|GEG,|GEG|DEN|EWR|ARN|GOT|
GOT|GJT,|GJT|DEN|EWR|ARN|GOT|
GOT|GTF,|GTF|DEN|EWR|ARN|GOT|
GOT|GUC,|GUC|DEN|EWR|ARN|GOT|
GOT|HDN,|HDN|DEN|EWR|ARN|GOT|
GOT|HLN,|HLN|DEN|EWR|ARN|GOT|
GOT|HSV,|HSV|IAD|EWR|ARN|GOT|
GOT|ICT,|ICT|MDW|EWR|ARN|GOT|
GOT|IDA,|IDA|DEN|EWR|ARN|GOT|
GOT|ISN,|ISN|DEN|EWR|ARN|GOT|
GOT|JAC,|JAC|DEN|EWR|ARN|GOT|
GOT|KOA,|KOA|SFO|EWR|ARN|GOT|
GOT|LAR,|LAR|DEN|EWR|ARN|GOT|
GOT|LBB,|LBB|DAL|LIT|BWI|EWR|ARN|GOT|
GOT|LIH,|LIH|SFO|EWR|ARN|GOT|
GOT|LIT,|LIT|BWI|EWR|ARN|GOT|
GOT|LNK,|LNK|ORD|EWR|ARN|GOT|
GOT|MAF,|MAF|DAL|LIT|BWI|EWR|ARN|GOT|
GOT|MEM,|MEM|EWR|ARN|GOT|
GOT|MFR,|MFR|DEN|EWR|ARN|GOT|
GOT|MLI,|MLI|ORD|EWR|ARN|GOT|
GOT|MOT,|MOT|DEN|EWR|ARN|GOT|
GOT|MRY,|MRY|DEN|EWR|ARN|GOT|
GOT|MSN,|MSN|EWR|ARN|GOT|
GOT|MSO,|MSO|DEN|EWR|ARN|GOT|
GOT|MTJ,|MTJ|DEN|EWR|ARN|GOT|
GOT|OKC,|OKC|EWR|ARN|GOT|
GOT|OMA,|OMA|EWR|ARN|GOT|
GOT|ONT,|ONT|MDW|EWR|ARN|GOT|
GOT|PIA,|PIA|ORD|EWR|ARN|GOT|
GOT|PIR,|PIR|DEN|EWR|ARN|GOT|
GOT|PSC,|PSC|DEN|EWR|ARN|GOT|
GOT|PSP,|PSP|DEN|EWR|ARN|GOT|
GOT|PUB,|PUB|DEN|EWR|ARN|GOT|
GOT|RAP,|RAP|ORD|EWR|ARN|GOT|
GOT|RDM,|RDM|DEN|EWR|ARN|GOT|
GOT|RKS,|RKS|DEN|EWR|ARN|GOT|
GOT|RNO,|RNO|MDW|EWR|ARN|GOT|
GOT|SAF,|SAF|DEN|EWR|ARN|GOT|
GOT|SAT,|SAT|EWR|ARN|GOT|
GOT|SBA,|SBA|DEN|EWR|ARN|GOT|
GOT|SGF,|SGF|ORD|EWR|ARN|GOT|
GOT|SGU,|SGU|DEN|EWR|ARN|GOT|
GOT|SHV,|SHV|IAH|EWR|ARN|GOT|
GOT|SJC,|SJC|MDW|EWR|ARN|GOT|
GOT|SLC,|SLC|ORD|EWR|ARN|GOT|
GOT|SNA,|SNA|EWR|ARN|GOT|
GOT|TUL,|TUL|EWR|ARN|GOT|
GOT|TUS,|TUS|MDW|EWR|ARN|GOT|
GOT|TYS,|TYS|EWR|ARN|GOT|
GOT|XNA,|XNA|EWR|ARN|GOT|
GOT|SAL,|SAL|EWR|ARN|GOT|
GOT|BJL,|BJL|DKR|BRU|IST|GOT|
GOT|BFS,|BFS|EWR|ARN|GOT|
GOT|BON,|BON|EWR|ARN|GOT|
GOT|BQN,|BQN|EWR|ARN|GOT|
GOT|BTV,|BTV|EWR|ARN|GOT|
GOT|BZE,|BZE|EWR|ARN|GOT|
GOT|GLA,|GLA|EWR|ARN|GOT|
GOT|GSO,|GSO|EWR|ARN|GOT|
GOT|ITH,|ITH|EWR|ARN|GOT|
GOT|JAX,|JAX|EWR|ARN|GOT|
GOT|MHT,|MHT|EWR|ARN|GOT|
GOT|MYR,|MYR|EWR|ARN|GOT|
GOT|ORF,|ORF|EWR|ARN|GOT|
GOT|POS,|POS|EWR|ARN|GOT|
GOT|PVD,|PVD|EWR|ARN|GOT|
GOT|PWM,|PWM|EWR|ARN|GOT|
GOT|SAP,|SAP|EWR|ARN|GOT|
GOT|SAV,|SAV|EWR|ARN|GOT|
GOT|SDQ,|SDQ|EWR|ARN|GOT|
GOT|SJU,|SJU|EWR|ARN|GOT|
GOT|SNN,|SNN|EWR|ARN|GOT|
GOT|STT,|STT|EWR|ARN|GOT|
GOT|SXM,|SXM|EWR|ARN|GOT|
GOT|BIM,|BIM|FLL|EWR|ARN|GOT|
GOT|ELH,|ELH|PBI|EWR|ARN|GOT|
GOT|EYW,|EYW|RSW|EWR|ARN|GOT|
GOT|FPO,|FPO|FLL|EWR|ARN|GOT|
GOT|GHB,|GHB|FLL|EWR|ARN|GOT|
GOT|MHH,|MHH|PBI|EWR|ARN|GOT|
GOT|TCB,|TCB|FLL|EWR|ARN|GOT|
GOT|SOW,|SOW|FMN|DEN|EWR|ARN|GOT|
GOT|ROB,|ROB|FNA|BRU|IST|GOT|
GOT|GIG,|GIG|GRU|IST|GOT|
GOT|CNS,|CNS|GUM|FUK|ICN|IST|GOT|
GOT|CTS,|CTS|GUM|FUK|ICN|IST|GOT|
GOT|OKJ,|OKJ|GUM|FUK|ICN|IST|GOT|
GOT|ROP,|ROP|GUM|FUK|ICN|IST|GOT|
GOT|ROR,|ROR|MNL|CAN|IST|GOT|
GOT|SDJ,|SDJ|GUM|FUK|ICN|IST|GOT|
GOT|SPN,|SPN|GUM|FUK|ICN|IST|GOT|
GOT|TKK,|TKK|GUM|FUK|ICN|IST|GOT|
GOT|YAP,|YAP|ROR|MNL|CAN|IST|GOT|
GOT|MAJ,|MAJ|KWA|PNI|TKK|GUM|FUK|ICN|IST|GOT|
GOT|AOO,|AOO|IAD|EWR|ARN|GOT|
GOT|BGM,|BGM|IAD|EWR|ARN|GOT|
GOT|BKW,|BKW|IAD|EWR|ARN|GOT|
GOT|CAE,|CAE|IAD|EWR|ARN|GOT|
GOT|CHO,|CHO|IAD|EWR|ARN|GOT|
GOT|CRW,|CRW|IAD|EWR|ARN|GOT|
GOT|FAY,|FAY|IAD|EWR|ARN|GOT|
GOT|LWB,|LWB|IAD|EWR|ARN|GOT|
GOT|ROA,|ROA|IAD|EWR|ARN|GOT|
GOT|SCE,|SCE|IAD|EWR|ARN|GOT|
GOT|ACA,|ACA|IAH|EWR|ARN|GOT|
GOT|ACY,|ACY|ORD|EWR|ARN|GOT|
GOT|AEX,|AEX|IAH|EWR|ARN|GOT|
GOT|AGU,|AGU|IAH|EWR|ARN|GOT|
GOT|BJX,|BJX|IAH|EWR|ARN|GOT|
GOT|BRO,|BRO|IAH|EWR|ARN|GOT|
GOT|BTR,|BTR|IAH|EWR|ARN|GOT|
GOT|CCS,|CCS|IAH|EWR|ARN|GOT|
GOT|CLL,|CLL|IAH|EWR|ARN|GOT|
GOT|CME,|CME|IAH|EWR|ARN|GOT|
GOT|CRP,|CRP|HOU|EWR|ARN|GOT|
GOT|CUU,|CUU|IAH|EWR|ARN|GOT|
GOT|DAL,|DAL|LIT|BWI|EWR|ARN|GOT|
GOT|DGO,|DGO|IAH|EWR|ARN|GOT|
GOT|GDL,|GDL|IAH|EWR|ARN|GOT|
GOT|GPT,|GPT|IAH|EWR|ARN|GOT|
GOT|GRK,|GRK|IAH|EWR|ARN|GOT|
GOT|HOB,|HOB|IAH|EWR|ARN|GOT|
GOT|HRL,|HRL|HOU|EWR|ARN|GOT|
GOT|HUX,|HUX|IAH|EWR|ARN|GOT|
GOT|JAN,|JAN|MDW|EWR|ARN|GOT|
GOT|LCH,|LCH|IAH|EWR|ARN|GOT|
GOT|LEX,|LEX|ORD|EWR|ARN|GOT|
GOT|LFT,|LFT|IAH|EWR|ARN|GOT|
GOT|LRD,|LRD|IAH|EWR|ARN|GOT|
GOT|MFE,|MFE|IAH|EWR|ARN|GOT|
GOT|MGA,|MGA|IAH|EWR|ARN|GOT|
GOT|MID,|MID|IAH|EWR|ARN|GOT|
GOT|MLM,|MLM|IAH|EWR|ARN|GOT|
GOT|MLU,|MLU|IAH|EWR|ARN|GOT|
GOT|MOB,|MOB|ORD|EWR|ARN|GOT|
GOT|MTY,|MTY|IAH|EWR|ARN|GOT|
GOT|OAX,|OAX|IAH|EWR|ARN|GOT|
GOT|PBC,|PBC|IAH|EWR|ARN|GOT|
GOT|PNS,|PNS|BNA|EWR|ARN|GOT|
GOT|QRO,|QRO|IAH|EWR|ARN|GOT|
GOT|RTB,|RTB|IAH|EWR|ARN|GOT|
GOT|SLP,|SLP|IAH|EWR|ARN|GOT|
GOT|SLW,|SLW|IAH|EWR|ARN|GOT|
GOT|TAM,|TAM|IAH|EWR|ARN|GOT|
GOT|TGU,|TGU|IAH|EWR|ARN|GOT|
GOT|TRC,|TRC|IAH|EWR|ARN|GOT|
GOT|TYR,|TYR|IAH|EWR|ARN|GOT|
GOT|UIO,|UIO|IAH|EWR|ARN|GOT|
GOT|VER,|VER|IAH|EWR|ARN|GOT|
GOT|VPS,|VPS|IAH|EWR|ARN|GOT|
GOT|VSA,|VSA|IAH|EWR|ARN|GOT|
GOT|ZIH,|ZIH|IAH|EWR|ARN|GOT|
GOT|ZLO,|ZLO|IAH|EWR|ARN|GOT|
GOT|KWA,|KWA|PNI|TKK|GUM|FUK|ICN|IST|GOT|
GOT|PNI,|PNI|TKK|GUM|FUK|ICN|IST|GOT|
GOT|KSA,|KSA|PNI|TKK|GUM|FUK|ICN|IST|GOT|
GOT|CLD,|CLD|LAX|EWR|ARN|GOT|
GOT|ITO,|ITO|LAX|EWR|ARN|GOT|
GOT|SBP,|SBP|LAX|EWR|ARN|GOT|
GOT|SMX,|SMX|LAX|EWR|ARN|GOT|
GOT|YUM,|YUM|LAX|EWR|ARN|GOT|
GOT|DDC,|GOT|
GOT|TMS,|TMS|LIS|IST|GOT|
GOT|PHC,|PHC|LOS|IST|GOT|
GOT|GNV,|GNV|MCO|EWR|ARN|GOT|
GOT|TLH,|TLH|MCO|EWR|ARN|GOT|
GOT|CKB,|CKB|MGW|IAD|EWR|ARN|GOT|
GOT|BAQ,|BAQ|MIA|EWR|ARN|GOT|
GOT|CLO,|CLO|MIA|EWR|ARN|GOT|
GOT|CTG,|CTG|MIA|EWR|ARN|GOT|
GOT|MDE,|MDE|MIA|EWR|ARN|GOT|
GOT|ABE,|ABE|ORD|EWR|ARN|GOT|
GOT|ATW,|ATW|ORD|EWR|ARN|GOT|
GOT|AVL,|AVL|ORD|EWR|ARN|GOT|
GOT|AVP,|AVP|ORD|EWR|ARN|GOT|
GOT|CAK,|CAK|BOS|EWR|ARN|GOT|
GOT|CMX,|CMX|ORD|EWR|ARN|GOT|
GOT|CWA,|CWA|ORD|EWR|ARN|GOT|
GOT|DLH,|DLH|ORD|EWR|ARN|GOT|
GOT|EAU,|EAU|ORD|EWR|ARN|GOT|
GOT|ELM,|ELM|ORD|EWR|ARN|GOT|
GOT|FOE,|FOE|ORD|EWR|ARN|GOT|
GOT|FWA,|FWA|ORD|EWR|ARN|GOT|
GOT|GRB,|GRB|ORD|EWR|ARN|GOT|
GOT|HPN,|HPN|ORD|EWR|ARN|GOT|
GOT|LAN,|LAN|ORD|EWR|ARN|GOT|
GOT|MBS,|MBS|ORD|EWR|ARN|GOT|
GOT|MKG,|MKG|ORD|EWR|ARN|GOT|
GOT|PAH,|PAH|ORD|EWR|ARN|GOT|
GOT|SBN,|SBN|ORD|EWR|ARN|GOT|
GOT|SPI,|SPI|ORD|EWR|ARN|GOT|
GOT|SRQ,|SRQ|ORD|EWR|ARN|GOT|
GOT|STC,|STC|ORD|EWR|ARN|GOT|
GOT|TVC,|TVC|ORD|EWR|ARN|GOT|
GOT|LMT,|LMT|PDX|EWR|ARN|GOT|
GOT|HON,|HON|PIR|DEN|EWR|ARN|GOT|
GOT|CIC,|CIC|SFO|EWR|ARN|GOT|
GOT|MOD,|MOD|SFO|EWR|ARN|GOT|
GOT|OTH,|OTH|SFO|EWR|ARN|GOT|
GOT|RDD,|RDD|SFO|EWR|ARN|GOT|
GOT|EIS,|EIS|SJU|EWR|ARN|GOT|
GOT|DME,|DME|VIE|IST|GOT|
GOT|EVN,|EVN|VIE|IST|GOT|
GOT|HOU,|HOU|EWR|ARN|GOT|
GOT|MDW,|MDW|EWR|ARN|GOT|
GOT|OAK,|OAK|MDW|EWR|ARN|GOT|
GOT|ECP,|ECP|BWI|EWR|ARN|GOT|
GOT|ISP,|ISP|BWI|EWR|ARN|GOT|
GOT|YHM,|YHM|YQM|EWR|ARN|GOT|
GOT|YXX,|YXX|YYC|EWR|ARN|GOT|
GOT|YBR,|YBR|YYC|EWR|ARN|GOT|
GOT|YKF,|YKF|YYC|EWR|ARN|GOT|
GOT|GDN,|GOT|
GOT|TRD,|GOT|
GOT|NKC,|GOT|
GOT|PGA,|GOT|
