GRB|BRU,|BRU|ORD|GRB|
GRB|OUA,|OUA|BRU|ORD|GRB|
GRB|JED,|JED|FRA|ORD|GRB|
GRB|CPH,|CPH|YYZ|ORD|GRB|
GRB|YYZ,|YYZ|ORD|GRB|
GRB|DEN,|DEN|ORD|GRB|
GRB|YUL,|YUL|ORD|GRB|
GRB|NBO,|NBO|ZRH|ORD|GRB|
GRB|ICN,|ICN|YVR|ORD|GRB|
GRB|NRT,|NRT|ORD|GRB|
GRB|YHZ,|YHZ|ORD|GRB|
GRB|YOW,|YOW|ORD|GRB|
GRB|BJM,|BJM|BRU|ORD|GRB|
GRB|COO,|COO|BRU|ORD|GRB|
GRB|DKR,|DKR|IAD|ORD|GRB|
GRB|DLA,|DLA|BRU|ORD|GRB|
GRB|KGL,|KGL|BRU|ORD|GRB|
GRB|LAD,|LAD|BRU|ORD|GRB|
GRB|ABJ,|ABJ|BRU|ORD|GRB|
GRB|AMS,|AMS|ORD|GRB|
GRB|OSL,|OSL|EWR|ORD|GRB|
GRB|VNO,|VNO|CPH|YYZ|ORD|GRB|
GRB|WAW,|WAW|YYZ|ORD|GRB|
GRB|YYC,|YYC|ORD|GRB|
GRB|ATL,|ATL|ORD|GRB|
GRB|MSY,|MSY|ORD|GRB|
GRB|YEG,|YEG|ORD|GRB|
GRB|YMM,|YMM|YEG|ORD|GRB|
GRB|YQR,|YQR|ORD|GRB|
GRB|YVR,|YVR|ORD|GRB|
GRB|YWG,|YWG|ORD|GRB|
GRB|YXE,|YXE|ORD|GRB|
GRB|CKY,|CKY|DKR|IAD|ORD|GRB|
GRB|FIH,|FIH|DLA|BRU|ORD|GRB|
GRB|SCL,|SCL|YYZ|ORD|GRB|
GRB|LCA,|LCA|FRA|ORD|GRB|
GRB|NAP,|NAP|FRA|ORD|GRB|
GRB|VLC,|VLC|FRA|ORD|GRB|
GRB|BKK,|BKK|CGO|PEK|ORD|GRB|
GRB|ADD,|ADD|IST|ORD|GRB|
GRB|FRA,|FRA|ORD|GRB|
GRB|IST,|IST|ORD|GRB|
GRB|EBB,|EBB|KGL|BRU|ORD|GRB|
GRB|YLW,|YLW|YYC|ORD|GRB|
GRB|YYT,|YYT|YOW|ORD|GRB|
GRB|GUA,|GUA|IAH|ORD|GRB|
GRB|EWR,|EWR|ORD|GRB|
GRB|IAD,|IAD|ORD|GRB|
GRB|IAH,|IAH|ORD|GRB|
GRB|ORD,|ORD|GRB|
GRB|SOF,|SOF|MUC|ORD|GRB|
GRB|YQB,|YQB|ORD|GRB|
GRB|YXU,|YXU|ORD|GRB|
GRB|EZE,|EZE|IAH|ORD|GRB|
GRB|YYJ,|YYJ|YVR|ORD|GRB|
GRB|YYY,|YYY|YUL|ORD|GRB|
GRB|YQQ,|YQQ|YYC|ORD|GRB|
GRB|YYR,|YYR|YWK|YZV|YQB|ORD|GRB|
GRB|LHR,|LHR|ORD|GRB|
GRB|SFO,|SFO|ORD|GRB|
GRB|YQU,|YQU|YEG|ORD|GRB|
GRB|YZF,|YZF|YEG|ORD|GRB|
GRB|YGR,|YGR|YGP|YQB|ORD|GRB|
GRB|YGP,|YGP|YQB|ORD|GRB|
GRB|BOS,|BOS|ORD|GRB|
GRB|YDF,|YDF|YYZ|ORD|GRB|
GRB|YFC,|YFC|YYZ|ORD|GRB|
GRB|YQM,|YQM|YUL|ORD|GRB|
GRB|YQX,|YQX|YHZ|ORD|GRB|
GRB|YQY,|YQY|YYZ|ORD|GRB|
GRB|YSJ,|YSJ|YYZ|ORD|GRB|
GRB|YYG,|YYG|YUL|ORD|GRB|
GRB|LAX,|LAX|ORD|GRB|
GRB|DCA,|DCA|ORD|GRB|
GRB|LGA,|LGA|ORD|GRB|
GRB|YZV,|YZV|YQB|ORD|GRB|
GRB|YWL,|YWL|YVR|ORD|GRB|
GRB|AZS,|AZS|YYZ|ORD|GRB|
GRB|BDL,|BDL|ORD|GRB|
GRB|CCC,|CCC|YYZ|ORD|GRB|
GRB|CDG,|CDG|ORD|GRB|
GRB|CUN,|CUN|ORD|GRB|
GRB|CZM,|CZM|IAH|ORD|GRB|
GRB|FDF,|FDF|YUL|ORD|GRB|
GRB|FLL,|FLL|ORD|GRB|
GRB|GVA,|GVA|YUL|ORD|GRB|
GRB|HOG,|HOG|YYZ|ORD|GRB|
GRB|LAS,|LAS|ORD|GRB|
GRB|MBJ,|MBJ|ATL|ORD|GRB|
GRB|MCO,|MCO|ORD|GRB|
GRB|MUC,|MUC|ORD|GRB|
GRB|PAP,|PAP|YUL|ORD|GRB|
GRB|PTP,|PTP|YUL|ORD|GRB|
GRB|PUJ,|PUJ|ORD|GRB|
GRB|SNU,|SNU|YYZ|ORD|GRB|
GRB|VRA,|VRA|YYZ|ORD|GRB|
GRB|YBC,|YBC|YUL|ORD|GRB|
GRB|YBG,|YBG|YUL|ORD|GRB|
GRB|YTZ,|YTZ|YUL|ORD|GRB|
GRB|YUY,|YUY|YUL|ORD|GRB|
GRB|YVO,|YVO|YUL|ORD|GRB|
GRB|ZBF,|ZBF|YUL|ORD|GRB|
GRB|ZRH,|ZRH|ORD|GRB|
GRB|ZSA,|ZSA|YUL|ORD|GRB|
GRB|AKL,|AKL|LAX|ORD|GRB|
GRB|HKG,|HKG|ORD|GRB|
GRB|HND,|HND|YVR|ORD|GRB|
GRB|HNL,|HNL|ORD|GRB|
GRB|MEX,|MEX|ORD|GRB|
GRB|OGG,|OGG|ORD|GRB|
GRB|PDX,|PDX|ORD|GRB|
GRB|PEK,|PEK|ORD|GRB|
GRB|PVG,|PVG|ORD|GRB|
GRB|PVR,|PVR|ORD|GRB|
GRB|SEA,|SEA|ORD|GRB|
GRB|SYD,|SYD|LAX|ORD|GRB|
GRB|YBL,|YBL|YVR|ORD|GRB|
GRB|YCD,|YCD|YVR|ORD|GRB|
GRB|YCG,|YCG|YYC|ORD|GRB|
GRB|YKA,|YKA|YYC|ORD|GRB|
GRB|YPR,|YPR|YVR|ORD|GRB|
GRB|YQZ,|YQZ|YVR|ORD|GRB|
GRB|YXC,|YXC|YYC|ORD|GRB|
GRB|YXJ,|YXJ|YYC|ORD|GRB|
GRB|YXS,|YXS|YYC|ORD|GRB|
GRB|YXT,|YXT|YVR|ORD|GRB|
GRB|YXY,|YXY|YVR|ORD|GRB|
GRB|YYD,|YYD|YVR|ORD|GRB|
GRB|YYF,|YYF|YVR|ORD|GRB|
GRB|YZP,|YZP|YVR|ORD|GRB|
GRB|YQT,|YQT|YYZ|ORD|GRB|
GRB|SJD,|SJD|ORD|GRB|
GRB|YQF,|YQF|YYC|ORD|GRB|
GRB|YQL,|YQL|YYC|ORD|GRB|
GRB|YXH,|YXH|YYC|ORD|GRB|
GRB|YWK,|YWK|YZV|YQB|ORD|GRB|
GRB|ANU,|ANU|EWR|ORD|GRB|
GRB|AUA,|AUA|ATL|ORD|GRB|
GRB|AUH,|AUH|YYZ|ORD|GRB|
GRB|BCN,|BCN|YYZ|ORD|GRB|
GRB|BDA,|BDA|EWR|ORD|GRB|
GRB|BGI,|BGI|YYZ|ORD|GRB|
GRB|BNA,|BNA|ORD|GRB|
GRB|BOG,|BOG|MIA|ORD|GRB|
GRB|BWI,|BWI|ORD|GRB|
GRB|CLE,|CLE|ORD|GRB|
GRB|CLT,|CLT|ORD|GRB|
GRB|CMH,|CMH|ORD|GRB|
GRB|CVG,|CVG|ORD|GRB|
GRB|DFW,|DFW|ORD|GRB|
GRB|DTW,|DTW|ORD|GRB|
GRB|DUB,|DUB|ORD|GRB|
GRB|FCO,|FCO|YYZ|ORD|GRB|
GRB|GCM,|GCM|IAD|ORD|GRB|
GRB|GGT,|GGT|FLL|ORD|GRB|
GRB|GND,|GND|YYZ|ORD|GRB|
GRB|GRU,|GRU|ORD|GRB|
GRB|HAV,|HAV|YYZ|ORD|GRB|
GRB|IND,|IND|ORD|GRB|
GRB|JFK,|JFK|YYZ|ORD|GRB|
GRB|KIN,|KIN|YYZ|ORD|GRB|
GRB|LIM,|LIM|MIA|ORD|GRB|
GRB|LIR,|LIR|IAH|ORD|GRB|
GRB|MCI,|MCI|ORD|GRB|
GRB|MDT,|MDT|ORD|GRB|
GRB|MIA,|MIA|ORD|GRB|
GRB|MKE,|MKE|ORD|GRB|
GRB|MSP,|MSP|ORD|GRB|
GRB|NAS,|NAS|ORD|GRB|
GRB|PHL,|PHL|ORD|GRB|
GRB|PHX,|PHX|ORD|GRB|
GRB|PIT,|PIT|ORD|GRB|
GRB|PLS,|PLS|YYZ|ORD|GRB|
GRB|POP,|POP|YYZ|ORD|GRB|
GRB|RDU,|RDU|ORD|GRB|
GRB|ROC,|ROC|ORD|GRB|
GRB|RSW,|RSW|ORD|GRB|
GRB|SAN,|SAN|ORD|GRB|
GRB|SJO,|SJO|ORD|GRB|
GRB|STL,|STL|ORD|GRB|
GRB|SYR,|SYR|ORD|GRB|
GRB|TLV,|TLV|IST|ORD|GRB|
GRB|TPA,|TPA|ORD|GRB|
GRB|UVF,|UVF|EWR|ORD|GRB|
GRB|VIE,|VIE|ORD|GRB|
GRB|YAM,|YAM|YYZ|ORD|GRB|
GRB|YGK,|YGK|YYZ|ORD|GRB|
GRB|YQG,|YQG|YYZ|ORD|GRB|
GRB|YSB,|YSB|YYZ|ORD|GRB|
GRB|YTS,|YTS|YYZ|ORD|GRB|
GRB|YYB,|YYB|YYZ|ORD|GRB|
GRB|YZR,|YZR|YYZ|ORD|GRB|
GRB|CAN,|CAN|PEK|ORD|GRB|
GRB|URC,|URC|TSE|FRA|ORD|GRB|
GRB|CTU,|CTU|PEK|ORD|GRB|
GRB|HGH,|HGH|PEK|ORD|GRB|
GRB|XMN,|XMN|PEK|ORD|GRB|
GRB|CGO,|CGO|PEK|ORD|GRB|
GRB|CSX,|CSX|PEK|ORD|GRB|
GRB|SHE,|SHE|PEK|ORD|GRB|
GRB|SJW,|SJW|DLC|PEK|ORD|GRB|
GRB|WUH,|WUH|PEK|ORD|GRB|
GRB|SZX,|SZX|PEK|ORD|GRB|
GRB|CKG,|CKG|PEK|ORD|GRB|
GRB|KMG,|KMG|PEK|ORD|GRB|
GRB|FOC,|FOC|PEK|ORD|GRB|
GRB|NNG,|NNG|PEK|ORD|GRB|
GRB|SWA,|SWA|PEK|ORD|GRB|
GRB|ACX,|ACX|CAN|PEK|ORD|GRB|
GRB|AQG,|AQG|CAN|PEK|ORD|GRB|
GRB|AVA,|AVA|CAN|PEK|ORD|GRB|
GRB|BFJ,|BFJ|CAN|PEK|ORD|GRB|
GRB|BHY,|BHY|CGO|PEK|ORD|GRB|
GRB|BNE,|BNE|CAN|PEK|ORD|GRB|
GRB|CGD,|CGD|PEK|ORD|GRB|
GRB|CGK,|CGK|CAN|PEK|ORD|GRB|
GRB|CGQ,|CGQ|PEK|ORD|GRB|
GRB|CIH,|CIH|PEK|ORD|GRB|
GRB|CNX,|CNX|CAN|PEK|ORD|GRB|
GRB|CZX,|CZX|SHE|PEK|ORD|GRB|
GRB|DAC,|DAC|IST|ORD|GRB|
GRB|DAD,|DAD|CAN|PEK|ORD|GRB|
GRB|DEL,|DEL|EWR|ORD|GRB|
GRB|DIG,|DIG|KMG|PEK|ORD|GRB|
GRB|DLC,|DLC|PEK|ORD|GRB|
GRB|DPS,|DPS|SZX|PEK|ORD|GRB|
GRB|DXB,|DXB|IST|ORD|GRB|
GRB|DYG,|DYG|PEK|ORD|GRB|
GRB|FUG,|FUG|CAN|PEK|ORD|GRB|
GRB|FUK,|FUK|ICN|YVR|ORD|GRB|
GRB|HAK,|HAK|PEK|ORD|GRB|
GRB|HAN,|HAN|PEK|ORD|GRB|
GRB|HDG,|HDG|CAN|PEK|ORD|GRB|
GRB|HET,|HET|DLC|PEK|ORD|GRB|
GRB|HFE,|HFE|XIY|PEK|ORD|GRB|
GRB|HJJ,|HJJ|CSX|PEK|ORD|GRB|
GRB|HKT,|HKT|KWE|PEK|ORD|GRB|
GRB|HRB,|HRB|PEK|ORD|GRB|
GRB|HZH,|HZH|CAN|PEK|ORD|GRB|
GRB|JIU,|JIU|CAN|PEK|ORD|GRB|
GRB|JJN,|JJN|PEK|ORD|GRB|
GRB|JNG,|JNG|CAN|PEK|ORD|GRB|
GRB|KHN,|KHN|DLC|PEK|ORD|GRB|
GRB|KIX,|KIX|SFO|ORD|GRB|
GRB|KOW,|KOW|PEK|ORD|GRB|
GRB|KTM,|KTM|IST|ORD|GRB|
GRB|KUL,|KUL|CAN|PEK|ORD|GRB|
GRB|KWE,|KWE|PEK|ORD|GRB|
GRB|KWL,|KWL|PEK|ORD|GRB|
GRB|LHW,|LHW|CGO|PEK|ORD|GRB|
GRB|LYA,|LYA|KHN|DLC|PEK|ORD|GRB|
GRB|LYG,|LYG|HSN|PEK|ORD|GRB|
GRB|LZH,|LZH|CAN|PEK|ORD|GRB|
GRB|MEL,|MEL|SYD|LAX|ORD|GRB|
GRB|MIG,|MIG|CSX|PEK|ORD|GRB|
GRB|MLE,|MLE|IST|ORD|GRB|
GRB|MNL,|MNL|XMN|PEK|ORD|GRB|
GRB|MXZ,|MXZ|CAN|PEK|ORD|GRB|
GRB|NAO,|NAO|PEK|ORD|GRB|
GRB|NGB,|NGB|PEK|ORD|GRB|
GRB|NKG,|NKG|DLC|PEK|ORD|GRB|
GRB|NNY,|NNY|CGO|PEK|ORD|GRB|
GRB|PEN,|PEN|CAN|PEK|ORD|GRB|
GRB|PER,|PER|CAN|PEK|ORD|GRB|
GRB|PNH,|PNH|CAN|PEK|ORD|GRB|
GRB|REP,|REP|CAN|PEK|ORD|GRB|
GRB|RGN,|RGN|CAN|PEK|ORD|GRB|
GRB|SGN,|SGN|CAN|PEK|ORD|GRB|
GRB|SHA,|SHA|PEK|ORD|GRB|
GRB|SIN,|SIN|HKG|ORD|GRB|
GRB|SVO,|SVO|URC|TSE|FRA|ORD|GRB|
GRB|SYX,|SYX|PEK|ORD|GRB|
GRB|TAO,|TAO|DLC|PEK|ORD|GRB|
GRB|TEN,|TEN|PEK|ORD|GRB|
GRB|TNA,|TNA|DLC|PEK|ORD|GRB|
GRB|TPE,|TPE|PVG|ORD|GRB|
GRB|TSN,|TSN|DLC|PEK|ORD|GRB|
GRB|TXN,|TXN|DLC|PEK|ORD|GRB|
GRB|TYN,|TYN|DAT|CIH|PEK|ORD|GRB|
GRB|WNZ,|WNZ|CGO|PEK|ORD|GRB|
GRB|WUX,|WUX|CAN|PEK|ORD|GRB|
GRB|XFN,|XFN|XMN|PEK|ORD|GRB|
GRB|XIY,|XIY|PEK|ORD|GRB|
GRB|XUZ,|XUZ|LYG|HSN|PEK|ORD|GRB|
GRB|YIH,|YIH|CKG|PEK|ORD|GRB|
GRB|YIW,|YIW|PEK|ORD|GRB|
GRB|YNT,|YNT|SHE|PEK|ORD|GRB|
GRB|YNZ,|YNZ|DLC|PEK|ORD|GRB|
GRB|YTY,|YTY|DLC|PEK|ORD|GRB|
GRB|ZHA,|ZHA|CAN|PEK|ORD|GRB|
GRB|ZYI,|ZYI|PEK|ORD|GRB|
GRB|BAV,|BAV|CGO|PEK|ORD|GRB|
GRB|CJU,|CJU|DLC|PEK|ORD|GRB|
GRB|DSN,|DSN|CGO|PEK|ORD|GRB|
GRB|HMI,|HMI|CGO|PEK|ORD|GRB|
GRB|INC,|INC|PEK|ORD|GRB|
GRB|KHH,|KHH|CGO|PEK|ORD|GRB|
GRB|UYN,|UYN|CGO|PEK|ORD|GRB|
GRB|XNN,|XNN|PEK|ORD|GRB|
GRB|ZUH,|ZUH|PEK|ORD|GRB|
GRB|YNJ,|YNJ|PEK|ORD|GRB|
GRB|DAT,|DAT|CIH|PEK|ORD|GRB|
GRB|JHG,|JHG|CKG|PEK|ORD|GRB|
GRB|LJG,|LJG|CKG|PEK|ORD|GRB|
GRB|LXA,|LXA|XIY|PEK|ORD|GRB|
GRB|YCU,|YCU|CSX|PEK|ORD|GRB|
GRB|LZO,|LZO|CSX|PEK|ORD|GRB|
GRB|MDG,|MDG|ICN|YVR|ORD|GRB|
GRB|NGO,|NGO|ICN|YVR|ORD|GRB|
GRB|TOY,|TOY|DLC|PEK|ORD|GRB|
GRB|MFM,|MFM|XMN|PEK|ORD|GRB|
GRB|TGO,|TGO|HET|DLC|PEK|ORD|GRB|
GRB|XIL,|XIL|HET|DLC|PEK|ORD|GRB|
GRB|HEK,|HEK|HRB|PEK|ORD|GRB|
GRB|KIJ,|KIJ|HRB|PEK|ORD|GRB|
GRB|LDS,|LDS|HRB|PEK|ORD|GRB|
GRB|OHE,|OHE|HRB|PEK|ORD|GRB|
GRB|HSN,|HSN|PEK|ORD|GRB|
GRB|DLU,|DLU|KMG|PEK|ORD|GRB|
GRB|SYM,|SYM|KMG|PEK|ORD|GRB|
GRB|ZAT,|ZAT|KMG|PEK|ORD|GRB|
GRB|LUN,|LUN|NBO|ZRH|ORD|GRB|
GRB|AOG,|AOG|PEK|ORD|GRB|
GRB|GMP,|GMP|PEK|ORD|GRB|
GRB|ISB,|ISB|IST|ORD|GRB|
GRB|TAS,|TAS|IST|ORD|GRB|
GRB|WUS,|WUS|PEK|ORD|GRB|
GRB|JMU,|JMU|PVG|ORD|GRB|
GRB|NDG,|NDG|PVG|ORD|GRB|
GRB|JXA,|JXA|SHE|PEK|ORD|GRB|
GRB|PUS,|PUS|SHE|PEK|ORD|GRB|
GRB|BKI,|BKI|SZX|PEK|ORD|GRB|
GRB|AKU,|AKU|URC|TSE|FRA|ORD|GRB|
GRB|ALA,|ALA|TSE|FRA|ORD|GRB|
GRB|ASB,|ASB|GYD|FRA|ORD|GRB|
GRB|DNH,|DNH|XIY|PEK|ORD|GRB|
GRB|DYU,|DYU|IST|ORD|GRB|
GRB|FRU,|FRU|IST|ORD|GRB|
GRB|GYD,|GYD|FRA|ORD|GRB|
GRB|HTN,|HTN|URC|TSE|FRA|ORD|GRB|
GRB|IKA,|IKA|SAW|VIE|ORD|GRB|
GRB|KCA,|KCA|URC|TSE|FRA|ORD|GRB|
GRB|KHG,|KHG|URC|TSE|FRA|ORD|GRB|
GRB|KRL,|KRL|URC|TSE|FRA|ORD|GRB|
GRB|KRY,|KRY|URC|TSE|FRA|ORD|GRB|
GRB|LBD,|LBD|URC|TSE|FRA|ORD|GRB|
GRB|NLT,|NLT|URC|TSE|FRA|ORD|GRB|
GRB|OSS,|OSS|IST|ORD|GRB|
GRB|OVB,|OVB|IST|ORD|GRB|
GRB|TBS,|TBS|SAW|VIE|ORD|GRB|
GRB|TCG,|TCG|URC|TSE|FRA|ORD|GRB|
GRB|TSE,|TSE|FRA|ORD|GRB|
GRB|YIN,|YIN|URC|TSE|FRA|ORD|GRB|
GRB|ENH,|ENH|WUH|PEK|ORD|GRB|
GRB|ENY,|ENY|XIY|PEK|ORD|GRB|
GRB|WXN,|WXN|XIY|PEK|ORD|GRB|
GRB|BLL,|BLL|IST|ORD|GRB|
GRB|ESB,|ESB|VIE|ORD|GRB|
GRB|SAW,|SAW|VIE|ORD|GRB|
GRB|HAM,|HAM|EWR|ORD|GRB|
GRB|HRE,|HRE|ADD|IST|ORD|GRB|
GRB|JUB,|JUB|CAI|IST|ORD|GRB|
GRB|SSG,|SSG|DLA|BRU|ORD|GRB|
GRB|BGW,|BGW|ESB|VIE|ORD|GRB|
GRB|EBL,|EBL|IST|ORD|GRB|
GRB|VKO,|VKO|IST|ORD|GRB|
GRB|MCT,|MCT|IST|ORD|GRB|
GRB|AYT,|AYT|IST|ORD|GRB|
GRB|SCQ,|SCQ|BIO|IST|ORD|GRB|
GRB|AAL,|AAL|IST|ORD|GRB|
GRB|AOE,|AOE|BRU|ORD|GRB|
GRB|JNB,|JNB|DKR|IAD|ORD|GRB|
GRB|LBV,|LBV|DLA|BRU|ORD|GRB|
GRB|ADA,|ADA|IST|ORD|GRB|
GRB|ADB,|ADB|IST|ORD|GRB|
GRB|ADF,|ADF|ESB|VIE|ORD|GRB|
GRB|AJI,|AJI|ESB|VIE|ORD|GRB|
GRB|BAL,|BAL|ESB|VIE|ORD|GRB|
GRB|BJV,|BJV|IST|ORD|GRB|
GRB|CKZ,|CKZ|ESB|VIE|ORD|GRB|
GRB|DIY,|DIY|ESB|VIE|ORD|GRB|
GRB|ECN,|ECN|IST|ORD|GRB|
GRB|ERC,|ERC|ESB|VIE|ORD|GRB|
GRB|ERZ,|ERZ|ESB|VIE|ORD|GRB|
GRB|EZS,|EZS|ESB|VIE|ORD|GRB|
GRB|GNY,|GNY|ESB|VIE|ORD|GRB|
GRB|GZP,|GZP|ESB|VIE|ORD|GRB|
GRB|GZT,|GZT|ESB|VIE|ORD|GRB|
GRB|HTY,|HTY|IST|ORD|GRB|
GRB|KCM,|KCM|ESB|VIE|ORD|GRB|
GRB|KSY,|KSY|ESB|VIE|ORD|GRB|
GRB|MLX,|MLX|ESB|VIE|ORD|GRB|
GRB|MQM,|MQM|ESB|VIE|ORD|GRB|
GRB|MSR,|MSR|ESB|VIE|ORD|GRB|
GRB|TEQ,|TEQ|ESB|VIE|ORD|GRB|
GRB|TZX,|TZX|ESB|VIE|ORD|GRB|
GRB|VAN,|VAN|ESB|VIE|ORD|GRB|
GRB|ULN,|ULN|FRU|IST|ORD|GRB|
GRB|HIJ,|HIJ|ICN|YVR|ORD|GRB|
GRB|VVO,|VVO|ICN|YVR|ORD|GRB|
GRB|ACC,|ACC|IST|ORD|GRB|
GRB|AER,|AER|IST|ORD|GRB|
GRB|AGP,|AGP|IST|ORD|GRB|
GRB|ALG,|ALG|IST|ORD|GRB|
GRB|AMM,|AMM|IST|ORD|GRB|
GRB|AQJ,|AQJ|IST|ORD|GRB|
GRB|ARN,|ARN|EWR|ORD|GRB|
GRB|ASR,|ASR|SAW|VIE|ORD|GRB|
GRB|ATH,|ATH|IST|ORD|GRB|
GRB|BAH,|BAH|IST|ORD|GRB|
GRB|BEG,|BEG|IST|ORD|GRB|
GRB|BEN,|BEN|IST|ORD|GRB|
GRB|BEY,|BEY|IST|ORD|GRB|
GRB|BHX,|BHX|EWR|ORD|GRB|
GRB|BIO,|BIO|IST|ORD|GRB|
GRB|BLQ,|BLQ|IST|ORD|GRB|
GRB|BOM,|BOM|IST|ORD|GRB|
GRB|BRE,|BRE|IST|ORD|GRB|
GRB|BSL,|BSL|IST|ORD|GRB|
GRB|BSR,|BSR|IST|ORD|GRB|
GRB|BUD,|BUD|IST|ORD|GRB|
GRB|BUS,|BUS|IST|ORD|GRB|
GRB|CAI,|CAI|IST|ORD|GRB|
GRB|CGN,|CGN|IST|ORD|GRB|
GRB|CMN,|CMN|IST|ORD|GRB|
GRB|CND,|CND|IST|ORD|GRB|
GRB|DAR,|DAR|NBO|ZRH|ORD|GRB|
GRB|DLM,|DLM|IST|ORD|GRB|
GRB|DMM,|DMM|IST|ORD|GRB|
GRB|DNK,|DNK|IST|ORD|GRB|
GRB|DNZ,|DNZ|IST|ORD|GRB|
GRB|DOK,|DOK|IST|ORD|GRB|
GRB|DUS,|DUS|ORD|GRB|
GRB|EDI,|EDI|EWR|ORD|GRB|
GRB|ELQ,|ELQ|IST|ORD|GRB|
GRB|FDH,|FDH|IST|ORD|GRB|
GRB|GOA,|GOA|IST|ORD|GRB|
GRB|GOT,|GOT|BRU|ORD|GRB|
GRB|HAJ,|HAJ|BRU|ORD|GRB|
GRB|HBE,|HBE|IST|ORD|GRB|
GRB|HEL,|HEL|IST|ORD|GRB|
GRB|HRG,|HRG|IST|ORD|GRB|
GRB|IFN,|IFN|IST|ORD|GRB|
GRB|ISE,|ISE|IST|ORD|GRB|
GRB|ISU,|ISU|IST|ORD|GRB|
GRB|JIB,|JIB|IST|ORD|GRB|
GRB|JRO,|JRO|IST|ORD|GRB|
GRB|KAN,|KAN|IST|ORD|GRB|
GRB|KBL,|KBL|IST|ORD|GRB|
GRB|KBP,|KBP|IST|ORD|GRB|
GRB|KFS,|KFS|IST|ORD|GRB|
GRB|KHI,|KHI|IST|ORD|GRB|
GRB|KIV,|KIV|IST|ORD|GRB|
GRB|KRT,|KRT|IST|ORD|GRB|
GRB|KSH,|KSH|IST|ORD|GRB|
GRB|KVD,|KVD|IST|ORD|GRB|
GRB|KWI,|KWI|SAW|VIE|ORD|GRB|
GRB|KYA,|KYA|IST|ORD|GRB|
GRB|KZN,|KZN|IST|ORD|GRB|
GRB|KZR,|KZR|IST|ORD|GRB|
GRB|LED,|LED|VIE|ORD|GRB|
GRB|LEJ,|LEJ|IST|ORD|GRB|
GRB|LGW,|LGW|IST|ORD|GRB|
GRB|LHE,|LHE|IST|ORD|GRB|
GRB|LIS,|LIS|EWR|ORD|GRB|
GRB|LJU,|LJU|IST|ORD|GRB|
GRB|LOS,|LOS|FRA|ORD|GRB|
GRB|LUX,|LUX|IST|ORD|GRB|
GRB|LWO,|LWO|IST|ORD|GRB|
GRB|LYS,|LYS|IST|ORD|GRB|
GRB|MAD,|MAD|EWR|ORD|GRB|
GRB|MAN,|MAN|EWR|ORD|GRB|
GRB|MED,|MED|IST|ORD|GRB|
GRB|MHD,|MHD|IST|ORD|GRB|
GRB|MLA,|MLA|IST|ORD|GRB|
GRB|MRS,|MRS|IST|ORD|GRB|
GRB|MSQ,|MSQ|IST|ORD|GRB|
GRB|MXP,|MXP|EWR|ORD|GRB|
GRB|MZH,|MZH|IST|ORD|GRB|
GRB|MZR,|MZR|IST|ORD|GRB|
GRB|NAJ,|NAJ|IST|ORD|GRB|
GRB|NAV,|NAV|IST|ORD|GRB|
GRB|NCE,|NCE|IST|ORD|GRB|
GRB|NIM,|NIM|IST|ORD|GRB|
GRB|NJF,|NJF|IST|ORD|GRB|
GRB|NSI,|NSI|BRU|ORD|GRB|
GRB|NUE,|NUE|IST|ORD|GRB|
GRB|ODS,|ODS|IST|ORD|GRB|
GRB|ORN,|ORN|IST|ORD|GRB|
GRB|OTP,|OTP|IST|ORD|GRB|
GRB|PRG,|PRG|BRU|ORD|GRB|
GRB|PRN,|PRN|IST|ORD|GRB|
GRB|RIX,|RIX|IST|ORD|GRB|
GRB|ROV,|ROV|IST|ORD|GRB|
GRB|RTM,|RTM|IST|ORD|GRB|
GRB|RUH,|RUH|IST|ORD|GRB|
GRB|SAH,|SAH|IST|ORD|GRB|
GRB|SJJ,|SJJ|IST|ORD|GRB|
GRB|SKG,|SKG|IST|ORD|GRB|
GRB|SKP,|SKP|IST|ORD|GRB|
GRB|SSH,|SSH|IST|ORD|GRB|
GRB|STR,|STR|EWR|ORD|GRB|
GRB|SVX,|SVX|IST|ORD|GRB|
GRB|SYZ,|SYZ|IST|ORD|GRB|
GRB|SZG,|SZG|IST|ORD|GRB|
GRB|TBZ,|TBZ|IST|ORD|GRB|
GRB|TGD,|TGD|IST|ORD|GRB|
GRB|TIA,|TIA|IST|ORD|GRB|
GRB|TIF,|TIF|IST|ORD|GRB|
GRB|TIP,|TIP|IST|ORD|GRB|
GRB|TLL,|TLL|VNO|CPH|YYZ|ORD|GRB|
GRB|TLS,|TLS|IST|ORD|GRB|
GRB|TRN,|TRN|IST|ORD|GRB|
GRB|TUN,|TUN|IST|ORD|GRB|
GRB|TXL,|TXL|EWR|ORD|GRB|
GRB|UFA,|UFA|IST|ORD|GRB|
GRB|VAS,|VAS|SAW|VIE|ORD|GRB|
GRB|VCE,|VCE|IST|ORD|GRB|
GRB|YNB,|YNB|IST|ORD|GRB|
GRB|ZAG,|ZAG|IST|ORD|GRB|
GRB|MGQ,|MGQ|JIB|IST|ORD|GRB|
GRB|CPT,|CPT|JNB|DKR|IAD|ORD|GRB|
GRB|MBA,|MBA|JRO|IST|ORD|GRB|
GRB|NDJ,|NDJ|KAN|IST|ORD|GRB|
GRB|CMB,|CMB|MLE|IST|ORD|GRB|
GRB|ADE,|ADE|SAH|IST|ORD|GRB|
GRB|ASF,|ASF|SAW|VIE|ORD|GRB|
GRB|STW,|STW|SAW|VIE|ORD|GRB|
GRB|LFW,|LFW|ABJ|BRU|ORD|GRB|
GRB|CEC,|CEC|ACV|SMF|ORD|GRB|
GRB|SMF,|SMF|ORD|GRB|
GRB|CDR,|CDR|AIA|DEN|ORD|GRB|
GRB|FMN,|FMN|DEN|ORD|GRB|
GRB|JST,|JST|IAD|ORD|GRB|
GRB|JHW,|JHW|CLE|ORD|GRB|
GRB|SHD,|SHD|IAD|ORD|GRB|
GRB|PTY,|PTY|ORD|GRB|
GRB|FNA,|FNA|BRU|ORD|GRB|
GRB|SXB,|SXB|BRU|ORD|GRB|
GRB|ACV,|ACV|SMF|ORD|GRB|
GRB|MGW,|MGW|IAD|ORD|GRB|
GRB|ALB,|ALB|ORD|GRB|
GRB|AUS,|AUS|ORD|GRB|
GRB|BFD,|BFD|CLE|ORD|GRB|
GRB|BUF,|BUF|ORD|GRB|
GRB|CHS,|CHS|ORD|GRB|
GRB|DAY,|DAY|ORD|GRB|
GRB|DUJ,|DUJ|CLE|ORD|GRB|
GRB|ERI,|ERI|CLE|ORD|GRB|
GRB|FKL,|FKL|CLE|ORD|GRB|
GRB|FNT,|FNT|CLE|ORD|GRB|
GRB|GRR,|GRR|ORD|GRB|
GRB|GSP,|GSP|ORD|GRB|
GRB|PBI,|PBI|ATL|ORD|GRB|
GRB|PKB,|PKB|CLE|ORD|GRB|
GRB|RIC,|RIC|ORD|GRB|
GRB|SDF,|SDF|ORD|GRB|
GRB|GUM,|GUM|NRT|ORD|GRB|
GRB|WRL,|WRL|CYS|DEN|ORD|GRB|
GRB|LBL,|GRB|
GRB|ABQ,|ABQ|ORD|GRB|
GRB|AIA,|AIA|DEN|ORD|GRB|
GRB|ALS,|ALS|DEN|ORD|GRB|
GRB|AMA,|AMA|DAL|STL|ORD|GRB|
GRB|ANC,|ANC|ORD|GRB|
GRB|ASE,|ASE|DEN|ORD|GRB|
GRB|BFL,|BFL|DEN|ORD|GRB|
GRB|BHM,|BHM|ORD|GRB|
GRB|BIL,|BIL|DEN|ORD|GRB|
GRB|BIS,|BIS|DEN|ORD|GRB|
GRB|BOI,|BOI|ORD|GRB|
GRB|BUR,|BUR|LAS|ORD|GRB|
GRB|BZN,|BZN|ORD|GRB|
GRB|CID,|CID|ORD|GRB|
GRB|COD,|COD|DEN|ORD|GRB|
GRB|COS,|COS|ORD|GRB|
GRB|CPR,|CPR|DEN|ORD|GRB|
GRB|CYS,|CYS|DEN|ORD|GRB|
GRB|DIK,|DIK|DEN|ORD|GRB|
GRB|DRO,|DRO|DEN|ORD|GRB|
GRB|DSM,|DSM|ORD|GRB|
GRB|EGE,|EGE|DEN|ORD|GRB|
GRB|ELP,|ELP|DAL|STL|ORD|GRB|
GRB|EUG,|EUG|PDX|ORD|GRB|
GRB|FAR,|FAR|ORD|GRB|
GRB|FAT,|FAT|DEN|ORD|GRB|
GRB|FCA,|FCA|DEN|ORD|GRB|
GRB|FSD,|FSD|ORD|GRB|
GRB|GCC,|GCC|DEN|ORD|GRB|
GRB|GEG,|GEG|DEN|ORD|GRB|
GRB|GJT,|GJT|DEN|ORD|GRB|
GRB|GTF,|GTF|DEN|ORD|GRB|
GRB|GUC,|GUC|DEN|ORD|GRB|
GRB|HDN,|HDN|DEN|ORD|GRB|
GRB|HLN,|HLN|DEN|ORD|GRB|
GRB|HSV,|HSV|ORD|GRB|
GRB|ICT,|ICT|ORD|GRB|
GRB|IDA,|IDA|DEN|ORD|GRB|
GRB|ISN,|ISN|DEN|ORD|GRB|
GRB|JAC,|JAC|DEN|ORD|GRB|
GRB|KOA,|KOA|SFO|ORD|GRB|
GRB|LAR,|LAR|DEN|ORD|GRB|
GRB|LBB,|LBB|DAL|STL|ORD|GRB|
GRB|LIH,|LIH|SFO|ORD|GRB|
GRB|LIT,|LIT|ORD|GRB|
GRB|LNK,|LNK|ORD|GRB|
GRB|MAF,|MAF|DAL|STL|ORD|GRB|
GRB|MEM,|MEM|ORD|GRB|
GRB|MFR,|MFR|DEN|ORD|GRB|
GRB|MLI,|MLI|ORD|GRB|
GRB|MOT,|MOT|DEN|ORD|GRB|
GRB|MRY,|MRY|DEN|ORD|GRB|
GRB|MSN,|MSN|ORD|GRB|
GRB|MSO,|MSO|DEN|ORD|GRB|
GRB|MTJ,|MTJ|DEN|ORD|GRB|
GRB|OKC,|OKC|ORD|GRB|
GRB|OMA,|OMA|ORD|GRB|
GRB|ONT,|ONT|DEN|ORD|GRB|
GRB|PIA,|PIA|ORD|GRB|
GRB|PIR,|PIR|DEN|ORD|GRB|
GRB|PSC,|PSC|DEN|ORD|GRB|
GRB|PSP,|PSP|DEN|ORD|GRB|
GRB|PUB,|PUB|DEN|ORD|GRB|
GRB|RAP,|RAP|ORD|GRB|
GRB|RDM,|RDM|DEN|ORD|GRB|
GRB|RKS,|RKS|DEN|ORD|GRB|
GRB|RNO,|RNO|DEN|ORD|GRB|
GRB|SAF,|SAF|DEN|ORD|GRB|
GRB|SAT,|SAT|ORD|GRB|
GRB|SBA,|SBA|DEN|ORD|GRB|
GRB|SGF,|SGF|ORD|GRB|
GRB|SGU,|SGU|DEN|ORD|GRB|
GRB|SHV,|SHV|IAH|ORD|GRB|
GRB|SJC,|SJC|DEN|ORD|GRB|
GRB|SLC,|SLC|ORD|GRB|
GRB|SNA,|SNA|ORD|GRB|
GRB|TUL,|TUL|ORD|GRB|
GRB|TUS,|TUS|DEN|ORD|GRB|
GRB|TYS,|TYS|ORD|GRB|
GRB|XNA,|XNA|ORD|GRB|
GRB|SAL,|SAL|IAH|ORD|GRB|
GRB|BJL,|BJL|DKR|IAD|ORD|GRB|
GRB|BFS,|BFS|EWR|ORD|GRB|
GRB|BON,|BON|EWR|ORD|GRB|
GRB|BQN,|BQN|EWR|ORD|GRB|
GRB|BTV,|BTV|ORD|GRB|
GRB|BZE,|BZE|IAH|ORD|GRB|
GRB|GLA,|GLA|EWR|ORD|GRB|
GRB|GSO,|GSO|ORD|GRB|
GRB|ITH,|ITH|EWR|ORD|GRB|
GRB|JAX,|JAX|ORD|GRB|
GRB|MHT,|MHT|ORD|GRB|
GRB|MYR,|MYR|ORD|GRB|
GRB|ORF,|ORF|ORD|GRB|
GRB|POS,|POS|EWR|ORD|GRB|
GRB|PVD,|PVD|ORD|GRB|
GRB|PWM,|PWM|ORD|GRB|
GRB|SAP,|SAP|IAH|ORD|GRB|
GRB|SAV,|SAV|ORD|GRB|
GRB|SDQ,|SDQ|EWR|ORD|GRB|
GRB|SJU,|SJU|ORD|GRB|
GRB|SNN,|SNN|EWR|ORD|GRB|
GRB|STT,|STT|ORD|GRB|
GRB|SXM,|SXM|ORD|GRB|
GRB|BIM,|BIM|FLL|ORD|GRB|
GRB|ELH,|ELH|PBI|ATL|ORD|GRB|
GRB|EYW,|EYW|TPA|ORD|GRB|
GRB|FPO,|FPO|FLL|ORD|GRB|
GRB|GHB,|GHB|FLL|ORD|GRB|
GRB|MHH,|MHH|JAX|ORD|GRB|
GRB|TCB,|TCB|FLL|ORD|GRB|
GRB|SOW,|SOW|FMN|DEN|ORD|GRB|
GRB|ROB,|ROB|FNA|BRU|ORD|GRB|
GRB|GIG,|GIG|GRU|ORD|GRB|
GRB|CNS,|CNS|GUM|NRT|ORD|GRB|
GRB|CTS,|CTS|GUM|NRT|ORD|GRB|
GRB|OKJ,|OKJ|GUM|NRT|ORD|GRB|
GRB|ROP,|ROP|GUM|NRT|ORD|GRB|
GRB|ROR,|ROR|GUM|NRT|ORD|GRB|
GRB|SDJ,|SDJ|GUM|NRT|ORD|GRB|
GRB|SPN,|SPN|GUM|NRT|ORD|GRB|
GRB|TKK,|TKK|PNI|KWA|MAJ|HNL|ORD|GRB|
GRB|YAP,|YAP|GUM|NRT|ORD|GRB|
GRB|MAJ,|MAJ|HNL|ORD|GRB|
GRB|AOO,|AOO|IAD|ORD|GRB|
GRB|BGM,|BGM|IAD|ORD|GRB|
GRB|BKW,|BKW|IAD|ORD|GRB|
GRB|CAE,|CAE|ORD|GRB|
GRB|CHO,|CHO|IAD|ORD|GRB|
GRB|CRW,|CRW|ORD|GRB|
GRB|FAY,|FAY|IAD|ORD|GRB|
GRB|LWB,|LWB|IAD|ORD|GRB|
GRB|ROA,|ROA|ORD|GRB|
GRB|SCE,|SCE|ORD|GRB|
GRB|ACA,|ACA|IAH|ORD|GRB|
GRB|ACY,|ACY|ORD|GRB|
GRB|AEX,|AEX|IAH|ORD|GRB|
GRB|AGU,|AGU|IAH|ORD|GRB|
GRB|BJX,|BJX|IAH|ORD|GRB|
GRB|BRO,|BRO|IAH|ORD|GRB|
GRB|BTR,|BTR|IAH|ORD|GRB|
GRB|CCS,|CCS|IAH|ORD|GRB|
GRB|CLL,|CLL|IAH|ORD|GRB|
GRB|CME,|CME|IAH|ORD|GRB|
GRB|CRP,|CRP|IAH|ORD|GRB|
GRB|CUU,|CUU|IAH|ORD|GRB|
GRB|DAL,|DAL|STL|ORD|GRB|
GRB|DGO,|DGO|IAH|ORD|GRB|
GRB|GDL,|GDL|IAH|ORD|GRB|
GRB|GPT,|GPT|IAH|ORD|GRB|
GRB|GRK,|GRK|IAH|ORD|GRB|
GRB|HOB,|HOB|IAH|ORD|GRB|
GRB|HRL,|HRL|IAH|ORD|GRB|
GRB|HUX,|HUX|IAH|ORD|GRB|
GRB|JAN,|JAN|ORD|GRB|
GRB|LCH,|LCH|IAH|ORD|GRB|
GRB|LEX,|LEX|ORD|GRB|
GRB|LFT,|LFT|IAH|ORD|GRB|
GRB|LRD,|LRD|IAH|ORD|GRB|
GRB|MFE,|MFE|IAH|ORD|GRB|
GRB|MGA,|MGA|IAH|ORD|GRB|
GRB|MID,|MID|IAH|ORD|GRB|
GRB|MLM,|MLM|IAH|ORD|GRB|
GRB|MLU,|MLU|IAH|ORD|GRB|
GRB|MOB,|MOB|ORD|GRB|
GRB|MTY,|MTY|ORD|GRB|
GRB|OAX,|OAX|IAH|ORD|GRB|
GRB|PBC,|PBC|IAH|ORD|GRB|
GRB|PNS,|PNS|ORD|GRB|
GRB|QRO,|QRO|IAH|ORD|GRB|
GRB|RTB,|RTB|IAH|ORD|GRB|
GRB|SLP,|SLP|IAH|ORD|GRB|
GRB|SLW,|SLW|IAH|ORD|GRB|
GRB|TAM,|TAM|IAH|ORD|GRB|
GRB|TGU,|TGU|IAH|ORD|GRB|
GRB|TRC,|TRC|IAH|ORD|GRB|
GRB|TYR,|TYR|IAH|ORD|GRB|
GRB|UIO,|UIO|IAH|ORD|GRB|
GRB|VER,|VER|IAH|ORD|GRB|
GRB|VPS,|VPS|IAH|ORD|GRB|
GRB|VSA,|VSA|IAH|ORD|GRB|
GRB|ZIH,|ZIH|IAH|ORD|GRB|
GRB|ZLO,|ZLO|IAH|ORD|GRB|
GRB|KWA,|KWA|MAJ|HNL|ORD|GRB|
GRB|PNI,|PNI|KWA|MAJ|HNL|ORD|GRB|
GRB|KSA,|KSA|KWA|MAJ|HNL|ORD|GRB|
GRB|CLD,|CLD|LAX|ORD|GRB|
GRB|ITO,|ITO|LAX|ORD|GRB|
GRB|SBP,|SBP|LAX|ORD|GRB|
GRB|SMX,|SMX|LAX|ORD|GRB|
GRB|YUM,|YUM|LAX|ORD|GRB|
GRB|DDC,|GRB|
GRB|TMS,|TMS|LIS|EWR|ORD|GRB|
GRB|PHC,|PHC|LOS|FRA|ORD|GRB|
GRB|GNV,|GNV|MCO|ORD|GRB|
GRB|TLH,|TLH|TPA|ORD|GRB|
GRB|CKB,|CKB|MGW|IAD|ORD|GRB|
GRB|BAQ,|BAQ|MIA|ORD|GRB|
GRB|CLO,|CLO|MIA|ORD|GRB|
GRB|CTG,|CTG|MIA|ORD|GRB|
GRB|MDE,|MDE|MIA|ORD|GRB|
GRB|ABE,|ABE|ORD|GRB|
GRB|ATW,|ATW|ORD|GRB|
GRB|AVL,|AVL|ORD|GRB|
GRB|AVP,|AVP|ORD|GRB|
GRB|CAK,|CAK|ORD|GRB|
GRB|CMX,|CMX|ORD|GRB|
GRB|CWA,|CWA|ORD|GRB|
GRB|DLH,|DLH|ORD|GRB|
GRB|EAU,|EAU|ORD|GRB|
GRB|ELM,|ELM|ORD|GRB|
GRB|FOE,|FOE|ORD|GRB|
GRB|FWA,|FWA|ORD|GRB|
GRB|HPN,|HPN|ORD|GRB|
GRB|LAN,|LAN|ORD|GRB|
GRB|MBS,|MBS|ORD|GRB|
GRB|MKG,|MKG|ORD|GRB|
GRB|PAH,|PAH|ORD|GRB|
GRB|SBN,|SBN|ORD|GRB|
GRB|SPI,|SPI|ORD|GRB|
GRB|SRQ,|SRQ|ORD|GRB|
GRB|STC,|STC|ORD|GRB|
GRB|TVC,|TVC|ORD|GRB|
GRB|LMT,|LMT|PDX|ORD|GRB|
GRB|HON,|HON|PIR|DEN|ORD|GRB|
GRB|CIC,|CIC|SFO|ORD|GRB|
GRB|MOD,|MOD|SFO|ORD|GRB|
GRB|OTH,|OTH|SFO|ORD|GRB|
GRB|RDD,|RDD|SFO|ORD|GRB|
GRB|EIS,|EIS|SJU|ORD|GRB|
GRB|DME,|DME|VIE|ORD|GRB|
GRB|EVN,|EVN|VIE|ORD|GRB|
GRB|HOU,|HOU|STL|ORD|GRB|
GRB|MDW,|MDW|DTW|ORD|GRB|
GRB|OAK,|OAK|SLC|ORD|GRB|
GRB|ECP,|ECP|BNA|ORD|GRB|
GRB|ISP,|ISP|BWI|ORD|GRB|
GRB|YHM,|YHM|YQM|YUL|ORD|GRB|
GRB|YXX,|YXX|YYC|ORD|GRB|
GRB|YBR,|YBR|YYC|ORD|GRB|
GRB|YKF,|YKF|YYC|ORD|GRB|
GRB|GDN,|GRB|
GRB|TRD,|GRB|
GRB|NKC,|GRB|
GRB|PGA,|GRB|
