KHG|BRU,|BRU|IST|URC|KHG|
KHG|OUA,|OUA|NIM|IST|URC|KHG|
KHG|JED,|JED|IST|URC|KHG|
KHG|CPH,|CPH|IST|URC|KHG|
KHG|YYZ,|YYZ|FRA|TSE|URC|KHG|
KHG|DEN,|DEN|YVR|PEK|URC|KHG|
KHG|YUL,|YUL|FRA|TSE|URC|KHG|
KHG|NBO,|NBO|IST|URC|KHG|
KHG|ICN,|ICN|PEK|URC|KHG|
KHG|NRT,|NRT|PEK|URC|KHG|
KHG|YHZ,|YHZ|LHR|IST|URC|KHG|
KHG|YOW,|YOW|FRA|TSE|URC|KHG|
KHG|BJM,|BJM|BRU|IST|URC|KHG|
KHG|COO,|COO|BRU|IST|URC|KHG|
KHG|DKR,|DKR|BRU|IST|URC|KHG|
KHG|DLA,|DLA|IST|URC|KHG|
KHG|KGL,|KGL|IST|URC|KHG|
KHG|LAD,|LAD|BRU|IST|URC|KHG|
KHG|ABJ,|ABJ|OUA|NIM|IST|URC|KHG|
KHG|AMS,|AMS|IST|URC|KHG|
KHG|OSL,|OSL|IST|URC|KHG|
KHG|VNO,|VNO|IST|URC|KHG|
KHG|WAW,|WAW|IST|URC|KHG|
KHG|YYC,|YYC|YVR|PEK|URC|KHG|
KHG|ATL,|ATL|FRA|TSE|URC|KHG|
KHG|MSY,|MSY|IAD|FRA|TSE|URC|KHG|
KHG|YEG,|YEG|YVR|PEK|URC|KHG|
KHG|YMM,|YMM|YVR|PEK|URC|KHG|
KHG|YQR,|YQR|YVR|PEK|URC|KHG|
KHG|YVR,|YVR|PEK|URC|KHG|
KHG|YWG,|YWG|YVR|PEK|URC|KHG|
KHG|YXE,|YXE|YVR|PEK|URC|KHG|
KHG|CKY,|CKY|DKR|BRU|IST|URC|KHG|
KHG|FIH,|FIH|IST|URC|KHG|
KHG|SCL,|SCL|EZE|GRU|IST|URC|KHG|
KHG|LCA,|LCA|FRA|TSE|URC|KHG|
KHG|NAP,|NAP|IST|URC|KHG|
KHG|VLC,|VLC|FRA|TSE|URC|KHG|
KHG|BKK,|BKK|NNG|KWE|URC|KHG|
KHG|ADD,|ADD|IST|URC|KHG|
KHG|FRA,|FRA|TSE|URC|KHG|
KHG|IST,|IST|URC|KHG|
KHG|EBB,|EBB|KGL|IST|URC|KHG|
KHG|YLW,|YLW|YVR|PEK|URC|KHG|
KHG|YYT,|YYT|LHR|IST|URC|KHG|
KHG|GUA,|GUA|MIA|FRA|TSE|URC|KHG|
KHG|EWR,|EWR|FRA|TSE|URC|KHG|
KHG|IAD,|IAD|FRA|TSE|URC|KHG|
KHG|IAH,|IAH|PEK|URC|KHG|
KHG|ORD,|ORD|FRA|TSE|URC|KHG|
KHG|SOF,|SOF|IST|URC|KHG|
KHG|YQB,|YQB|YUL|FRA|TSE|URC|KHG|
KHG|YXU,|YXU|YYZ|FRA|TSE|URC|KHG|
KHG|EZE,|EZE|GRU|IST|URC|KHG|
KHG|YYJ,|YYJ|YVR|PEK|URC|KHG|
KHG|YYY,|YYY|YUL|FRA|TSE|URC|KHG|
KHG|YQQ,|YQQ|YBL|YVR|PEK|URC|KHG|
KHG|YYR,|YYR|YYT|LHR|IST|URC|KHG|
KHG|LHR,|LHR|IST|URC|KHG|
KHG|SFO,|SFO|PEK|URC|KHG|
KHG|YQU,|YQU|YEG|YVR|PEK|URC|KHG|
KHG|YZF,|YZF|YEG|YVR|PEK|URC|KHG|
KHG|YGR,|YGR|YGP|YQB|YUL|FRA|TSE|URC|KHG|
KHG|YGP,|YGP|YQB|YUL|FRA|TSE|URC|KHG|
KHG|BOS,|BOS|FRA|TSE|URC|KHG|
KHG|YDF,|YDF|YYT|LHR|IST|URC|KHG|
KHG|YFC,|YFC|YHZ|LHR|IST|URC|KHG|
KHG|YQM,|YQM|YHZ|LHR|IST|URC|KHG|
KHG|YQX,|YQX|YYT|LHR|IST|URC|KHG|
KHG|YQY,|YQY|YHZ|LHR|IST|URC|KHG|
KHG|YSJ,|YSJ|YHZ|LHR|IST|URC|KHG|
KHG|YYG,|YYG|YHZ|LHR|IST|URC|KHG|
KHG|LAX,|LAX|PEK|URC|KHG|
KHG|DCA,|DCA|EWR|FRA|TSE|URC|KHG|
KHG|LGA,|LGA|YUL|FRA|TSE|URC|KHG|
KHG|YZV,|YZV|YUL|FRA|TSE|URC|KHG|
KHG|YWL,|YWL|YVR|PEK|URC|KHG|
KHG|AZS,|AZS|YUL|FRA|TSE|URC|KHG|
KHG|BDL,|BDL|YUL|FRA|TSE|URC|KHG|
KHG|CCC,|CCC|YUL|FRA|TSE|URC|KHG|
KHG|CDG,|CDG|IST|URC|KHG|
KHG|CUN,|CUN|EWR|FRA|TSE|URC|KHG|
KHG|CZM,|CZM|YUL|FRA|TSE|URC|KHG|
KHG|FDF,|FDF|YUL|FRA|TSE|URC|KHG|
KHG|FLL,|FLL|MCO|FRA|TSE|URC|KHG|
KHG|GVA,|GVA|IST|URC|KHG|
KHG|HOG,|HOG|YUL|FRA|TSE|URC|KHG|
KHG|LAS,|LAS|SEA|PEK|URC|KHG|
KHG|MBJ,|MBJ|EWR|FRA|TSE|URC|KHG|
KHG|MCO,|MCO|FRA|TSE|URC|KHG|
KHG|MUC,|MUC|IST|URC|KHG|
KHG|PAP,|PAP|YUL|FRA|TSE|URC|KHG|
KHG|PTP,|PTP|YUL|FRA|TSE|URC|KHG|
KHG|PUJ,|PUJ|EWR|FRA|TSE|URC|KHG|
KHG|SNU,|SNU|YUL|FRA|TSE|URC|KHG|
KHG|VRA,|VRA|YUL|FRA|TSE|URC|KHG|
KHG|YBC,|YBC|YUL|FRA|TSE|URC|KHG|
KHG|YBG,|YBG|YUL|FRA|TSE|URC|KHG|
KHG|YTZ,|YTZ|YUL|FRA|TSE|URC|KHG|
KHG|YUY,|YUY|YUL|FRA|TSE|URC|KHG|
KHG|YVO,|YVO|YUL|FRA|TSE|URC|KHG|
KHG|ZBF,|ZBF|YUL|FRA|TSE|URC|KHG|
KHG|ZRH,|ZRH|IST|URC|KHG|
KHG|ZSA,|ZSA|YUL|FRA|TSE|URC|KHG|
KHG|AKL,|AKL|CAN|URC|KHG|
KHG|HKG,|HKG|CAN|URC|KHG|
KHG|HND,|HND|HNL|PEK|URC|KHG|
KHG|HNL,|HNL|PEK|URC|KHG|
KHG|MEX,|MEX|YVR|PEK|URC|KHG|
KHG|OGG,|OGG|HNL|PEK|URC|KHG|
KHG|PDX,|PDX|SEA|PEK|URC|KHG|
KHG|PEK,|PEK|URC|KHG|
KHG|PVG,|PVG|URC|KHG|
KHG|PVR,|PVR|SFO|PEK|URC|KHG|
KHG|SEA,|SEA|PEK|URC|KHG|
KHG|SYD,|SYD|CAN|URC|KHG|
KHG|YBL,|YBL|YVR|PEK|URC|KHG|
KHG|YCD,|YCD|YVR|PEK|URC|KHG|
KHG|YCG,|YCG|YVR|PEK|URC|KHG|
KHG|YKA,|YKA|YVR|PEK|URC|KHG|
KHG|YPR,|YPR|YVR|PEK|URC|KHG|
KHG|YQZ,|YQZ|YVR|PEK|URC|KHG|
KHG|YXC,|YXC|YVR|PEK|URC|KHG|
KHG|YXJ,|YXJ|YVR|PEK|URC|KHG|
KHG|YXS,|YXS|YVR|PEK|URC|KHG|
KHG|YXT,|YXT|YVR|PEK|URC|KHG|
KHG|YXY,|YXY|YVR|PEK|URC|KHG|
KHG|YYD,|YYD|YVR|PEK|URC|KHG|
KHG|YYF,|YYF|YVR|PEK|URC|KHG|
KHG|YZP,|YZP|YVR|PEK|URC|KHG|
KHG|YQT,|YQT|YYZ|FRA|TSE|URC|KHG|
KHG|SJD,|SJD|SFO|PEK|URC|KHG|
KHG|YQF,|YQF|YYC|YVR|PEK|URC|KHG|
KHG|YQL,|YQL|YYC|YVR|PEK|URC|KHG|
KHG|YXH,|YXH|YYC|YVR|PEK|URC|KHG|
KHG|YWK,|YWK|YYR|YYT|LHR|IST|URC|KHG|
KHG|ANU,|ANU|EWR|FRA|TSE|URC|KHG|
KHG|AUA,|AUA|EWR|FRA|TSE|URC|KHG|
KHG|AUH,|AUH|IST|URC|KHG|
KHG|BCN,|BCN|IST|URC|KHG|
KHG|BDA,|BDA|EWR|FRA|TSE|URC|KHG|
KHG|BGI,|BGI|YYZ|FRA|TSE|URC|KHG|
KHG|BNA,|BNA|YYZ|FRA|TSE|URC|KHG|
KHG|BOG,|BOG|JFK|FRA|TSE|URC|KHG|
KHG|BWI,|BWI|EWR|FRA|TSE|URC|KHG|
KHG|CLE,|CLE|YYZ|FRA|TSE|URC|KHG|
KHG|CLT,|CLT|EWR|FRA|TSE|URC|KHG|
KHG|CMH,|CMH|YYZ|FRA|TSE|URC|KHG|
KHG|CVG,|CVG|YYZ|FRA|TSE|URC|KHG|
KHG|DFW,|DFW|YVR|PEK|URC|KHG|
KHG|DTW,|DTW|FRA|TSE|URC|KHG|
KHG|DUB,|DUB|IST|URC|KHG|
KHG|FCO,|FCO|IST|URC|KHG|
KHG|GCM,|GCM|EWR|FRA|TSE|URC|KHG|
KHG|GGT,|GGT|FLL|MCO|FRA|TSE|URC|KHG|
KHG|GND,|GND|YYZ|FRA|TSE|URC|KHG|
KHG|GRU,|GRU|IST|URC|KHG|
KHG|HAV,|HAV|YYZ|FRA|TSE|URC|KHG|
KHG|IND,|IND|YYZ|FRA|TSE|URC|KHG|
KHG|JFK,|JFK|FRA|TSE|URC|KHG|
KHG|KIN,|KIN|YYZ|FRA|TSE|URC|KHG|
KHG|LIM,|LIM|MIA|FRA|TSE|URC|KHG|
KHG|LIR,|LIR|EWR|FRA|TSE|URC|KHG|
KHG|MCI,|MCI|ORD|FRA|TSE|URC|KHG|
KHG|MDT,|MDT|IAD|FRA|TSE|URC|KHG|
KHG|MIA,|MIA|FRA|TSE|URC|KHG|
KHG|MKE,|MKE|YYZ|FRA|TSE|URC|KHG|
KHG|MSP,|MSP|YUL|FRA|TSE|URC|KHG|
KHG|NAS,|NAS|EWR|FRA|TSE|URC|KHG|
KHG|PHL,|PHL|IAD|FRA|TSE|URC|KHG|
KHG|PHX,|PHX|SEA|PEK|URC|KHG|
KHG|PIT,|PIT|YYZ|FRA|TSE|URC|KHG|
KHG|PLS,|PLS|EWR|FRA|TSE|URC|KHG|
KHG|POP,|POP|EWR|FRA|TSE|URC|KHG|
KHG|RDU,|RDU|EWR|FRA|TSE|URC|KHG|
KHG|ROC,|ROC|YYZ|FRA|TSE|URC|KHG|
KHG|RSW,|RSW|MCO|FRA|TSE|URC|KHG|
KHG|SAN,|SAN|LAX|PEK|URC|KHG|
KHG|SJO,|SJO|EWR|FRA|TSE|URC|KHG|
KHG|STL,|STL|DTW|FRA|TSE|URC|KHG|
KHG|SYR,|SYR|EWR|FRA|TSE|URC|KHG|
KHG|TLV,|TLV|SAW|TBS|URC|KHG|
KHG|TPA,|TPA|EWR|FRA|TSE|URC|KHG|
KHG|UVF,|UVF|EWR|FRA|TSE|URC|KHG|
KHG|VIE,|VIE|IST|URC|KHG|
KHG|YAM,|YAM|YYZ|FRA|TSE|URC|KHG|
KHG|YGK,|YGK|YYZ|FRA|TSE|URC|KHG|
KHG|YQG,|YQG|YYZ|FRA|TSE|URC|KHG|
KHG|YSB,|YSB|YYZ|FRA|TSE|URC|KHG|
KHG|YTS,|YTS|YYZ|FRA|TSE|URC|KHG|
KHG|YYB,|YYB|YYZ|FRA|TSE|URC|KHG|
KHG|YZR,|YZR|YYZ|FRA|TSE|URC|KHG|
KHG|CAN,|CAN|URC|KHG|
KHG|URC,|URC|KHG|
KHG|CTU,|CTU|URC|KHG|
KHG|HGH,|HGH|URC|KHG|
KHG|XMN,|XMN|CSX|URC|KHG|
KHG|CGO,|CGO|URC|KHG|
KHG|CSX,|CSX|URC|KHG|
KHG|SHE,|SHE|HET|URC|KHG|
KHG|SJW,|SJW|URC|KHG|
KHG|WUH,|WUH|URC|KHG|
KHG|SZX,|SZX|CKG|URC|KHG|
KHG|CKG,|CKG|URC|KHG|
KHG|KMG,|KMG|CTU|URC|KHG|
KHG|FOC,|FOC|XIY|URC|KHG|
KHG|NNG,|NNG|KWE|URC|KHG|
KHG|SWA,|SWA|CSX|URC|KHG|
KHG|ACX,|ACX|CAN|URC|KHG|
KHG|AQG,|AQG|CAN|URC|KHG|
KHG|AVA,|AVA|CAN|URC|KHG|
KHG|BFJ,|BFJ|CAN|URC|KHG|
KHG|BHY,|BHY|CKG|URC|KHG|
KHG|BNE,|BNE|CAN|URC|KHG|
KHG|CGD,|CGD|PEK|URC|KHG|
KHG|CGK,|CGK|CAN|URC|KHG|
KHG|CGQ,|CGQ|HET|URC|KHG|
KHG|CIH,|CIH|DAT|TYN|URC|KHG|
KHG|CNX,|CNX|CAN|URC|KHG|
KHG|CZX,|CZX|TYN|URC|KHG|
KHG|DAC,|DAC|CAN|URC|KHG|
KHG|DAD,|DAD|CAN|URC|KHG|
KHG|DEL,|DEL|CAN|URC|KHG|
KHG|DIG,|DIG|KMG|CTU|URC|KHG|
KHG|DLC,|DLC|PEK|URC|KHG|
KHG|DPS,|DPS|CAN|URC|KHG|
KHG|DXB,|DXB|IST|URC|KHG|
KHG|DYG,|DYG|CSX|URC|KHG|
KHG|FUG,|FUG|CAN|URC|KHG|
KHG|FUK,|FUK|ICN|PEK|URC|KHG|
KHG|HAK,|HAK|CTU|URC|KHG|
KHG|HAN,|HAN|CAN|URC|KHG|
KHG|HDG,|HDG|CAN|URC|KHG|
KHG|HET,|HET|URC|KHG|
KHG|HFE,|HFE|XIY|URC|KHG|
KHG|HJJ,|HJJ|CSX|URC|KHG|
KHG|HKT,|HKT|KWE|URC|KHG|
KHG|HRB,|HRB|PEK|URC|KHG|
KHG|HZH,|HZH|CAN|URC|KHG|
KHG|JIU,|JIU|CAN|URC|KHG|
KHG|JJN,|JJN|CSX|URC|KHG|
KHG|JNG,|JNG|CAN|URC|KHG|
KHG|KHN,|KHN|XIY|URC|KHG|
KHG|KIX,|KIX|DLC|PEK|URC|KHG|
KHG|KOW,|KOW|CAN|URC|KHG|
KHG|KTM,|KTM|CAN|URC|KHG|
KHG|KUL,|KUL|BKK|NNG|KWE|URC|KHG|
KHG|KWE,|KWE|URC|KHG|
KHG|KWL,|KWL|CKG|URC|KHG|
KHG|LHW,|LHW|URC|KHG|
KHG|LYA,|LYA|KHN|XIY|URC|KHG|
KHG|LYG,|LYG|XUZ|INC|URC|KHG|
KHG|LZH,|LZH|CAN|URC|KHG|
KHG|MEL,|MEL|CAN|URC|KHG|
KHG|MIG,|MIG|CSX|URC|KHG|
KHG|MLE,|MLE|CAN|URC|KHG|
KHG|MNL,|MNL|CAN|URC|KHG|
KHG|MXZ,|MXZ|CAN|URC|KHG|
KHG|NAO,|NAO|PEK|URC|KHG|
KHG|NGB,|NGB|WUH|URC|KHG|
KHG|NKG,|NKG|URC|KHG|
KHG|NNY,|NNY|CGO|URC|KHG|
KHG|PEN,|PEN|CAN|URC|KHG|
KHG|PER,|PER|CAN|URC|KHG|
KHG|PNH,|PNH|CAN|URC|KHG|
KHG|REP,|REP|CAN|URC|KHG|
KHG|RGN,|RGN|CAN|URC|KHG|
KHG|SGN,|SGN|CAN|URC|KHG|
KHG|SHA,|SHA|URC|KHG|
KHG|SIN,|SIN|CAN|URC|KHG|
KHG|SVO,|SVO|URC|KHG|
KHG|SYX,|SYX|CKG|URC|KHG|
KHG|TAO,|TAO|TYN|URC|KHG|
KHG|TEN,|TEN|CAN|URC|KHG|
KHG|TNA,|TNA|URC|KHG|
KHG|TPE,|TPE|URC|KHG|
KHG|TSN,|TSN|HET|URC|KHG|
KHG|TXN,|TXN|TYN|URC|KHG|
KHG|TYN,|TYN|URC|KHG|
KHG|WNZ,|WNZ|XIY|URC|KHG|
KHG|WUX,|WUX|CAN|URC|KHG|
KHG|XFN,|XFN|CAN|URC|KHG|
KHG|XIY,|XIY|URC|KHG|
KHG|XUZ,|XUZ|INC|URC|KHG|
KHG|YIH,|YIH|CKG|URC|KHG|
KHG|YIW,|YIW|URC|KHG|
KHG|YNT,|YNT|SHE|HET|URC|KHG|
KHG|YNZ,|YNZ|WUH|URC|KHG|
KHG|YTY,|YTY|CGO|URC|KHG|
KHG|ZHA,|ZHA|CAN|URC|KHG|
KHG|ZYI,|ZYI|CAN|URC|KHG|
KHG|BAV,|BAV|URC|KHG|
KHG|CJU,|CJU|DLC|PEK|URC|KHG|
KHG|DSN,|DSN|CGO|URC|KHG|
KHG|HMI,|HMI|URC|KHG|
KHG|INC,|INC|URC|KHG|
KHG|KHH,|KHH|WUH|URC|KHG|
KHG|UYN,|UYN|XIY|URC|KHG|
KHG|XNN,|XNN|URC|KHG|
KHG|ZUH,|ZUH|KWE|URC|KHG|
KHG|YNJ,|YNJ|CGQ|HET|URC|KHG|
KHG|DAT,|DAT|TYN|URC|KHG|
KHG|JHG,|JHG|KMG|CTU|URC|KHG|
KHG|LJG,|LJG|KMG|CTU|URC|KHG|
KHG|LXA,|LXA|CKG|URC|KHG|
KHG|YCU,|YCU|CKG|URC|KHG|
KHG|LZO,|LZO|CSX|URC|KHG|
KHG|MDG,|MDG|DLC|PEK|URC|KHG|
KHG|NGO,|NGO|DLC|PEK|URC|KHG|
KHG|TOY,|TOY|DLC|PEK|URC|KHG|
KHG|MFM,|MFM|XMN|CSX|URC|KHG|
KHG|TGO,|TGO|HET|URC|KHG|
KHG|XIL,|XIL|HET|URC|KHG|
KHG|HEK,|HEK|HRB|PEK|URC|KHG|
KHG|KIJ,|KIJ|HRB|PEK|URC|KHG|
KHG|LDS,|LDS|HRB|PEK|URC|KHG|
KHG|OHE,|OHE|HRB|PEK|URC|KHG|
KHG|HSN,|HSN|LYG|XUZ|INC|URC|KHG|
KHG|DLU,|DLU|KMG|CTU|URC|KHG|
KHG|SYM,|SYM|KMG|CTU|URC|KHG|
KHG|ZAT,|ZAT|KMG|CTU|URC|KHG|
KHG|LUN,|LUN|NBO|IST|URC|KHG|
KHG|AOG,|AOG|PEK|URC|KHG|
KHG|GMP,|GMP|PEK|URC|KHG|
KHG|ISB,|ISB|URC|KHG|
KHG|TAS,|TAS|URC|KHG|
KHG|WUS,|WUS|PEK|URC|KHG|
KHG|JMU,|JMU|PVG|URC|KHG|
KHG|NDG,|NDG|PVG|URC|KHG|
KHG|JXA,|JXA|SHE|HET|URC|KHG|
KHG|PUS,|PUS|SHE|HET|URC|KHG|
KHG|BKI,|BKI|SZX|CKG|URC|KHG|
KHG|AKU,|AKU|URC|KHG|
KHG|ALA,|ALA|URC|KHG|
KHG|ASB,|ASB|URC|KHG|
KHG|DNH,|DNH|URC|KHG|
KHG|DYU,|DYU|URC|KHG|
KHG|FRU,|FRU|URC|KHG|
KHG|GYD,|GYD|URC|KHG|
KHG|HTN,|HTN|URC|KHG|
KHG|IKA,|IKA|URC|KHG|
KHG|KCA,|KCA|URC|KHG|
KHG|KRL,|KRL|URC|KHG|
KHG|KRY,|KRY|URC|KHG|
KHG|LBD,|LBD|URC|KHG|
KHG|NLT,|NLT|URC|KHG|
KHG|OSS,|OSS|URC|KHG|
KHG|OVB,|OVB|URC|KHG|
KHG|TBS,|TBS|URC|KHG|
KHG|TCG,|TCG|URC|KHG|
KHG|TSE,|TSE|URC|KHG|
KHG|YIN,|YIN|URC|KHG|
KHG|ENH,|ENH|WUH|URC|KHG|
KHG|ENY,|ENY|XIY|URC|KHG|
KHG|WXN,|WXN|XIY|URC|KHG|
KHG|BLL,|BLL|IST|URC|KHG|
KHG|ESB,|ESB|SAW|TBS|URC|KHG|
KHG|SAW,|SAW|TBS|URC|KHG|
KHG|HAM,|HAM|IST|URC|KHG|
KHG|HRE,|HRE|ADD|IST|URC|KHG|
KHG|JUB,|JUB|CAI|IST|URC|KHG|
KHG|SSG,|SSG|DLA|IST|URC|KHG|
KHG|BGW,|BGW|ESB|SAW|TBS|URC|KHG|
KHG|EBL,|EBL|IST|URC|KHG|
KHG|VKO,|VKO|IST|URC|KHG|
KHG|MCT,|MCT|IST|URC|KHG|
KHG|AYT,|AYT|IST|URC|KHG|
KHG|SCQ,|SCQ|BIO|IST|URC|KHG|
KHG|AAL,|AAL|IST|URC|KHG|
KHG|AOE,|AOE|BRU|IST|URC|KHG|
KHG|JNB,|JNB|IST|URC|KHG|
KHG|LBV,|LBV|DLA|IST|URC|KHG|
KHG|ADA,|ADA|SAW|TBS|URC|KHG|
KHG|ADB,|ADB|IST|URC|KHG|
KHG|ADF,|ADF|ESB|SAW|TBS|URC|KHG|
KHG|AJI,|AJI|ESB|SAW|TBS|URC|KHG|
KHG|BAL,|BAL|ESB|SAW|TBS|URC|KHG|
KHG|BJV,|BJV|IST|URC|KHG|
KHG|CKZ,|CKZ|ESB|SAW|TBS|URC|KHG|
KHG|DIY,|DIY|SAW|TBS|URC|KHG|
KHG|ECN,|ECN|SAW|TBS|URC|KHG|
KHG|ERC,|ERC|ESB|SAW|TBS|URC|KHG|
KHG|ERZ,|ERZ|SAW|TBS|URC|KHG|
KHG|EZS,|EZS|SAW|TBS|URC|KHG|
KHG|GNY,|GNY|ESB|SAW|TBS|URC|KHG|
KHG|GZP,|GZP|ESB|SAW|TBS|URC|KHG|
KHG|GZT,|GZT|SAW|TBS|URC|KHG|
KHG|HTY,|HTY|SAW|TBS|URC|KHG|
KHG|KCM,|KCM|ESB|SAW|TBS|URC|KHG|
KHG|KSY,|KSY|SAW|TBS|URC|KHG|
KHG|MLX,|MLX|ESB|SAW|TBS|URC|KHG|
KHG|MQM,|MQM|SAW|TBS|URC|KHG|
KHG|MSR,|MSR|ESB|SAW|TBS|URC|KHG|
KHG|TEQ,|TEQ|ESB|SAW|TBS|URC|KHG|
KHG|TZX,|TZX|SAW|TBS|URC|KHG|
KHG|VAN,|VAN|SAW|TBS|URC|KHG|
KHG|ULN,|ULN|FRU|URC|KHG|
KHG|HIJ,|HIJ|ICN|PEK|URC|KHG|
KHG|VVO,|VVO|ICN|PEK|URC|KHG|
KHG|ACC,|ACC|IST|URC|KHG|
KHG|AER,|AER|IST|URC|KHG|
KHG|AGP,|AGP|IST|URC|KHG|
KHG|ALG,|ALG|IST|URC|KHG|
KHG|AMM,|AMM|IST|URC|KHG|
KHG|AQJ,|AQJ|IST|URC|KHG|
KHG|ARN,|ARN|IST|URC|KHG|
KHG|ASR,|ASR|SAW|TBS|URC|KHG|
KHG|ATH,|ATH|IST|URC|KHG|
KHG|BAH,|BAH|KWI|SAW|TBS|URC|KHG|
KHG|BEG,|BEG|IST|URC|KHG|
KHG|BEN,|BEN|IST|URC|KHG|
KHG|BEY,|BEY|IST|URC|KHG|
KHG|BHX,|BHX|IST|URC|KHG|
KHG|BIO,|BIO|IST|URC|KHG|
KHG|BLQ,|BLQ|IST|URC|KHG|
KHG|BOM,|BOM|IST|URC|KHG|
KHG|BRE,|BRE|IST|URC|KHG|
KHG|BSL,|BSL|IST|URC|KHG|
KHG|BSR,|BSR|IST|URC|KHG|
KHG|BUD,|BUD|IST|URC|KHG|
KHG|BUS,|BUS|IST|URC|KHG|
KHG|CAI,|CAI|IST|URC|KHG|
KHG|CGN,|CGN|IST|URC|KHG|
KHG|CMN,|CMN|IST|URC|KHG|
KHG|CND,|CND|IST|URC|KHG|
KHG|DAR,|DAR|IST|URC|KHG|
KHG|DLM,|DLM|IST|URC|KHG|
KHG|DMM,|DMM|IST|URC|KHG|
KHG|DNK,|DNK|IST|URC|KHG|
KHG|DNZ,|DNZ|IST|URC|KHG|
KHG|DOK,|DOK|IST|URC|KHG|
KHG|DUS,|DUS|IST|URC|KHG|
KHG|EDI,|EDI|IST|URC|KHG|
KHG|ELQ,|ELQ|IST|URC|KHG|
KHG|FDH,|FDH|IST|URC|KHG|
KHG|GOA,|GOA|IST|URC|KHG|
KHG|GOT,|GOT|IST|URC|KHG|
KHG|HAJ,|HAJ|IST|URC|KHG|
KHG|HBE,|HBE|IST|URC|KHG|
KHG|HEL,|HEL|IST|URC|KHG|
KHG|HRG,|HRG|IST|URC|KHG|
KHG|IFN,|IFN|IST|URC|KHG|
KHG|ISE,|ISE|IST|URC|KHG|
KHG|ISU,|ISU|IST|URC|KHG|
KHG|JIB,|JIB|IST|URC|KHG|
KHG|JRO,|JRO|IST|URC|KHG|
KHG|KAN,|KAN|IST|URC|KHG|
KHG|KBL,|KBL|IST|URC|KHG|
KHG|KBP,|KBP|IST|URC|KHG|
KHG|KFS,|KFS|IST|URC|KHG|
KHG|KHI,|KHI|IST|URC|KHG|
KHG|KIV,|KIV|IST|URC|KHG|
KHG|KRT,|KRT|IST|URC|KHG|
KHG|KSH,|KSH|IST|URC|KHG|
KHG|KVD,|KVD|IST|URC|KHG|
KHG|KWI,|KWI|SAW|TBS|URC|KHG|
KHG|KYA,|KYA|SAW|TBS|URC|KHG|
KHG|KZN,|KZN|IST|URC|KHG|
KHG|KZR,|KZR|IST|URC|KHG|
KHG|LED,|LED|IST|URC|KHG|
KHG|LEJ,|LEJ|IST|URC|KHG|
KHG|LGW,|LGW|IST|URC|KHG|
KHG|LHE,|LHE|IST|URC|KHG|
KHG|LIS,|LIS|IST|URC|KHG|
KHG|LJU,|LJU|IST|URC|KHG|
KHG|LOS,|LOS|IST|URC|KHG|
KHG|LUX,|LUX|IST|URC|KHG|
KHG|LWO,|LWO|IST|URC|KHG|
KHG|LYS,|LYS|IST|URC|KHG|
KHG|MAD,|MAD|IST|URC|KHG|
KHG|MAN,|MAN|IST|URC|KHG|
KHG|MED,|MED|IST|URC|KHG|
KHG|MHD,|MHD|IST|URC|KHG|
KHG|MLA,|MLA|IST|URC|KHG|
KHG|MRS,|MRS|IST|URC|KHG|
KHG|MSQ,|MSQ|IST|URC|KHG|
KHG|MXP,|MXP|IST|URC|KHG|
KHG|MZH,|MZH|IST|URC|KHG|
KHG|MZR,|MZR|IST|URC|KHG|
KHG|NAJ,|NAJ|IST|URC|KHG|
KHG|NAV,|NAV|IST|URC|KHG|
KHG|NCE,|NCE|IST|URC|KHG|
KHG|NIM,|NIM|IST|URC|KHG|
KHG|NJF,|NJF|IST|URC|KHG|
KHG|NSI,|NSI|IST|URC|KHG|
KHG|NUE,|NUE|IST|URC|KHG|
KHG|ODS,|ODS|IST|URC|KHG|
KHG|ORN,|ORN|IST|URC|KHG|
KHG|OTP,|OTP|IST|URC|KHG|
KHG|PRG,|PRG|IST|URC|KHG|
KHG|PRN,|PRN|IST|URC|KHG|
KHG|RIX,|RIX|IST|URC|KHG|
KHG|ROV,|ROV|IST|URC|KHG|
KHG|RTM,|RTM|IST|URC|KHG|
KHG|RUH,|RUH|IST|URC|KHG|
KHG|SAH,|SAH|IST|URC|KHG|
KHG|SJJ,|SJJ|IST|URC|KHG|
KHG|SKG,|SKG|IST|URC|KHG|
KHG|SKP,|SKP|IST|URC|KHG|
KHG|SSH,|SSH|IST|URC|KHG|
KHG|STR,|STR|IST|URC|KHG|
KHG|SVX,|SVX|IST|URC|KHG|
KHG|SYZ,|SYZ|IST|URC|KHG|
KHG|SZG,|SZG|IST|URC|KHG|
KHG|TBZ,|TBZ|IST|URC|KHG|
KHG|TGD,|TGD|IST|URC|KHG|
KHG|TIA,|TIA|IST|URC|KHG|
KHG|TIF,|TIF|IST|URC|KHG|
KHG|TIP,|TIP|IST|URC|KHG|
KHG|TLL,|TLL|IST|URC|KHG|
KHG|TLS,|TLS|IST|URC|KHG|
KHG|TRN,|TRN|IST|URC|KHG|
KHG|TUN,|TUN|IST|URC|KHG|
KHG|TXL,|TXL|IST|URC|KHG|
KHG|UFA,|UFA|IST|URC|KHG|
KHG|VAS,|VAS|SAW|TBS|URC|KHG|
KHG|VCE,|VCE|IST|URC|KHG|
KHG|YNB,|YNB|IST|URC|KHG|
KHG|ZAG,|ZAG|IST|URC|KHG|
KHG|MGQ,|MGQ|JIB|IST|URC|KHG|
KHG|CPT,|CPT|JNB|IST|URC|KHG|
KHG|MBA,|MBA|JRO|IST|URC|KHG|
KHG|NDJ,|NDJ|KAN|IST|URC|KHG|
KHG|CMB,|CMB|MLE|CAN|URC|KHG|
KHG|ADE,|ADE|SAH|IST|URC|KHG|
KHG|ASF,|ASF|SAW|TBS|URC|KHG|
KHG|STW,|STW|SAW|TBS|URC|KHG|
KHG|LFW,|LFW|ABJ|OUA|NIM|IST|URC|KHG|
KHG|CEC,|CEC|SFO|PEK|URC|KHG|
KHG|SMF,|SMF|SFO|PEK|URC|KHG|
KHG|CDR,|CDR|AIA|DEN|YVR|PEK|URC|KHG|
KHG|FMN,|FMN|DEN|YVR|PEK|URC|KHG|
KHG|JST,|JST|IAD|FRA|TSE|URC|KHG|
KHG|JHW,|JHW|CLE|YYZ|FRA|TSE|URC|KHG|
KHG|SHD,|SHD|IAD|FRA|TSE|URC|KHG|
KHG|PTY,|PTY|MIA|FRA|TSE|URC|KHG|
KHG|FNA,|FNA|BRU|IST|URC|KHG|
KHG|SXB,|SXB|BRU|IST|URC|KHG|
KHG|ACV,|ACV|SFO|PEK|URC|KHG|
KHG|MGW,|MGW|IAD|FRA|TSE|URC|KHG|
KHG|ALB,|ALB|EWR|FRA|TSE|URC|KHG|
KHG|AUS,|AUS|DEN|YVR|PEK|URC|KHG|
KHG|BFD,|BFD|CLE|YYZ|FRA|TSE|URC|KHG|
KHG|BUF,|BUF|EWR|FRA|TSE|URC|KHG|
KHG|CHS,|CHS|EWR|FRA|TSE|URC|KHG|
KHG|DAY,|DAY|CLE|YYZ|FRA|TSE|URC|KHG|
KHG|DUJ,|DUJ|CLE|YYZ|FRA|TSE|URC|KHG|
KHG|ERI,|ERI|CLE|YYZ|FRA|TSE|URC|KHG|
KHG|FKL,|FKL|CLE|YYZ|FRA|TSE|URC|KHG|
KHG|FNT,|FNT|CLE|YYZ|FRA|TSE|URC|KHG|
KHG|GRR,|GRR|CLE|YYZ|FRA|TSE|URC|KHG|
KHG|GSP,|GSP|EWR|FRA|TSE|URC|KHG|
KHG|PBI,|PBI|EWR|FRA|TSE|URC|KHG|
KHG|PKB,|PKB|CLE|YYZ|FRA|TSE|URC|KHG|
KHG|RIC,|RIC|EWR|FRA|TSE|URC|KHG|
KHG|SDF,|SDF|CLE|YYZ|FRA|TSE|URC|KHG|
KHG|GUM,|GUM|FUK|ICN|PEK|URC|KHG|
KHG|WRL,|WRL|CYS|DEN|YVR|PEK|URC|KHG|
KHG|LBL,|KHG|
KHG|ABQ,|ABQ|SEA|PEK|URC|KHG|
KHG|AIA,|AIA|DEN|YVR|PEK|URC|KHG|
KHG|ALS,|ALS|DEN|YVR|PEK|URC|KHG|
KHG|AMA,|AMA|DEN|YVR|PEK|URC|KHG|
KHG|ANC,|ANC|SEA|PEK|URC|KHG|
KHG|ASE,|ASE|DEN|YVR|PEK|URC|KHG|
KHG|BFL,|BFL|SFO|PEK|URC|KHG|
KHG|BHM,|BHM|BWI|EWR|FRA|TSE|URC|KHG|
KHG|BIL,|BIL|DEN|YVR|PEK|URC|KHG|
KHG|BIS,|BIS|DEN|YVR|PEK|URC|KHG|
KHG|BOI,|BOI|SFO|PEK|URC|KHG|
KHG|BUR,|BUR|SFO|PEK|URC|KHG|
KHG|BZN,|BZN|DEN|YVR|PEK|URC|KHG|
KHG|CID,|CID|ORD|FRA|TSE|URC|KHG|
KHG|COD,|COD|DEN|YVR|PEK|URC|KHG|
KHG|COS,|COS|DEN|YVR|PEK|URC|KHG|
KHG|CPR,|CPR|DEN|YVR|PEK|URC|KHG|
KHG|CYS,|CYS|DEN|YVR|PEK|URC|KHG|
KHG|DIK,|DIK|DEN|YVR|PEK|URC|KHG|
KHG|DRO,|DRO|DEN|YVR|PEK|URC|KHG|
KHG|DSM,|DSM|ORD|FRA|TSE|URC|KHG|
KHG|EGE,|EGE|DEN|YVR|PEK|URC|KHG|
KHG|ELP,|ELP|LAS|SEA|PEK|URC|KHG|
KHG|EUG,|EUG|PDX|SEA|PEK|URC|KHG|
KHG|FAR,|FAR|ORD|FRA|TSE|URC|KHG|
KHG|FAT,|FAT|SFO|PEK|URC|KHG|
KHG|FCA,|FCA|DEN|YVR|PEK|URC|KHG|
KHG|FSD,|FSD|ORD|FRA|TSE|URC|KHG|
KHG|GCC,|GCC|DEN|YVR|PEK|URC|KHG|
KHG|GEG,|GEG|BOI|SFO|PEK|URC|KHG|
KHG|GJT,|GJT|DEN|YVR|PEK|URC|KHG|
KHG|GTF,|GTF|DEN|YVR|PEK|URC|KHG|
KHG|GUC,|GUC|DEN|YVR|PEK|URC|KHG|
KHG|HDN,|HDN|DEN|YVR|PEK|URC|KHG|
KHG|HLN,|HLN|DEN|YVR|PEK|URC|KHG|
KHG|HSV,|HSV|IAD|FRA|TSE|URC|KHG|
KHG|ICT,|ICT|DEN|YVR|PEK|URC|KHG|
KHG|IDA,|IDA|DEN|YVR|PEK|URC|KHG|
KHG|ISN,|ISN|DEN|YVR|PEK|URC|KHG|
KHG|JAC,|JAC|DEN|YVR|PEK|URC|KHG|
KHG|KOA,|KOA|YVR|PEK|URC|KHG|
KHG|LAR,|LAR|DEN|YVR|PEK|URC|KHG|
KHG|LBB,|LBB|DEN|YVR|PEK|URC|KHG|
KHG|LIH,|LIH|HNL|PEK|URC|KHG|
KHG|LIT,|LIT|ORD|FRA|TSE|URC|KHG|
KHG|LNK,|LNK|DEN|YVR|PEK|URC|KHG|
KHG|MAF,|MAF|DEN|YVR|PEK|URC|KHG|
KHG|MEM,|MEM|EWR|FRA|TSE|URC|KHG|
KHG|MFR,|MFR|SFO|PEK|URC|KHG|
KHG|MLI,|MLI|ORD|FRA|TSE|URC|KHG|
KHG|MOT,|MOT|DEN|YVR|PEK|URC|KHG|
KHG|MRY,|MRY|SFO|PEK|URC|KHG|
KHG|MSN,|MSN|ORD|FRA|TSE|URC|KHG|
KHG|MSO,|MSO|DEN|YVR|PEK|URC|KHG|
KHG|MTJ,|MTJ|DEN|YVR|PEK|URC|KHG|
KHG|OKC,|OKC|DEN|YVR|PEK|URC|KHG|
KHG|OMA,|OMA|ORD|FRA|TSE|URC|KHG|
KHG|ONT,|ONT|SFO|PEK|URC|KHG|
KHG|PIA,|PIA|ORD|FRA|TSE|URC|KHG|
KHG|PIR,|PIR|DEN|YVR|PEK|URC|KHG|
KHG|PSC,|PSC|SFO|PEK|URC|KHG|
KHG|PSP,|PSP|SFO|PEK|URC|KHG|
KHG|PUB,|PUB|DEN|YVR|PEK|URC|KHG|
KHG|RAP,|RAP|DEN|YVR|PEK|URC|KHG|
KHG|RDM,|RDM|PDX|SEA|PEK|URC|KHG|
KHG|RKS,|RKS|DEN|YVR|PEK|URC|KHG|
KHG|RNO,|RNO|SEA|PEK|URC|KHG|
KHG|SAF,|SAF|DEN|YVR|PEK|URC|KHG|
KHG|SAT,|SAT|DEN|YVR|PEK|URC|KHG|
KHG|SBA,|SBA|SFO|PEK|URC|KHG|
KHG|SGF,|SGF|ORD|FRA|TSE|URC|KHG|
KHG|SGU,|SGU|DEN|YVR|PEK|URC|KHG|
KHG|SHV,|SHV|DEN|YVR|PEK|URC|KHG|
KHG|SJC,|SJC|SEA|PEK|URC|KHG|
KHG|SLC,|SLC|SEA|PEK|URC|KHG|
KHG|SNA,|SNA|SFO|PEK|URC|KHG|
KHG|TUL,|TUL|DEN|YVR|PEK|URC|KHG|
KHG|TUS,|TUS|LAS|SEA|PEK|URC|KHG|
KHG|TYS,|TYS|IAD|FRA|TSE|URC|KHG|
KHG|XNA,|XNA|ORD|FRA|TSE|URC|KHG|
KHG|SAL,|SAL|MIA|FRA|TSE|URC|KHG|
KHG|BJL,|BJL|DKR|BRU|IST|URC|KHG|
KHG|BFS,|BFS|EWR|FRA|TSE|URC|KHG|
KHG|BON,|BON|EWR|FRA|TSE|URC|KHG|
KHG|BQN,|BQN|EWR|FRA|TSE|URC|KHG|
KHG|BTV,|BTV|EWR|FRA|TSE|URC|KHG|
KHG|BZE,|BZE|EWR|FRA|TSE|URC|KHG|
KHG|GLA,|GLA|EWR|FRA|TSE|URC|KHG|
KHG|GSO,|GSO|EWR|FRA|TSE|URC|KHG|
KHG|ITH,|ITH|EWR|FRA|TSE|URC|KHG|
KHG|JAX,|JAX|EWR|FRA|TSE|URC|KHG|
KHG|MHT,|MHT|EWR|FRA|TSE|URC|KHG|
KHG|MYR,|MYR|EWR|FRA|TSE|URC|KHG|
KHG|ORF,|ORF|EWR|FRA|TSE|URC|KHG|
KHG|POS,|POS|EWR|FRA|TSE|URC|KHG|
KHG|PVD,|PVD|EWR|FRA|TSE|URC|KHG|
KHG|PWM,|PWM|EWR|FRA|TSE|URC|KHG|
KHG|SAP,|SAP|MIA|FRA|TSE|URC|KHG|
KHG|SAV,|SAV|EWR|FRA|TSE|URC|KHG|
KHG|SDQ,|SDQ|EWR|FRA|TSE|URC|KHG|
KHG|SJU,|SJU|EWR|FRA|TSE|URC|KHG|
KHG|SNN,|SNN|EWR|FRA|TSE|URC|KHG|
KHG|STT,|STT|EWR|FRA|TSE|URC|KHG|
KHG|SXM,|SXM|EWR|FRA|TSE|URC|KHG|
KHG|BIM,|BIM|FLL|MCO|FRA|TSE|URC|KHG|
KHG|ELH,|ELH|PBI|EWR|FRA|TSE|URC|KHG|
KHG|EYW,|EYW|MCO|FRA|TSE|URC|KHG|
KHG|FPO,|FPO|FLL|MCO|FRA|TSE|URC|KHG|
KHG|GHB,|GHB|FLL|MCO|FRA|TSE|URC|KHG|
KHG|MHH,|MHH|MCO|FRA|TSE|URC|KHG|
KHG|TCB,|TCB|FLL|MCO|FRA|TSE|URC|KHG|
KHG|SOW,|SOW|PHX|SEA|PEK|URC|KHG|
KHG|ROB,|ROB|FNA|BRU|IST|URC|KHG|
KHG|GIG,|GIG|GRU|IST|URC|KHG|
KHG|CNS,|CNS|GUM|FUK|ICN|PEK|URC|KHG|
KHG|CTS,|CTS|GUM|FUK|ICN|PEK|URC|KHG|
KHG|OKJ,|OKJ|GUM|FUK|ICN|PEK|URC|KHG|
KHG|ROP,|ROP|GUM|FUK|ICN|PEK|URC|KHG|
KHG|ROR,|ROR|MNL|CAN|URC|KHG|
KHG|SDJ,|SDJ|GUM|FUK|ICN|PEK|URC|KHG|
KHG|SPN,|SPN|GUM|FUK|ICN|PEK|URC|KHG|
KHG|TKK,|TKK|GUM|FUK|ICN|PEK|URC|KHG|
KHG|YAP,|YAP|ROR|MNL|CAN|URC|KHG|
KHG|MAJ,|MAJ|KWA|PNI|TKK|GUM|FUK|ICN|PEK|URC|KHG|
KHG|AOO,|AOO|IAD|FRA|TSE|URC|KHG|
KHG|BGM,|BGM|IAD|FRA|TSE|URC|KHG|
KHG|BKW,|BKW|IAD|FRA|TSE|URC|KHG|
KHG|CAE,|CAE|IAD|FRA|TSE|URC|KHG|
KHG|CHO,|CHO|IAD|FRA|TSE|URC|KHG|
KHG|CRW,|CRW|IAD|FRA|TSE|URC|KHG|
KHG|FAY,|FAY|IAD|FRA|TSE|URC|KHG|
KHG|LWB,|LWB|IAD|FRA|TSE|URC|KHG|
KHG|ROA,|ROA|IAD|FRA|TSE|URC|KHG|
KHG|SCE,|SCE|IAD|FRA|TSE|URC|KHG|
KHG|ACA,|ACA|IAH|PEK|URC|KHG|
KHG|ACY,|ACY|ORD|FRA|TSE|URC|KHG|
KHG|AEX,|AEX|IAH|PEK|URC|KHG|
KHG|AGU,|AGU|IAH|PEK|URC|KHG|
KHG|BJX,|BJX|LAX|PEK|URC|KHG|
KHG|BRO,|BRO|IAH|PEK|URC|KHG|
KHG|BTR,|BTR|IAH|PEK|URC|KHG|
KHG|CCS,|CCS|IAH|PEK|URC|KHG|
KHG|CLL,|CLL|IAH|PEK|URC|KHG|
KHG|CME,|CME|IAH|PEK|URC|KHG|
KHG|CRP,|CRP|IAH|PEK|URC|KHG|
KHG|CUU,|CUU|IAH|PEK|URC|KHG|
KHG|DAL,|DAL|OKC|DEN|YVR|PEK|URC|KHG|
KHG|DGO,|DGO|LAX|PEK|URC|KHG|
KHG|GDL,|GDL|SFO|PEK|URC|KHG|
KHG|GPT,|GPT|IAH|PEK|URC|KHG|
KHG|GRK,|GRK|IAH|PEK|URC|KHG|
KHG|HOB,|HOB|IAH|PEK|URC|KHG|
KHG|HRL,|HRL|SAT|DEN|YVR|PEK|URC|KHG|
KHG|HUX,|HUX|IAH|PEK|URC|KHG|
KHG|JAN,|JAN|ORD|FRA|TSE|URC|KHG|
KHG|LCH,|LCH|IAH|PEK|URC|KHG|
KHG|LEX,|LEX|ORD|FRA|TSE|URC|KHG|
KHG|LFT,|LFT|IAH|PEK|URC|KHG|
KHG|LRD,|LRD|IAH|PEK|URC|KHG|
KHG|MFE,|MFE|IAH|PEK|URC|KHG|
KHG|MGA,|MGA|IAH|PEK|URC|KHG|
KHG|MID,|MID|IAH|PEK|URC|KHG|
KHG|MLM,|MLM|IAH|PEK|URC|KHG|
KHG|MLU,|MLU|IAH|PEK|URC|KHG|
KHG|MOB,|MOB|ORD|FRA|TSE|URC|KHG|
KHG|MTY,|MTY|IAH|PEK|URC|KHG|
KHG|OAX,|OAX|IAH|PEK|URC|KHG|
KHG|PBC,|PBC|IAH|PEK|URC|KHG|
KHG|PNS,|PNS|BNA|YYZ|FRA|TSE|URC|KHG|
KHG|QRO,|QRO|IAH|PEK|URC|KHG|
KHG|RTB,|RTB|IAH|PEK|URC|KHG|
KHG|SLP,|SLP|IAH|PEK|URC|KHG|
KHG|SLW,|SLW|IAH|PEK|URC|KHG|
KHG|TAM,|TAM|IAH|PEK|URC|KHG|
KHG|TGU,|TGU|IAH|PEK|URC|KHG|
KHG|TRC,|TRC|IAH|PEK|URC|KHG|
KHG|TYR,|TYR|IAH|PEK|URC|KHG|
KHG|UIO,|UIO|IAH|PEK|URC|KHG|
KHG|VER,|VER|IAH|PEK|URC|KHG|
KHG|VPS,|VPS|IAH|PEK|URC|KHG|
KHG|VSA,|VSA|IAH|PEK|URC|KHG|
KHG|ZIH,|ZIH|IAH|PEK|URC|KHG|
KHG|ZLO,|ZLO|IAH|PEK|URC|KHG|
KHG|KWA,|KWA|PNI|TKK|GUM|FUK|ICN|PEK|URC|KHG|
KHG|PNI,|PNI|TKK|GUM|FUK|ICN|PEK|URC|KHG|
KHG|KSA,|KSA|PNI|TKK|GUM|FUK|ICN|PEK|URC|KHG|
KHG|CLD,|CLD|LAX|PEK|URC|KHG|
KHG|ITO,|ITO|LAX|PEK|URC|KHG|
KHG|SBP,|SBP|SFO|PEK|URC|KHG|
KHG|SMX,|SMX|LAX|PEK|URC|KHG|
KHG|YUM,|YUM|LAX|PEK|URC|KHG|
KHG|DDC,|KHG|
KHG|TMS,|TMS|LIS|IST|URC|KHG|
KHG|PHC,|PHC|LOS|IST|URC|KHG|
KHG|GNV,|GNV|MCO|FRA|TSE|URC|KHG|
KHG|TLH,|TLH|MCO|FRA|TSE|URC|KHG|
KHG|CKB,|CKB|MGW|IAD|FRA|TSE|URC|KHG|
KHG|BAQ,|BAQ|MIA|FRA|TSE|URC|KHG|
KHG|CLO,|CLO|MIA|FRA|TSE|URC|KHG|
KHG|CTG,|CTG|MIA|FRA|TSE|URC|KHG|
KHG|MDE,|MDE|MIA|FRA|TSE|URC|KHG|
KHG|ABE,|ABE|ORD|FRA|TSE|URC|KHG|
KHG|ATW,|ATW|ORD|FRA|TSE|URC|KHG|
KHG|AVL,|AVL|ORD|FRA|TSE|URC|KHG|
KHG|AVP,|AVP|ORD|FRA|TSE|URC|KHG|
KHG|CAK,|CAK|BOS|FRA|TSE|URC|KHG|
KHG|CMX,|CMX|ORD|FRA|TSE|URC|KHG|
KHG|CWA,|CWA|ORD|FRA|TSE|URC|KHG|
KHG|DLH,|DLH|ORD|FRA|TSE|URC|KHG|
KHG|EAU,|EAU|ORD|FRA|TSE|URC|KHG|
KHG|ELM,|ELM|ORD|FRA|TSE|URC|KHG|
KHG|FOE,|FOE|ORD|FRA|TSE|URC|KHG|
KHG|FWA,|FWA|ORD|FRA|TSE|URC|KHG|
KHG|GRB,|GRB|ORD|FRA|TSE|URC|KHG|
KHG|HPN,|HPN|ORD|FRA|TSE|URC|KHG|
KHG|LAN,|LAN|ORD|FRA|TSE|URC|KHG|
KHG|MBS,|MBS|ORD|FRA|TSE|URC|KHG|
KHG|MKG,|MKG|ORD|FRA|TSE|URC|KHG|
KHG|PAH,|PAH|ORD|FRA|TSE|URC|KHG|
KHG|SBN,|SBN|ORD|FRA|TSE|URC|KHG|
KHG|SPI,|SPI|ORD|FRA|TSE|URC|KHG|
KHG|SRQ,|SRQ|ORD|FRA|TSE|URC|KHG|
KHG|STC,|STC|ORD|FRA|TSE|URC|KHG|
KHG|TVC,|TVC|ORD|FRA|TSE|URC|KHG|
KHG|LMT,|LMT|PDX|SEA|PEK|URC|KHG|
KHG|HON,|HON|PIR|DEN|YVR|PEK|URC|KHG|
KHG|CIC,|CIC|SFO|PEK|URC|KHG|
KHG|MOD,|MOD|SFO|PEK|URC|KHG|
KHG|OTH,|OTH|SFO|PEK|URC|KHG|
KHG|RDD,|RDD|SFO|PEK|URC|KHG|
KHG|EIS,|EIS|SJU|EWR|FRA|TSE|URC|KHG|
KHG|DME,|DME|VIE|IST|URC|KHG|
KHG|EVN,|EVN|VIE|IST|URC|KHG|
KHG|HOU,|HOU|DEN|YVR|PEK|URC|KHG|
KHG|MDW,|MDW|DTW|FRA|TSE|URC|KHG|
KHG|OAK,|OAK|SEA|PEK|URC|KHG|
KHG|ECP,|ECP|BWI|EWR|FRA|TSE|URC|KHG|
KHG|ISP,|ISP|BWI|EWR|FRA|TSE|URC|KHG|
KHG|YHM,|YHM|YHZ|LHR|IST|URC|KHG|
KHG|YXX,|YXX|YYC|YVR|PEK|URC|KHG|
KHG|YBR,|YBR|YYC|YVR|PEK|URC|KHG|
KHG|YKF,|YKF|YYC|YVR|PEK|URC|KHG|
KHG|GDN,|KHG|
KHG|TRD,|KHG|
KHG|NKC,|KHG|
KHG|PGA,|KHG|
