LUX|BRU,|BRU|IST|LUX|
LUX|OUA,|OUA|NIM|IST|LUX|
LUX|JED,|JED|IST|LUX|
LUX|CPH,|CPH|IST|LUX|
LUX|YYZ,|YYZ|IST|LUX|
LUX|DEN,|DEN|FRA|IST|LUX|
LUX|YUL,|YUL|FRA|IST|LUX|
LUX|NBO,|NBO|IST|LUX|
LUX|ICN,|ICN|IST|LUX|
LUX|NRT,|NRT|IST|LUX|
LUX|YHZ,|YHZ|LHR|IST|LUX|
LUX|YOW,|YOW|FRA|IST|LUX|
LUX|BJM,|BJM|BRU|IST|LUX|
LUX|COO,|COO|BRU|IST|LUX|
LUX|DKR,|DKR|BRU|IST|LUX|
LUX|DLA,|DLA|IST|LUX|
LUX|KGL,|KGL|IST|LUX|
LUX|LAD,|LAD|BRU|IST|LUX|
LUX|ABJ,|ABJ|OUA|NIM|IST|LUX|
LUX|AMS,|AMS|IST|LUX|
LUX|OSL,|OSL|IST|LUX|
LUX|VNO,|VNO|IST|LUX|
LUX|WAW,|WAW|IST|LUX|
LUX|YYC,|YYC|FRA|IST|LUX|
LUX|ATL,|ATL|FRA|IST|LUX|
LUX|MSY,|MSY|IAD|IST|LUX|
LUX|YEG,|YEG|LHR|IST|LUX|
LUX|YMM,|YMM|YEG|LHR|IST|LUX|
LUX|YQR,|YQR|YEG|LHR|IST|LUX|
LUX|YVR,|YVR|MUC|IST|LUX|
LUX|YWG,|YWG|YUL|FRA|IST|LUX|
LUX|YXE,|YXE|YEG|LHR|IST|LUX|
LUX|CKY,|CKY|DKR|BRU|IST|LUX|
LUX|FIH,|FIH|IST|LUX|
LUX|SCL,|SCL|EZE|GRU|IST|LUX|
LUX|LCA,|LCA|FRA|IST|LUX|
LUX|NAP,|NAP|IST|LUX|
LUX|VLC,|VLC|IST|LUX|
LUX|BKK,|BKK|IST|LUX|
LUX|ADD,|ADD|IST|LUX|
LUX|FRA,|FRA|IST|LUX|
LUX|IST,|IST|LUX|
LUX|EBB,|EBB|KGL|IST|LUX|
LUX|YLW,|YLW|YYC|FRA|IST|LUX|
LUX|YYT,|YYT|LHR|IST|LUX|
LUX|GUA,|GUA|MIA|ZRH|IST|LUX|
LUX|EWR,|EWR|BHX|IST|LUX|
LUX|IAD,|IAD|IST|LUX|
LUX|IAH,|IAH|IST|LUX|
LUX|ORD,|ORD|IST|LUX|
LUX|SOF,|SOF|IST|LUX|
LUX|YQB,|YQB|YUL|FRA|IST|LUX|
LUX|YXU,|YXU|YYZ|IST|LUX|
LUX|EZE,|EZE|GRU|IST|LUX|
LUX|YYJ,|YYJ|YVR|MUC|IST|LUX|
LUX|YYY,|YYY|YUL|FRA|IST|LUX|
LUX|YQQ,|YQQ|YBL|YVR|MUC|IST|LUX|
LUX|YYR,|YYR|YYT|LHR|IST|LUX|
LUX|LHR,|LHR|IST|LUX|
LUX|SFO,|SFO|MUC|IST|LUX|
LUX|YQU,|YQU|YEG|LHR|IST|LUX|
LUX|YZF,|YZF|YEG|LHR|IST|LUX|
LUX|YGR,|YGR|YGP|YQB|YUL|FRA|IST|LUX|
LUX|YGP,|YGP|YQB|YUL|FRA|IST|LUX|
LUX|BOS,|BOS|FRA|IST|LUX|
LUX|YDF,|YDF|YYT|LHR|IST|LUX|
LUX|YFC,|YFC|YHZ|LHR|IST|LUX|
LUX|YQM,|YQM|YHZ|LHR|IST|LUX|
LUX|YQX,|YQX|YYT|LHR|IST|LUX|
LUX|YQY,|YQY|YHZ|LHR|IST|LUX|
LUX|YSJ,|YSJ|YHZ|LHR|IST|LUX|
LUX|YYG,|YYG|YHZ|LHR|IST|LUX|
LUX|LAX,|LAX|IST|LUX|
LUX|DCA,|DCA|EWR|BHX|IST|LUX|
LUX|LGA,|LGA|YHZ|LHR|IST|LUX|
LUX|YZV,|YZV|YWK|YYR|YYT|LHR|IST|LUX|
LUX|YWL,|YWL|YVR|MUC|IST|LUX|
LUX|AZS,|AZS|YUL|FRA|IST|LUX|
LUX|BDL,|BDL|YUL|FRA|IST|LUX|
LUX|CCC,|CCC|YUL|FRA|IST|LUX|
LUX|CDG,|CDG|IST|LUX|
LUX|CUN,|CUN|YHZ|LHR|IST|LUX|
LUX|CZM,|CZM|YUL|FRA|IST|LUX|
LUX|FDF,|FDF|YUL|FRA|IST|LUX|
LUX|FLL,|FLL|MCO|FRA|IST|LUX|
LUX|GVA,|GVA|IST|LUX|
LUX|HOG,|HOG|YUL|FRA|IST|LUX|
LUX|LAS,|LAS|DEN|FRA|IST|LUX|
LUX|MBJ,|MBJ|YHZ|LHR|IST|LUX|
LUX|MCO,|MCO|FRA|IST|LUX|
LUX|MUC,|MUC|IST|LUX|
LUX|PAP,|PAP|YUL|FRA|IST|LUX|
LUX|PTP,|PTP|YUL|FRA|IST|LUX|
LUX|PUJ,|PUJ|YHZ|LHR|IST|LUX|
LUX|SNU,|SNU|YUL|FRA|IST|LUX|
LUX|VRA,|VRA|YUL|FRA|IST|LUX|
LUX|YBC,|YBC|YUL|FRA|IST|LUX|
LUX|YBG,|YBG|YUL|FRA|IST|LUX|
LUX|YTZ,|YTZ|YUL|FRA|IST|LUX|
LUX|YUY,|YUY|YUL|FRA|IST|LUX|
LUX|YVO,|YVO|YUL|FRA|IST|LUX|
LUX|ZBF,|ZBF|YUL|FRA|IST|LUX|
LUX|ZRH,|ZRH|IST|LUX|
LUX|ZSA,|ZSA|YUL|FRA|IST|LUX|
LUX|AKL,|AKL|BKK|IST|LUX|
LUX|HKG,|HKG|IST|LUX|
LUX|HND,|HND|YVR|MUC|IST|LUX|
LUX|HNL,|HNL|YVR|MUC|IST|LUX|
LUX|MEX,|MEX|IAD|IST|LUX|
LUX|OGG,|OGG|YVR|MUC|IST|LUX|
LUX|PDX,|PDX|SEA|FRA|IST|LUX|
LUX|PEK,|PEK|IST|LUX|
LUX|PVG,|PVG|IST|LUX|
LUX|PVR,|PVR|ORD|IST|LUX|
LUX|SEA,|SEA|FRA|IST|LUX|
LUX|SYD,|SYD|BKK|IST|LUX|
LUX|YBL,|YBL|YVR|MUC|IST|LUX|
LUX|YCD,|YCD|YVR|MUC|IST|LUX|
LUX|YCG,|YCG|YYC|FRA|IST|LUX|
LUX|YKA,|YKA|YYC|FRA|IST|LUX|
LUX|YPR,|YPR|YVR|MUC|IST|LUX|
LUX|YQZ,|YQZ|YVR|MUC|IST|LUX|
LUX|YXC,|YXC|YYC|FRA|IST|LUX|
LUX|YXJ,|YXJ|YYC|FRA|IST|LUX|
LUX|YXS,|YXS|YYC|FRA|IST|LUX|
LUX|YXT,|YXT|YVR|MUC|IST|LUX|
LUX|YXY,|YXY|YVR|MUC|IST|LUX|
LUX|YYD,|YYD|YVR|MUC|IST|LUX|
LUX|YYF,|YYF|YVR|MUC|IST|LUX|
LUX|YZP,|YZP|YVR|MUC|IST|LUX|
LUX|YQT,|YQT|YYZ|IST|LUX|
LUX|SJD,|SJD|ORD|IST|LUX|
LUX|YQF,|YQF|YYC|FRA|IST|LUX|
LUX|YQL,|YQL|YYC|FRA|IST|LUX|
LUX|YXH,|YXH|YYC|FRA|IST|LUX|
LUX|YWK,|YWK|YYR|YYT|LHR|IST|LUX|
LUX|ANU,|ANU|EWR|BHX|IST|LUX|
LUX|AUA,|AUA|EWR|BHX|IST|LUX|
LUX|AUH,|AUH|IST|LUX|
LUX|BCN,|BCN|IST|LUX|
LUX|BDA,|BDA|EWR|BHX|IST|LUX|
LUX|BGI,|BGI|YYZ|IST|LUX|
LUX|BNA,|BNA|YYZ|IST|LUX|
LUX|BOG,|BOG|MIA|ZRH|IST|LUX|
LUX|BWI,|BWI|EWR|BHX|IST|LUX|
LUX|CLE,|CLE|YYZ|IST|LUX|
LUX|CLT,|CLT|EWR|BHX|IST|LUX|
LUX|CMH,|CMH|YYZ|IST|LUX|
LUX|CVG,|CVG|YYZ|IST|LUX|
LUX|DFW,|DFW|ORD|IST|LUX|
LUX|DTW,|DTW|FRA|IST|LUX|
LUX|DUB,|DUB|IST|LUX|
LUX|FCO,|FCO|IST|LUX|
LUX|GCM,|GCM|EWR|BHX|IST|LUX|
LUX|GGT,|GGT|FLL|MCO|FRA|IST|LUX|
LUX|GND,|GND|YYZ|IST|LUX|
LUX|GRU,|GRU|IST|LUX|
LUX|HAV,|HAV|YYZ|IST|LUX|
LUX|IND,|IND|YYZ|IST|LUX|
LUX|JFK,|JFK|IST|LUX|
LUX|KIN,|KIN|YYZ|IST|LUX|
LUX|LIM,|LIM|MIA|ZRH|IST|LUX|
LUX|LIR,|LIR|EWR|BHX|IST|LUX|
LUX|MCI,|MCI|ORD|IST|LUX|
LUX|MDT,|MDT|IAD|IST|LUX|
LUX|MIA,|MIA|ZRH|IST|LUX|
LUX|MKE,|MKE|YYZ|IST|LUX|
LUX|MSP,|MSP|YUL|FRA|IST|LUX|
LUX|NAS,|NAS|EWR|BHX|IST|LUX|
LUX|PHL,|PHL|IAD|IST|LUX|
LUX|PHX,|PHX|DEN|FRA|IST|LUX|
LUX|PIT,|PIT|YYZ|IST|LUX|
LUX|PLS,|PLS|EWR|BHX|IST|LUX|
LUX|POP,|POP|EWR|BHX|IST|LUX|
LUX|RDU,|RDU|EWR|BHX|IST|LUX|
LUX|ROC,|ROC|YYZ|IST|LUX|
LUX|RSW,|RSW|MCO|FRA|IST|LUX|
LUX|SAN,|SAN|LAX|IST|LUX|
LUX|SJO,|SJO|EWR|BHX|IST|LUX|
LUX|STL,|STL|ORD|IST|LUX|
LUX|SYR,|SYR|EWR|BHX|IST|LUX|
LUX|TLV,|TLV|IST|LUX|
LUX|TPA,|TPA|EWR|BHX|IST|LUX|
LUX|UVF,|UVF|EWR|BHX|IST|LUX|
LUX|VIE,|VIE|IST|LUX|
LUX|YAM,|YAM|YYZ|IST|LUX|
LUX|YGK,|YGK|YYZ|IST|LUX|
LUX|YQG,|YQG|YYZ|IST|LUX|
LUX|YSB,|YSB|YYZ|IST|LUX|
LUX|YTS,|YTS|YYZ|IST|LUX|
LUX|YYB,|YYB|YYZ|IST|LUX|
LUX|YZR,|YZR|YYZ|IST|LUX|
LUX|CAN,|CAN|IST|LUX|
LUX|URC,|URC|IST|LUX|
LUX|CTU,|CTU|URC|IST|LUX|
LUX|HGH,|HGH|URC|IST|LUX|
LUX|XMN,|XMN|CSX|URC|IST|LUX|
LUX|CGO,|CGO|URC|IST|LUX|
LUX|CSX,|CSX|URC|IST|LUX|
LUX|SHE,|SHE|PEK|IST|LUX|
LUX|SJW,|SJW|URC|IST|LUX|
LUX|WUH,|WUH|URC|IST|LUX|
LUX|SZX,|SZX|CKG|URC|IST|LUX|
LUX|CKG,|CKG|URC|IST|LUX|
LUX|KMG,|KMG|CTU|URC|IST|LUX|
LUX|FOC,|FOC|XIY|URC|IST|LUX|
LUX|NNG,|NNG|KWE|URC|IST|LUX|
LUX|SWA,|SWA|CAN|IST|LUX|
LUX|ACX,|ACX|CAN|IST|LUX|
LUX|AQG,|AQG|CAN|IST|LUX|
LUX|AVA,|AVA|CAN|IST|LUX|
LUX|BFJ,|BFJ|CAN|IST|LUX|
LUX|BHY,|BHY|CKG|URC|IST|LUX|
LUX|BNE,|BNE|BKK|IST|LUX|
LUX|CGD,|CGD|PEK|IST|LUX|
LUX|CGK,|CGK|SIN|IST|LUX|
LUX|CGQ,|CGQ|HET|URC|IST|LUX|
LUX|CIH,|CIH|PEK|IST|LUX|
LUX|CNX,|CNX|CAN|IST|LUX|
LUX|CZX,|CZX|TYN|URC|IST|LUX|
LUX|DAC,|DAC|IST|LUX|
LUX|DAD,|DAD|CAN|IST|LUX|
LUX|DEL,|DEL|IST|LUX|
LUX|DIG,|DIG|KMG|CTU|URC|IST|LUX|
LUX|DLC,|DLC|PEK|IST|LUX|
LUX|DPS,|DPS|CAN|IST|LUX|
LUX|DXB,|DXB|IST|LUX|
LUX|DYG,|DYG|CSX|URC|IST|LUX|
LUX|FUG,|FUG|CAN|IST|LUX|
LUX|FUK,|FUK|ICN|IST|LUX|
LUX|HAK,|HAK|CTU|URC|IST|LUX|
LUX|HAN,|HAN|CAN|IST|LUX|
LUX|HDG,|HDG|CAN|IST|LUX|
LUX|HET,|HET|URC|IST|LUX|
LUX|HFE,|HFE|XIY|URC|IST|LUX|
LUX|HJJ,|HJJ|CSX|URC|IST|LUX|
LUX|HKT,|HKT|KWE|URC|IST|LUX|
LUX|HRB,|HRB|PEK|IST|LUX|
LUX|HZH,|HZH|CAN|IST|LUX|
LUX|JIU,|JIU|CAN|IST|LUX|
LUX|JJN,|JJN|CSX|URC|IST|LUX|
LUX|JNG,|JNG|CAN|IST|LUX|
LUX|KHN,|KHN|XIY|URC|IST|LUX|
LUX|KIX,|KIX|IST|LUX|
LUX|KOW,|KOW|CAN|IST|LUX|
LUX|KTM,|KTM|IST|LUX|
LUX|KUL,|KUL|IST|LUX|
LUX|KWE,|KWE|URC|IST|LUX|
LUX|KWL,|KWL|CKG|URC|IST|LUX|
LUX|LHW,|LHW|URC|IST|LUX|
LUX|LYA,|LYA|KHN|XIY|URC|IST|LUX|
LUX|LYG,|LYG|XUZ|INC|URC|IST|LUX|
LUX|LZH,|LZH|CAN|IST|LUX|
LUX|MEL,|MEL|BKK|IST|LUX|
LUX|MIG,|MIG|CSX|URC|IST|LUX|
LUX|MLE,|MLE|IST|LUX|
LUX|MNL,|MNL|CAN|IST|LUX|
LUX|MXZ,|MXZ|CAN|IST|LUX|
LUX|NAO,|NAO|PEK|IST|LUX|
LUX|NGB,|NGB|WUH|URC|IST|LUX|
LUX|NKG,|NKG|URC|IST|LUX|
LUX|NNY,|NNY|CGO|URC|IST|LUX|
LUX|PEN,|PEN|CAN|IST|LUX|
LUX|PER,|PER|BKK|IST|LUX|
LUX|PNH,|PNH|CAN|IST|LUX|
LUX|REP,|REP|CAN|IST|LUX|
LUX|RGN,|RGN|CAN|IST|LUX|
LUX|SGN,|SGN|BKK|IST|LUX|
LUX|SHA,|SHA|URC|IST|LUX|
LUX|SIN,|SIN|IST|LUX|
LUX|SVO,|SVO|URC|IST|LUX|
LUX|SYX,|SYX|CKG|URC|IST|LUX|
LUX|TAO,|TAO|TYN|URC|IST|LUX|
LUX|TEN,|TEN|CAN|IST|LUX|
LUX|TNA,|TNA|URC|IST|LUX|
LUX|TPE,|TPE|URC|IST|LUX|
LUX|TSN,|TSN|HET|URC|IST|LUX|
LUX|TXN,|TXN|TYN|URC|IST|LUX|
LUX|TYN,|TYN|URC|IST|LUX|
LUX|WNZ,|WNZ|XIY|URC|IST|LUX|
LUX|WUX,|WUX|CAN|IST|LUX|
LUX|XFN,|XFN|CAN|IST|LUX|
LUX|XIY,|XIY|URC|IST|LUX|
LUX|XUZ,|XUZ|INC|URC|IST|LUX|
LUX|YIH,|YIH|CKG|URC|IST|LUX|
LUX|YIW,|YIW|URC|IST|LUX|
LUX|YNT,|YNT|SHE|PEK|IST|LUX|
LUX|YNZ,|YNZ|WUH|URC|IST|LUX|
LUX|YTY,|YTY|CGO|URC|IST|LUX|
LUX|ZHA,|ZHA|CAN|IST|LUX|
LUX|ZYI,|ZYI|CAN|IST|LUX|
LUX|BAV,|BAV|URC|IST|LUX|
LUX|CJU,|CJU|DLC|PEK|IST|LUX|
LUX|DSN,|DSN|CGO|URC|IST|LUX|
LUX|HMI,|HMI|URC|IST|LUX|
LUX|INC,|INC|URC|IST|LUX|
LUX|KHH,|KHH|WUH|URC|IST|LUX|
LUX|UYN,|UYN|XIY|URC|IST|LUX|
LUX|XNN,|XNN|URC|IST|LUX|
LUX|ZUH,|ZUH|KWE|URC|IST|LUX|
LUX|YNJ,|YNJ|PEK|IST|LUX|
LUX|DAT,|DAT|TYN|URC|IST|LUX|
LUX|JHG,|JHG|KMG|CTU|URC|IST|LUX|
LUX|LJG,|LJG|KMG|CTU|URC|IST|LUX|
LUX|LXA,|LXA|CKG|URC|IST|LUX|
LUX|YCU,|YCU|CKG|URC|IST|LUX|
LUX|LZO,|LZO|CSX|URC|IST|LUX|
LUX|MDG,|MDG|DLC|PEK|IST|LUX|
LUX|NGO,|NGO|ICN|IST|LUX|
LUX|TOY,|TOY|DLC|PEK|IST|LUX|
LUX|MFM,|MFM|XMN|CSX|URC|IST|LUX|
LUX|TGO,|TGO|HET|URC|IST|LUX|
LUX|XIL,|XIL|HET|URC|IST|LUX|
LUX|HEK,|HEK|HRB|PEK|IST|LUX|
LUX|KIJ,|KIJ|HRB|PEK|IST|LUX|
LUX|LDS,|LDS|HRB|PEK|IST|LUX|
LUX|OHE,|OHE|HRB|PEK|IST|LUX|
LUX|HSN,|HSN|LYG|XUZ|INC|URC|IST|LUX|
LUX|DLU,|DLU|KMG|CTU|URC|IST|LUX|
LUX|SYM,|SYM|KMG|CTU|URC|IST|LUX|
LUX|ZAT,|ZAT|KMG|CTU|URC|IST|LUX|
LUX|LUN,|LUN|NBO|IST|LUX|
LUX|AOG,|AOG|PEK|IST|LUX|
LUX|GMP,|GMP|PEK|IST|LUX|
LUX|ISB,|ISB|IST|LUX|
LUX|TAS,|TAS|IST|LUX|
LUX|WUS,|WUS|PEK|IST|LUX|
LUX|JMU,|JMU|PVG|IST|LUX|
LUX|NDG,|NDG|PVG|IST|LUX|
LUX|JXA,|JXA|SHE|PEK|IST|LUX|
LUX|PUS,|PUS|SHE|PEK|IST|LUX|
LUX|BKI,|BKI|SZX|CKG|URC|IST|LUX|
LUX|AKU,|AKU|URC|IST|LUX|
LUX|ALA,|ALA|IST|LUX|
LUX|ASB,|ASB|IST|LUX|
LUX|DNH,|DNH|URC|IST|LUX|
LUX|DYU,|DYU|IST|LUX|
LUX|FRU,|FRU|IST|LUX|
LUX|GYD,|GYD|IST|LUX|
LUX|HTN,|HTN|URC|IST|LUX|
LUX|IKA,|IKA|IST|LUX|
LUX|KCA,|KCA|URC|IST|LUX|
LUX|KHG,|KHG|URC|IST|LUX|
LUX|KRL,|KRL|URC|IST|LUX|
LUX|KRY,|KRY|URC|IST|LUX|
LUX|LBD,|LBD|URC|IST|LUX|
LUX|NLT,|NLT|URC|IST|LUX|
LUX|OSS,|OSS|IST|LUX|
LUX|OVB,|OVB|IST|LUX|
LUX|TBS,|TBS|IST|LUX|
LUX|TCG,|TCG|URC|IST|LUX|
LUX|TSE,|TSE|IST|LUX|
LUX|YIN,|YIN|URC|IST|LUX|
LUX|ENH,|ENH|WUH|URC|IST|LUX|
LUX|ENY,|ENY|XIY|URC|IST|LUX|
LUX|WXN,|WXN|XIY|URC|IST|LUX|
LUX|BLL,|BLL|IST|LUX|
LUX|ESB,|ESB|IST|LUX|
LUX|SAW,|SAW|ADB|IST|LUX|
LUX|HAM,|HAM|IST|LUX|
LUX|HRE,|HRE|ADD|IST|LUX|
LUX|JUB,|JUB|CAI|IST|LUX|
LUX|SSG,|SSG|DLA|IST|LUX|
LUX|BGW,|BGW|IST|LUX|
LUX|EBL,|EBL|IST|LUX|
LUX|VKO,|VKO|IST|LUX|
LUX|MCT,|MCT|IST|LUX|
LUX|AYT,|AYT|IST|LUX|
LUX|SCQ,|SCQ|BIO|IST|LUX|
LUX|AAL,|AAL|IST|LUX|
LUX|AOE,|AOE|BRU|IST|LUX|
LUX|JNB,|JNB|IST|LUX|
LUX|LBV,|LBV|DLA|IST|LUX|
LUX|ADA,|ADA|IST|LUX|
LUX|ADB,|ADB|IST|LUX|
LUX|ADF,|ADF|IST|LUX|
LUX|AJI,|AJI|IST|LUX|
LUX|BAL,|BAL|IST|LUX|
LUX|BJV,|BJV|IST|LUX|
LUX|CKZ,|CKZ|ESB|IST|LUX|
LUX|DIY,|DIY|IST|LUX|
LUX|ECN,|ECN|IST|LUX|
LUX|ERC,|ERC|IST|LUX|
LUX|ERZ,|ERZ|IST|LUX|
LUX|EZS,|EZS|IST|LUX|
LUX|GNY,|GNY|IST|LUX|
LUX|GZP,|GZP|ESB|IST|LUX|
LUX|GZT,|GZT|IST|LUX|
LUX|HTY,|HTY|IST|LUX|
LUX|KCM,|KCM|IST|LUX|
LUX|KSY,|KSY|IST|LUX|
LUX|MLX,|MLX|IST|LUX|
LUX|MQM,|MQM|IST|LUX|
LUX|MSR,|MSR|IST|LUX|
LUX|TEQ,|TEQ|ESB|IST|LUX|
LUX|TZX,|TZX|IST|LUX|
LUX|VAN,|VAN|IST|LUX|
LUX|ULN,|ULN|FRU|IST|LUX|
LUX|HIJ,|HIJ|ICN|IST|LUX|
LUX|VVO,|VVO|ICN|IST|LUX|
LUX|ACC,|ACC|IST|LUX|
LUX|AER,|AER|IST|LUX|
LUX|AGP,|AGP|IST|LUX|
LUX|ALG,|ALG|IST|LUX|
LUX|AMM,|AMM|IST|LUX|
LUX|AQJ,|AQJ|IST|LUX|
LUX|ARN,|ARN|IST|LUX|
LUX|ASR,|ASR|IST|LUX|
LUX|ATH,|ATH|IST|LUX|
LUX|BAH,|BAH|IST|LUX|
LUX|BEG,|BEG|IST|LUX|
LUX|BEN,|BEN|IST|LUX|
LUX|BEY,|BEY|IST|LUX|
LUX|BHX,|BHX|IST|LUX|
LUX|BIO,|BIO|IST|LUX|
LUX|BLQ,|BLQ|IST|LUX|
LUX|BOM,|BOM|IST|LUX|
LUX|BRE,|BRE|IST|LUX|
LUX|BSL,|BSL|IST|LUX|
LUX|BSR,|BSR|IST|LUX|
LUX|BUD,|BUD|IST|LUX|
LUX|BUS,|BUS|IST|LUX|
LUX|CAI,|CAI|IST|LUX|
LUX|CGN,|CGN|IST|LUX|
LUX|CMN,|CMN|IST|LUX|
LUX|CND,|CND|IST|LUX|
LUX|DAR,|DAR|IST|LUX|
LUX|DLM,|DLM|IST|LUX|
LUX|DMM,|DMM|IST|LUX|
LUX|DNK,|DNK|IST|LUX|
LUX|DNZ,|DNZ|IST|LUX|
LUX|DOK,|DOK|IST|LUX|
LUX|DUS,|DUS|IST|LUX|
LUX|EDI,|EDI|IST|LUX|
LUX|ELQ,|ELQ|IST|LUX|
LUX|FDH,|FDH|IST|LUX|
LUX|GOA,|GOA|IST|LUX|
LUX|GOT,|GOT|IST|LUX|
LUX|HAJ,|HAJ|IST|LUX|
LUX|HBE,|HBE|IST|LUX|
LUX|HEL,|HEL|IST|LUX|
LUX|HRG,|HRG|IST|LUX|
LUX|IFN,|IFN|IST|LUX|
LUX|ISE,|ISE|IST|LUX|
LUX|ISU,|ISU|IST|LUX|
LUX|JIB,|JIB|IST|LUX|
LUX|JRO,|JRO|IST|LUX|
LUX|KAN,|KAN|IST|LUX|
LUX|KBL,|KBL|IST|LUX|
LUX|KBP,|KBP|IST|LUX|
LUX|KFS,|KFS|IST|LUX|
LUX|KHI,|KHI|IST|LUX|
LUX|KIV,|KIV|IST|LUX|
LUX|KRT,|KRT|IST|LUX|
LUX|KSH,|KSH|IST|LUX|
LUX|KVD,|KVD|IST|LUX|
LUX|KWI,|KWI|IST|LUX|
LUX|KYA,|KYA|IST|LUX|
LUX|KZN,|KZN|IST|LUX|
LUX|KZR,|KZR|IST|LUX|
LUX|LED,|LED|IST|LUX|
LUX|LEJ,|LEJ|IST|LUX|
LUX|LGW,|LGW|IST|LUX|
LUX|LHE,|LHE|IST|LUX|
LUX|LIS,|LIS|IST|LUX|
LUX|LJU,|LJU|IST|LUX|
LUX|LOS,|LOS|IST|LUX|
LUX|LWO,|LWO|IST|LUX|
LUX|LYS,|LYS|IST|LUX|
LUX|MAD,|MAD|IST|LUX|
LUX|MAN,|MAN|IST|LUX|
LUX|MED,|MED|IST|LUX|
LUX|MHD,|MHD|IST|LUX|
LUX|MLA,|MLA|IST|LUX|
LUX|MRS,|MRS|IST|LUX|
LUX|MSQ,|MSQ|IST|LUX|
LUX|MXP,|MXP|IST|LUX|
LUX|MZH,|MZH|IST|LUX|
LUX|MZR,|MZR|IST|LUX|
LUX|NAJ,|NAJ|IST|LUX|
LUX|NAV,|NAV|IST|LUX|
LUX|NCE,|NCE|IST|LUX|
LUX|NIM,|NIM|IST|LUX|
LUX|NJF,|NJF|IST|LUX|
LUX|NSI,|NSI|IST|LUX|
LUX|NUE,|NUE|IST|LUX|
LUX|ODS,|ODS|IST|LUX|
LUX|ORN,|ORN|IST|LUX|
LUX|OTP,|OTP|IST|LUX|
LUX|PRG,|PRG|IST|LUX|
LUX|PRN,|PRN|IST|LUX|
LUX|RIX,|RIX|IST|LUX|
LUX|ROV,|ROV|IST|LUX|
LUX|RTM,|RTM|IST|LUX|
LUX|RUH,|RUH|IST|LUX|
LUX|SAH,|SAH|IST|LUX|
LUX|SJJ,|SJJ|IST|LUX|
LUX|SKG,|SKG|IST|LUX|
LUX|SKP,|SKP|IST|LUX|
LUX|SSH,|SSH|IST|LUX|
LUX|STR,|STR|IST|LUX|
LUX|SVX,|SVX|IST|LUX|
LUX|SYZ,|SYZ|IST|LUX|
LUX|SZG,|SZG|IST|LUX|
LUX|TBZ,|TBZ|IST|LUX|
LUX|TGD,|TGD|IST|LUX|
LUX|TIA,|TIA|IST|LUX|
LUX|TIF,|TIF|IST|LUX|
LUX|TIP,|TIP|IST|LUX|
LUX|TLL,|TLL|IST|LUX|
LUX|TLS,|TLS|IST|LUX|
LUX|TRN,|TRN|IST|LUX|
LUX|TUN,|TUN|IST|LUX|
LUX|TXL,|TXL|IST|LUX|
LUX|UFA,|UFA|IST|LUX|
LUX|VAS,|VAS|IST|LUX|
LUX|VCE,|VCE|IST|LUX|
LUX|YNB,|YNB|IST|LUX|
LUX|ZAG,|ZAG|IST|LUX|
LUX|MGQ,|MGQ|JIB|IST|LUX|
LUX|CPT,|CPT|JNB|IST|LUX|
LUX|MBA,|MBA|JRO|IST|LUX|
LUX|NDJ,|NDJ|KAN|IST|LUX|
LUX|CMB,|CMB|MLE|IST|LUX|
LUX|ADE,|ADE|SAH|IST|LUX|
LUX|ASF,|ASF|SAW|ADB|IST|LUX|
LUX|STW,|STW|SAW|ADB|IST|LUX|
LUX|LFW,|LFW|ABJ|OUA|NIM|IST|LUX|
LUX|CEC,|CEC|ACV|SMF|SEA|FRA|IST|LUX|
LUX|SMF,|SMF|SEA|FRA|IST|LUX|
LUX|CDR,|CDR|AIA|DEN|FRA|IST|LUX|
LUX|FMN,|FMN|DEN|FRA|IST|LUX|
LUX|JST,|JST|IAD|IST|LUX|
LUX|JHW,|JHW|CLE|YYZ|IST|LUX|
LUX|SHD,|SHD|IAD|IST|LUX|
LUX|PTY,|PTY|MIA|ZRH|IST|LUX|
LUX|FNA,|FNA|BRU|IST|LUX|
LUX|SXB,|SXB|BRU|IST|LUX|
LUX|ACV,|ACV|SMF|SEA|FRA|IST|LUX|
LUX|MGW,|MGW|IAD|IST|LUX|
LUX|ALB,|ALB|EWR|BHX|IST|LUX|
LUX|AUS,|AUS|ORD|IST|LUX|
LUX|BFD,|BFD|CLE|YYZ|IST|LUX|
LUX|BUF,|BUF|EWR|BHX|IST|LUX|
LUX|CHS,|CHS|EWR|BHX|IST|LUX|
LUX|DAY,|DAY|CLE|YYZ|IST|LUX|
LUX|DUJ,|DUJ|CLE|YYZ|IST|LUX|
LUX|ERI,|ERI|CLE|YYZ|IST|LUX|
LUX|FKL,|FKL|CLE|YYZ|IST|LUX|
LUX|FNT,|FNT|CLE|YYZ|IST|LUX|
LUX|GRR,|GRR|CLE|YYZ|IST|LUX|
LUX|GSP,|GSP|EWR|BHX|IST|LUX|
LUX|PBI,|PBI|EWR|BHX|IST|LUX|
LUX|PKB,|PKB|CLE|YYZ|IST|LUX|
LUX|RIC,|RIC|EWR|BHX|IST|LUX|
LUX|SDF,|SDF|CLE|YYZ|IST|LUX|
LUX|GUM,|GUM|FUK|ICN|IST|LUX|
LUX|WRL,|WRL|CYS|DEN|FRA|IST|LUX|
LUX|LBL,|LUX|
LUX|ABQ,|ABQ|DEN|FRA|IST|LUX|
LUX|AIA,|AIA|DEN|FRA|IST|LUX|
LUX|ALS,|ALS|DEN|FRA|IST|LUX|
LUX|AMA,|AMA|DEN|FRA|IST|LUX|
LUX|ANC,|ANC|SEA|FRA|IST|LUX|
LUX|ASE,|ASE|DEN|FRA|IST|LUX|
LUX|BFL,|BFL|LAX|IST|LUX|
LUX|BHM,|BHM|BWI|EWR|BHX|IST|LUX|
LUX|BIL,|BIL|DEN|FRA|IST|LUX|
LUX|BIS,|BIS|DEN|FRA|IST|LUX|
LUX|BOI,|BOI|DEN|FRA|IST|LUX|
LUX|BUR,|BUR|DEN|FRA|IST|LUX|
LUX|BZN,|BZN|ORD|IST|LUX|
LUX|CID,|CID|ORD|IST|LUX|
LUX|COD,|COD|DEN|FRA|IST|LUX|
LUX|COS,|COS|DEN|FRA|IST|LUX|
LUX|CPR,|CPR|DEN|FRA|IST|LUX|
LUX|CYS,|CYS|DEN|FRA|IST|LUX|
LUX|DIK,|DIK|DEN|FRA|IST|LUX|
LUX|DRO,|DRO|DEN|FRA|IST|LUX|
LUX|DSM,|DSM|ORD|IST|LUX|
LUX|EGE,|EGE|DEN|FRA|IST|LUX|
LUX|ELP,|ELP|DEN|FRA|IST|LUX|
LUX|EUG,|EUG|PDX|SEA|FRA|IST|LUX|
LUX|FAR,|FAR|ORD|IST|LUX|
LUX|FAT,|FAT|SFO|MUC|IST|LUX|
LUX|FCA,|FCA|DEN|FRA|IST|LUX|
LUX|FSD,|FSD|ORD|IST|LUX|
LUX|GCC,|GCC|DEN|FRA|IST|LUX|
LUX|GEG,|GEG|DEN|FRA|IST|LUX|
LUX|GJT,|GJT|DEN|FRA|IST|LUX|
LUX|GTF,|GTF|DEN|FRA|IST|LUX|
LUX|GUC,|GUC|DEN|FRA|IST|LUX|
LUX|HDN,|HDN|DEN|FRA|IST|LUX|
LUX|HLN,|HLN|DEN|FRA|IST|LUX|
LUX|HSV,|HSV|IAD|IST|LUX|
LUX|ICT,|ICT|ORD|IST|LUX|
LUX|IDA,|IDA|DEN|FRA|IST|LUX|
LUX|ISN,|ISN|DEN|FRA|IST|LUX|
LUX|JAC,|JAC|DEN|FRA|IST|LUX|
LUX|KOA,|KOA|YVR|MUC|IST|LUX|
LUX|LAR,|LAR|DEN|FRA|IST|LUX|
LUX|LBB,|LBB|DAL|STL|ORD|IST|LUX|
LUX|LIH,|LIH|YVR|MUC|IST|LUX|
LUX|LIT,|LIT|ORD|IST|LUX|
LUX|LNK,|LNK|ORD|IST|LUX|
LUX|MAF,|MAF|DAL|STL|ORD|IST|LUX|
LUX|MEM,|MEM|EWR|BHX|IST|LUX|
LUX|MFR,|MFR|DEN|FRA|IST|LUX|
LUX|MLI,|MLI|ORD|IST|LUX|
LUX|MOT,|MOT|DEN|FRA|IST|LUX|
LUX|MRY,|MRY|SFO|MUC|IST|LUX|
LUX|MSN,|MSN|ORD|IST|LUX|
LUX|MSO,|MSO|DEN|FRA|IST|LUX|
LUX|MTJ,|MTJ|DEN|FRA|IST|LUX|
LUX|OKC,|OKC|ORD|IST|LUX|
LUX|OMA,|OMA|ORD|IST|LUX|
LUX|ONT,|ONT|DEN|FRA|IST|LUX|
LUX|PIA,|PIA|ORD|IST|LUX|
LUX|PIR,|PIR|DEN|FRA|IST|LUX|
LUX|PSC,|PSC|DEN|FRA|IST|LUX|
LUX|PSP,|PSP|DEN|FRA|IST|LUX|
LUX|PUB,|PUB|DEN|FRA|IST|LUX|
LUX|RAP,|RAP|ORD|IST|LUX|
LUX|RDM,|RDM|PDX|SEA|FRA|IST|LUX|
LUX|RKS,|RKS|DEN|FRA|IST|LUX|
LUX|RNO,|RNO|SEA|FRA|IST|LUX|
LUX|SAF,|SAF|DEN|FRA|IST|LUX|
LUX|SAT,|SAT|ORD|IST|LUX|
LUX|SBA,|SBA|LAX|IST|LUX|
LUX|SGF,|SGF|ORD|IST|LUX|
LUX|SGU,|SGU|DEN|FRA|IST|LUX|
LUX|SHV,|SHV|IAH|IST|LUX|
LUX|SJC,|SJC|SEA|FRA|IST|LUX|
LUX|SLC,|SLC|DEN|FRA|IST|LUX|
LUX|SNA,|SNA|DEN|FRA|IST|LUX|
LUX|TUL,|TUL|ORD|IST|LUX|
LUX|TUS,|TUS|DEN|FRA|IST|LUX|
LUX|TYS,|TYS|IAD|IST|LUX|
LUX|XNA,|XNA|ORD|IST|LUX|
LUX|SAL,|SAL|MIA|ZRH|IST|LUX|
LUX|BJL,|BJL|DKR|BRU|IST|LUX|
LUX|BFS,|BFS|EWR|BHX|IST|LUX|
LUX|BON,|BON|EWR|BHX|IST|LUX|
LUX|BQN,|BQN|EWR|BHX|IST|LUX|
LUX|BTV,|BTV|EWR|BHX|IST|LUX|
LUX|BZE,|BZE|EWR|BHX|IST|LUX|
LUX|GLA,|GLA|EWR|BHX|IST|LUX|
LUX|GSO,|GSO|EWR|BHX|IST|LUX|
LUX|ITH,|ITH|EWR|BHX|IST|LUX|
LUX|JAX,|JAX|EWR|BHX|IST|LUX|
LUX|MHT,|MHT|EWR|BHX|IST|LUX|
LUX|MYR,|MYR|EWR|BHX|IST|LUX|
LUX|ORF,|ORF|EWR|BHX|IST|LUX|
LUX|POS,|POS|EWR|BHX|IST|LUX|
LUX|PVD,|PVD|EWR|BHX|IST|LUX|
LUX|PWM,|PWM|EWR|BHX|IST|LUX|
LUX|SAP,|SAP|MIA|ZRH|IST|LUX|
LUX|SAV,|SAV|EWR|BHX|IST|LUX|
LUX|SDQ,|SDQ|EWR|BHX|IST|LUX|
LUX|SJU,|SJU|EWR|BHX|IST|LUX|
LUX|SNN,|SNN|EWR|BHX|IST|LUX|
LUX|STT,|STT|EWR|BHX|IST|LUX|
LUX|SXM,|SXM|EWR|BHX|IST|LUX|
LUX|BIM,|BIM|FLL|MCO|FRA|IST|LUX|
LUX|ELH,|ELH|PBI|EWR|BHX|IST|LUX|
LUX|EYW,|EYW|MCO|FRA|IST|LUX|
LUX|FPO,|FPO|FLL|MCO|FRA|IST|LUX|
LUX|GHB,|GHB|FLL|MCO|FRA|IST|LUX|
LUX|MHH,|MHH|MCO|FRA|IST|LUX|
LUX|TCB,|TCB|FLL|MCO|FRA|IST|LUX|
LUX|SOW,|SOW|FMN|DEN|FRA|IST|LUX|
LUX|ROB,|ROB|FNA|BRU|IST|LUX|
LUX|GIG,|GIG|GRU|IST|LUX|
LUX|CNS,|CNS|GUM|FUK|ICN|IST|LUX|
LUX|CTS,|CTS|GUM|FUK|ICN|IST|LUX|
LUX|OKJ,|OKJ|GUM|FUK|ICN|IST|LUX|
LUX|ROP,|ROP|GUM|FUK|ICN|IST|LUX|
LUX|ROR,|ROR|MNL|CAN|IST|LUX|
LUX|SDJ,|SDJ|GUM|FUK|ICN|IST|LUX|
LUX|SPN,|SPN|GUM|FUK|ICN|IST|LUX|
LUX|TKK,|TKK|GUM|FUK|ICN|IST|LUX|
LUX|YAP,|YAP|ROR|MNL|CAN|IST|LUX|
LUX|MAJ,|MAJ|KWA|PNI|TKK|GUM|FUK|ICN|IST|LUX|
LUX|AOO,|AOO|IAD|IST|LUX|
LUX|BGM,|BGM|IAD|IST|LUX|
LUX|BKW,|BKW|IAD|IST|LUX|
LUX|CAE,|CAE|IAD|IST|LUX|
LUX|CHO,|CHO|IAD|IST|LUX|
LUX|CRW,|CRW|IAD|IST|LUX|
LUX|FAY,|FAY|IAD|IST|LUX|
LUX|LWB,|LWB|IAD|IST|LUX|
LUX|ROA,|ROA|IAD|IST|LUX|
LUX|SCE,|SCE|IAD|IST|LUX|
LUX|ACA,|ACA|IAH|IST|LUX|
LUX|ACY,|ACY|ORD|IST|LUX|
LUX|AEX,|AEX|IAH|IST|LUX|
LUX|AGU,|AGU|IAH|IST|LUX|
LUX|BJX,|BJX|IAH|IST|LUX|
LUX|BRO,|BRO|IAH|IST|LUX|
LUX|BTR,|BTR|IAH|IST|LUX|
LUX|CCS,|CCS|IAH|IST|LUX|
LUX|CLL,|CLL|IAH|IST|LUX|
LUX|CME,|CME|IAH|IST|LUX|
LUX|CRP,|CRP|IAH|IST|LUX|
LUX|CUU,|CUU|IAH|IST|LUX|
LUX|DAL,|DAL|STL|ORD|IST|LUX|
LUX|DGO,|DGO|IAH|IST|LUX|
LUX|GDL,|GDL|IAH|IST|LUX|
LUX|GPT,|GPT|IAH|IST|LUX|
LUX|GRK,|GRK|IAH|IST|LUX|
LUX|HOB,|HOB|IAH|IST|LUX|
LUX|HRL,|HRL|IAH|IST|LUX|
LUX|HUX,|HUX|IAH|IST|LUX|
LUX|JAN,|JAN|ORD|IST|LUX|
LUX|LCH,|LCH|IAH|IST|LUX|
LUX|LEX,|LEX|ORD|IST|LUX|
LUX|LFT,|LFT|IAH|IST|LUX|
LUX|LRD,|LRD|IAH|IST|LUX|
LUX|MFE,|MFE|IAH|IST|LUX|
LUX|MGA,|MGA|IAH|IST|LUX|
LUX|MID,|MID|IAH|IST|LUX|
LUX|MLM,|MLM|IAH|IST|LUX|
LUX|MLU,|MLU|IAH|IST|LUX|
LUX|MOB,|MOB|ORD|IST|LUX|
LUX|MTY,|MTY|IAH|IST|LUX|
LUX|OAX,|OAX|IAH|IST|LUX|
LUX|PBC,|PBC|IAH|IST|LUX|
LUX|PNS,|PNS|BNA|YYZ|IST|LUX|
LUX|QRO,|QRO|IAH|IST|LUX|
LUX|RTB,|RTB|IAH|IST|LUX|
LUX|SLP,|SLP|IAH|IST|LUX|
LUX|SLW,|SLW|IAH|IST|LUX|
LUX|TAM,|TAM|IAH|IST|LUX|
LUX|TGU,|TGU|IAH|IST|LUX|
LUX|TRC,|TRC|IAH|IST|LUX|
LUX|TYR,|TYR|IAH|IST|LUX|
LUX|UIO,|UIO|IAH|IST|LUX|
LUX|VER,|VER|IAH|IST|LUX|
LUX|VPS,|VPS|IAH|IST|LUX|
LUX|VSA,|VSA|IAH|IST|LUX|
LUX|ZIH,|ZIH|IAH|IST|LUX|
LUX|ZLO,|ZLO|IAH|IST|LUX|
LUX|KWA,|KWA|PNI|TKK|GUM|FUK|ICN|IST|LUX|
LUX|PNI,|PNI|TKK|GUM|FUK|ICN|IST|LUX|
LUX|KSA,|KSA|PNI|TKK|GUM|FUK|ICN|IST|LUX|
LUX|CLD,|CLD|LAX|IST|LUX|
LUX|ITO,|ITO|LAX|IST|LUX|
LUX|SBP,|SBP|LAX|IST|LUX|
LUX|SMX,|SMX|LAX|IST|LUX|
LUX|YUM,|YUM|LAX|IST|LUX|
LUX|DDC,|LUX|
LUX|TMS,|TMS|LIS|IST|LUX|
LUX|PHC,|PHC|LOS|IST|LUX|
LUX|GNV,|GNV|MCO|FRA|IST|LUX|
LUX|TLH,|TLH|MCO|FRA|IST|LUX|
LUX|CKB,|CKB|MGW|IAD|IST|LUX|
LUX|BAQ,|BAQ|MIA|ZRH|IST|LUX|
LUX|CLO,|CLO|MIA|ZRH|IST|LUX|
LUX|CTG,|CTG|MIA|ZRH|IST|LUX|
LUX|MDE,|MDE|MIA|ZRH|IST|LUX|
LUX|ABE,|ABE|ORD|IST|LUX|
LUX|ATW,|ATW|ORD|IST|LUX|
LUX|AVL,|AVL|ORD|IST|LUX|
LUX|AVP,|AVP|ORD|IST|LUX|
LUX|CAK,|CAK|BOS|FRA|IST|LUX|
LUX|CMX,|CMX|ORD|IST|LUX|
LUX|CWA,|CWA|ORD|IST|LUX|
LUX|DLH,|DLH|ORD|IST|LUX|
LUX|EAU,|EAU|ORD|IST|LUX|
LUX|ELM,|ELM|ORD|IST|LUX|
LUX|FOE,|FOE|ORD|IST|LUX|
LUX|FWA,|FWA|ORD|IST|LUX|
LUX|GRB,|GRB|ORD|IST|LUX|
LUX|HPN,|HPN|ORD|IST|LUX|
LUX|LAN,|LAN|ORD|IST|LUX|
LUX|MBS,|MBS|ORD|IST|LUX|
LUX|MKG,|MKG|ORD|IST|LUX|
LUX|PAH,|PAH|ORD|IST|LUX|
LUX|SBN,|SBN|ORD|IST|LUX|
LUX|SPI,|SPI|ORD|IST|LUX|
LUX|SRQ,|SRQ|ORD|IST|LUX|
LUX|STC,|STC|ORD|IST|LUX|
LUX|TVC,|TVC|ORD|IST|LUX|
LUX|LMT,|LMT|PDX|SEA|FRA|IST|LUX|
LUX|HON,|HON|PIR|DEN|FRA|IST|LUX|
LUX|CIC,|CIC|SFO|MUC|IST|LUX|
LUX|MOD,|MOD|SFO|MUC|IST|LUX|
LUX|OTH,|OTH|SFO|MUC|IST|LUX|
LUX|RDD,|RDD|SFO|MUC|IST|LUX|
LUX|EIS,|EIS|SJU|EWR|BHX|IST|LUX|
LUX|DME,|DME|VIE|IST|LUX|
LUX|EVN,|EVN|VIE|IST|LUX|
LUX|HOU,|HOU|IND|YYZ|IST|LUX|
LUX|MDW,|MDW|DTW|FRA|IST|LUX|
LUX|OAK,|OAK|SEA|FRA|IST|LUX|
LUX|ECP,|ECP|BWI|EWR|BHX|IST|LUX|
LUX|ISP,|ISP|BWI|EWR|BHX|IST|LUX|
LUX|YHM,|YHM|YHZ|LHR|IST|LUX|
LUX|YXX,|YXX|YYC|FRA|IST|LUX|
LUX|YBR,|YBR|YYC|FRA|IST|LUX|
LUX|YKF,|YKF|YYC|FRA|IST|LUX|
LUX|GDN,|LUX|
LUX|TRD,|LUX|
LUX|NKC,|LUX|
LUX|PGA,|LUX|
