MTY|BRU,|BRU|YUL|IAH|MTY|
MTY|OUA,|OUA|BRU|YUL|IAH|MTY|
MTY|JED,|JED|FRA|IAH|MTY|
MTY|CPH,|CPH|YYZ|IAH|MTY|
MTY|YYZ,|YYZ|IAH|MTY|
MTY|DEN,|DEN|IAH|MTY|
MTY|YUL,|YUL|IAH|MTY|
MTY|NBO,|NBO|ZRH|YUL|IAH|MTY|
MTY|ICN,|ICN|YVR|IAH|MTY|
MTY|NRT,|NRT|IAH|MTY|
MTY|YHZ,|YHZ|BOS|IAH|MTY|
MTY|YOW,|YOW|YYZ|IAH|MTY|
MTY|BJM,|BJM|BRU|YUL|IAH|MTY|
MTY|COO,|COO|BRU|YUL|IAH|MTY|
MTY|DKR,|DKR|IAD|IAH|MTY|
MTY|DLA,|DLA|BRU|YUL|IAH|MTY|
MTY|KGL,|KGL|BRU|YUL|IAH|MTY|
MTY|LAD,|LAD|BRU|YUL|IAH|MTY|
MTY|ABJ,|ABJ|BRU|YUL|IAH|MTY|
MTY|AMS,|AMS|IAH|MTY|
MTY|OSL,|OSL|EWR|IAH|MTY|
MTY|VNO,|VNO|CPH|YYZ|IAH|MTY|
MTY|WAW,|WAW|YYZ|IAH|MTY|
MTY|YYC,|YYC|IAH|MTY|
MTY|ATL,|ATL|IAH|MTY|
MTY|MSY,|MSY|IAH|MTY|
MTY|YEG,|YEG|IAH|MTY|
MTY|YMM,|YMM|DEN|IAH|MTY|
MTY|YQR,|YQR|DEN|IAH|MTY|
MTY|YVR,|YVR|IAH|MTY|
MTY|YWG,|YWG|ORD|MTY|
MTY|YXE,|YXE|DEN|IAH|MTY|
MTY|CKY,|CKY|DKR|IAD|IAH|MTY|
MTY|FIH,|FIH|DLA|BRU|YUL|IAH|MTY|
MTY|SCL,|SCL|EZE|IAH|MTY|
MTY|LCA,|LCA|FRA|IAH|MTY|
MTY|NAP,|NAP|FRA|IAH|MTY|
MTY|VLC,|VLC|FRA|IAH|MTY|
MTY|BKK,|BKK|CGO|PEK|IAH|MTY|
MTY|ADD,|ADD|JED|FRA|IAH|MTY|
MTY|FRA,|FRA|IAH|MTY|
MTY|IST,|IST|IAH|MTY|
MTY|EBB,|EBB|KGL|BRU|YUL|IAH|MTY|
MTY|YLW,|YLW|YYC|IAH|MTY|
MTY|YYT,|YYT|YHZ|BOS|IAH|MTY|
MTY|GUA,|GUA|IAH|MTY|
MTY|EWR,|EWR|IAH|MTY|
MTY|IAD,|IAD|IAH|MTY|
MTY|IAH,|IAH|MTY|
MTY|ORD,|ORD|MTY|
MTY|SOF,|SOF|MUC|IAH|MTY|
MTY|YQB,|YQB|YUL|IAH|MTY|
MTY|YXU,|YXU|ORD|MTY|
MTY|EZE,|EZE|IAH|MTY|
MTY|YYJ,|YYJ|YVR|IAH|MTY|
MTY|YYY,|YYY|YUL|IAH|MTY|
MTY|YQQ,|YQQ|YBL|YVR|IAH|MTY|
MTY|YYR,|YYR|YWK|YZV|YUL|IAH|MTY|
MTY|LHR,|LHR|IAH|MTY|
MTY|SFO,|SFO|IAH|MTY|
MTY|YQU,|YQU|YYC|IAH|MTY|
MTY|YZF,|YZF|YEG|IAH|MTY|
MTY|YGR,|YGR|YGP|YQB|YUL|IAH|MTY|
MTY|YGP,|YGP|YQB|YUL|IAH|MTY|
MTY|BOS,|BOS|IAH|MTY|
MTY|YDF,|YDF|YYZ|IAH|MTY|
MTY|YFC,|YFC|YUL|IAH|MTY|
MTY|YQM,|YQM|EWR|IAH|MTY|
MTY|YQX,|YQX|YHZ|BOS|IAH|MTY|
MTY|YQY,|YQY|YHZ|BOS|IAH|MTY|
MTY|YSJ,|YSJ|YUL|IAH|MTY|
MTY|YYG,|YYG|YUL|IAH|MTY|
MTY|LAX,|LAX|IAH|MTY|
MTY|DCA,|DCA|IAH|MTY|
MTY|LGA,|LGA|IAH|MTY|
MTY|YZV,|YZV|YUL|IAH|MTY|
MTY|YWL,|YWL|YVR|IAH|MTY|
MTY|AZS,|AZS|YYZ|IAH|MTY|
MTY|BDL,|BDL|IAD|IAH|MTY|
MTY|CCC,|CCC|YYZ|IAH|MTY|
MTY|CDG,|CDG|YUL|IAH|MTY|
MTY|CUN,|CUN|IAH|MTY|
MTY|CZM,|CZM|IAH|MTY|
MTY|FDF,|FDF|YUL|IAH|MTY|
MTY|FLL,|FLL|IAH|MTY|
MTY|GVA,|GVA|YUL|IAH|MTY|
MTY|HOG,|HOG|YYZ|IAH|MTY|
MTY|LAS,|LAS|IAH|MTY|
MTY|MBJ,|MBJ|IAH|MTY|
MTY|MCO,|MCO|IAH|MTY|
MTY|MUC,|MUC|IAH|MTY|
MTY|PAP,|PAP|YUL|IAH|MTY|
MTY|PTP,|PTP|YUL|IAH|MTY|
MTY|PUJ,|PUJ|ATL|IAH|MTY|
MTY|SNU,|SNU|YYZ|IAH|MTY|
MTY|VRA,|VRA|YYZ|IAH|MTY|
MTY|YBC,|YBC|YUL|IAH|MTY|
MTY|YBG,|YBG|YUL|IAH|MTY|
MTY|YTZ,|YTZ|YUL|IAH|MTY|
MTY|YUY,|YUY|YUL|IAH|MTY|
MTY|YVO,|YVO|YUL|IAH|MTY|
MTY|ZBF,|ZBF|YUL|IAH|MTY|
MTY|ZRH,|ZRH|YUL|IAH|MTY|
MTY|ZSA,|ZSA|YUL|IAH|MTY|
MTY|AKL,|AKL|LAX|IAH|MTY|
MTY|HKG,|HKG|YVR|IAH|MTY|
MTY|HND,|HND|YVR|IAH|MTY|
MTY|HNL,|HNL|IAH|MTY|
MTY|MEX,|MEX|IAH|MTY|
MTY|OGG,|OGG|LAX|IAH|MTY|
MTY|PDX,|PDX|IAH|MTY|
MTY|PEK,|PEK|IAH|MTY|
MTY|PVG,|PVG|YVR|IAH|MTY|
MTY|PVR,|PVR|IAH|MTY|
MTY|SEA,|SEA|IAH|MTY|
MTY|SYD,|SYD|LAX|IAH|MTY|
MTY|YBL,|YBL|YVR|IAH|MTY|
MTY|YCD,|YCD|YVR|IAH|MTY|
MTY|YCG,|YCG|YYC|IAH|MTY|
MTY|YKA,|YKA|YYC|IAH|MTY|
MTY|YPR,|YPR|YVR|IAH|MTY|
MTY|YQZ,|YQZ|YVR|IAH|MTY|
MTY|YXC,|YXC|YYC|IAH|MTY|
MTY|YXJ,|YXJ|YYC|IAH|MTY|
MTY|YXS,|YXS|YYC|IAH|MTY|
MTY|YXT,|YXT|YVR|IAH|MTY|
MTY|YXY,|YXY|YVR|IAH|MTY|
MTY|YYD,|YYD|YVR|IAH|MTY|
MTY|YYF,|YYF|YVR|IAH|MTY|
MTY|YZP,|YZP|YVR|IAH|MTY|
MTY|YQT,|YQT|YYZ|IAH|MTY|
MTY|SJD,|SJD|IAH|MTY|
MTY|YQF,|YQF|YYC|IAH|MTY|
MTY|YQL,|YQL|YYC|IAH|MTY|
MTY|YXH,|YXH|YYC|IAH|MTY|
MTY|YWK,|YWK|YZV|YUL|IAH|MTY|
MTY|ANU,|ANU|EWR|IAH|MTY|
MTY|AUA,|AUA|ATL|IAH|MTY|
MTY|AUH,|AUH|YYZ|IAH|MTY|
MTY|BCN,|BCN|EWR|IAH|MTY|
MTY|BDA,|BDA|EWR|IAH|MTY|
MTY|BGI,|BGI|YYZ|IAH|MTY|
MTY|BNA,|BNA|IAH|MTY|
MTY|BOG,|BOG|IAH|MTY|
MTY|BWI,|BWI|IAH|MTY|
MTY|CLE,|CLE|IAH|MTY|
MTY|CLT,|CLT|IAH|MTY|
MTY|CMH,|CMH|IAH|MTY|
MTY|CVG,|CVG|IAH|MTY|
MTY|DFW,|DFW|IAH|MTY|
MTY|DTW,|DTW|IAH|MTY|
MTY|DUB,|DUB|YYZ|IAH|MTY|
MTY|FCO,|FCO|EWR|IAH|MTY|
MTY|GCM,|GCM|IAH|MTY|
MTY|GGT,|GGT|FLL|IAH|MTY|
MTY|GND,|GND|YYZ|IAH|MTY|
MTY|GRU,|GRU|IAH|MTY|
MTY|HAV,|HAV|YYZ|IAH|MTY|
MTY|IND,|IND|IAH|MTY|
MTY|JFK,|JFK|IAD|IAH|MTY|
MTY|KIN,|KIN|YYZ|IAH|MTY|
MTY|LIM,|LIM|IAH|MTY|
MTY|LIR,|LIR|IAH|MTY|
MTY|MCI,|MCI|IAH|MTY|
MTY|MDT,|MDT|IAD|IAH|MTY|
MTY|MIA,|MIA|IAH|MTY|
MTY|MKE,|MKE|ORD|MTY|
MTY|MSP,|MSP|IAH|MTY|
MTY|NAS,|NAS|IAH|MTY|
MTY|PHL,|PHL|IAH|MTY|
MTY|PHX,|PHX|IAH|MTY|
MTY|PIT,|PIT|IAH|MTY|
MTY|PLS,|PLS|EWR|IAH|MTY|
MTY|POP,|POP|EWR|IAH|MTY|
MTY|RDU,|RDU|IAH|MTY|
MTY|ROC,|ROC|CLE|IAH|MTY|
MTY|RSW,|RSW|IAH|MTY|
MTY|SAN,|SAN|IAH|MTY|
MTY|SJO,|SJO|IAH|MTY|
MTY|STL,|STL|IAH|MTY|
MTY|SYR,|SYR|CLE|IAH|MTY|
MTY|TLV,|TLV|YYZ|IAH|MTY|
MTY|TPA,|TPA|IAH|MTY|
MTY|UVF,|UVF|EWR|IAH|MTY|
MTY|VIE,|VIE|YYZ|IAH|MTY|
MTY|YAM,|YAM|YYZ|IAH|MTY|
MTY|YGK,|YGK|YYZ|IAH|MTY|
MTY|YQG,|YQG|YYZ|IAH|MTY|
MTY|YSB,|YSB|YYZ|IAH|MTY|
MTY|YTS,|YTS|YYZ|IAH|MTY|
MTY|YYB,|YYB|YYZ|IAH|MTY|
MTY|YZR,|YZR|YYZ|IAH|MTY|
MTY|CAN,|CAN|YVR|IAH|MTY|
MTY|URC,|URC|PEK|IAH|MTY|
MTY|CTU,|CTU|PEK|IAH|MTY|
MTY|HGH,|HGH|PEK|IAH|MTY|
MTY|XMN,|XMN|PEK|IAH|MTY|
MTY|CGO,|CGO|PEK|IAH|MTY|
MTY|CSX,|CSX|PEK|IAH|MTY|
MTY|SHE,|SHE|ICN|YVR|IAH|MTY|
MTY|SJW,|SJW|DLC|ICN|YVR|IAH|MTY|
MTY|WUH,|WUH|PEK|IAH|MTY|
MTY|SZX,|SZX|PVG|YVR|IAH|MTY|
MTY|CKG,|CKG|PEK|IAH|MTY|
MTY|KMG,|KMG|PEK|IAH|MTY|
MTY|FOC,|FOC|PEK|IAH|MTY|
MTY|NNG,|NNG|PEK|IAH|MTY|
MTY|SWA,|SWA|PEK|IAH|MTY|
MTY|ACX,|ACX|CAN|YVR|IAH|MTY|
MTY|AQG,|AQG|CAN|YVR|IAH|MTY|
MTY|AVA,|AVA|CAN|YVR|IAH|MTY|
MTY|BFJ,|BFJ|CAN|YVR|IAH|MTY|
MTY|BHY,|BHY|CGO|PEK|IAH|MTY|
MTY|BNE,|BNE|CAN|YVR|IAH|MTY|
MTY|CGD,|CGD|PEK|IAH|MTY|
MTY|CGK,|CGK|CAN|YVR|IAH|MTY|
MTY|CGQ,|CGQ|ICN|YVR|IAH|MTY|
MTY|CIH,|CIH|PEK|IAH|MTY|
MTY|CNX,|CNX|CAN|YVR|IAH|MTY|
MTY|CZX,|CZX|SHE|ICN|YVR|IAH|MTY|
MTY|DAC,|DAC|CAN|YVR|IAH|MTY|
MTY|DAD,|DAD|CAN|YVR|IAH|MTY|
MTY|DEL,|DEL|EWR|IAH|MTY|
MTY|DIG,|DIG|KMG|PEK|IAH|MTY|
MTY|DLC,|DLC|ICN|YVR|IAH|MTY|
MTY|DPS,|DPS|SZX|PVG|YVR|IAH|MTY|
MTY|DXB,|DXB|IST|IAH|MTY|
MTY|DYG,|DYG|PEK|IAH|MTY|
MTY|FUG,|FUG|CAN|YVR|IAH|MTY|
MTY|FUK,|FUK|ICN|YVR|IAH|MTY|
MTY|HAK,|HAK|CAN|YVR|IAH|MTY|
MTY|HAN,|HAN|PEK|IAH|MTY|
MTY|HDG,|HDG|CAN|YVR|IAH|MTY|
MTY|HET,|HET|DLC|ICN|YVR|IAH|MTY|
MTY|HFE,|HFE|XIY|PEK|IAH|MTY|
MTY|HJJ,|HJJ|CSX|PEK|IAH|MTY|
MTY|HKT,|HKT|KWE|PEK|IAH|MTY|
MTY|HRB,|HRB|ICN|YVR|IAH|MTY|
MTY|HZH,|HZH|CAN|YVR|IAH|MTY|
MTY|JIU,|JIU|CAN|YVR|IAH|MTY|
MTY|JJN,|JJN|PEK|IAH|MTY|
MTY|JNG,|JNG|CAN|YVR|IAH|MTY|
MTY|KHN,|KHN|DLC|ICN|YVR|IAH|MTY|
MTY|KIX,|KIX|SFO|IAH|MTY|
MTY|KOW,|KOW|PEK|IAH|MTY|
MTY|KTM,|KTM|IST|IAH|MTY|
MTY|KUL,|KUL|PVG|YVR|IAH|MTY|
MTY|KWE,|KWE|PEK|IAH|MTY|
MTY|KWL,|KWL|PEK|IAH|MTY|
MTY|LHW,|LHW|CGO|PEK|IAH|MTY|
MTY|LYA,|LYA|KHN|DLC|ICN|YVR|IAH|MTY|
MTY|LYG,|LYG|HSN|PEK|IAH|MTY|
MTY|LZH,|LZH|CAN|YVR|IAH|MTY|
MTY|MEL,|MEL|SYD|LAX|IAH|MTY|
MTY|MIG,|MIG|CSX|PEK|IAH|MTY|
MTY|MLE,|MLE|IST|IAH|MTY|
MTY|MNL,|MNL|XMN|PEK|IAH|MTY|
MTY|MXZ,|MXZ|CAN|YVR|IAH|MTY|
MTY|NAO,|NAO|PEK|IAH|MTY|
MTY|NGB,|NGB|PEK|IAH|MTY|
MTY|NKG,|NKG|DLC|ICN|YVR|IAH|MTY|
MTY|NNY,|NNY|CGO|PEK|IAH|MTY|
MTY|PEN,|PEN|CAN|YVR|IAH|MTY|
MTY|PER,|PER|CAN|YVR|IAH|MTY|
MTY|PNH,|PNH|CAN|YVR|IAH|MTY|
MTY|REP,|REP|ICN|YVR|IAH|MTY|
MTY|RGN,|RGN|CAN|YVR|IAH|MTY|
MTY|SGN,|SGN|HKG|YVR|IAH|MTY|
MTY|SHA,|SHA|PEK|IAH|MTY|
MTY|SIN,|SIN|HKG|YVR|IAH|MTY|
MTY|SVO,|SVO|URC|PEK|IAH|MTY|
MTY|SYX,|SYX|CAN|YVR|IAH|MTY|
MTY|TAO,|TAO|DLC|ICN|YVR|IAH|MTY|
MTY|TEN,|TEN|PEK|IAH|MTY|
MTY|TNA,|TNA|DLC|ICN|YVR|IAH|MTY|
MTY|TPE,|TPE|PVG|YVR|IAH|MTY|
MTY|TSN,|TSN|DLC|ICN|YVR|IAH|MTY|
MTY|TXN,|TXN|DLC|ICN|YVR|IAH|MTY|
MTY|TYN,|TYN|DLC|ICN|YVR|IAH|MTY|
MTY|WNZ,|WNZ|CGO|PEK|IAH|MTY|
MTY|WUX,|WUX|CAN|YVR|IAH|MTY|
MTY|XFN,|XFN|XMN|PEK|IAH|MTY|
MTY|XIY,|XIY|PEK|IAH|MTY|
MTY|XUZ,|XUZ|LYG|HSN|PEK|IAH|MTY|
MTY|YIH,|YIH|CKG|PEK|IAH|MTY|
MTY|YIW,|YIW|PEK|IAH|MTY|
MTY|YNT,|YNT|SHE|ICN|YVR|IAH|MTY|
MTY|YNZ,|YNZ|DLC|ICN|YVR|IAH|MTY|
MTY|YTY,|YTY|DLC|ICN|YVR|IAH|MTY|
MTY|ZHA,|ZHA|CAN|YVR|IAH|MTY|
MTY|ZYI,|ZYI|PEK|IAH|MTY|
MTY|BAV,|BAV|SJW|DLC|ICN|YVR|IAH|MTY|
MTY|CJU,|CJU|DLC|ICN|YVR|IAH|MTY|
MTY|DSN,|DSN|CGO|PEK|IAH|MTY|
MTY|HMI,|HMI|CGO|PEK|IAH|MTY|
MTY|INC,|INC|PEK|IAH|MTY|
MTY|KHH,|KHH|CGO|PEK|IAH|MTY|
MTY|UYN,|UYN|CGO|PEK|IAH|MTY|
MTY|XNN,|XNN|PEK|IAH|MTY|
MTY|ZUH,|ZUH|PVG|YVR|IAH|MTY|
MTY|YNJ,|YNJ|ICN|YVR|IAH|MTY|
MTY|DAT,|DAT|CIH|PEK|IAH|MTY|
MTY|JHG,|JHG|CKG|PEK|IAH|MTY|
MTY|LJG,|LJG|CKG|PEK|IAH|MTY|
MTY|LXA,|LXA|XIY|PEK|IAH|MTY|
MTY|YCU,|YCU|CSX|PEK|IAH|MTY|
MTY|LZO,|LZO|CSX|PEK|IAH|MTY|
MTY|MDG,|MDG|ICN|YVR|IAH|MTY|
MTY|NGO,|NGO|ICN|YVR|IAH|MTY|
MTY|TOY,|TOY|DLC|ICN|YVR|IAH|MTY|
MTY|MFM,|MFM|XMN|PEK|IAH|MTY|
MTY|TGO,|TGO|HET|DLC|ICN|YVR|IAH|MTY|
MTY|XIL,|XIL|HET|DLC|ICN|YVR|IAH|MTY|
MTY|HEK,|HEK|HRB|ICN|YVR|IAH|MTY|
MTY|KIJ,|KIJ|HRB|ICN|YVR|IAH|MTY|
MTY|LDS,|LDS|HRB|ICN|YVR|IAH|MTY|
MTY|OHE,|OHE|HRB|ICN|YVR|IAH|MTY|
MTY|HSN,|HSN|PEK|IAH|MTY|
MTY|DLU,|DLU|KMG|PEK|IAH|MTY|
MTY|SYM,|SYM|KMG|PEK|IAH|MTY|
MTY|ZAT,|ZAT|KMG|PEK|IAH|MTY|
MTY|LUN,|LUN|NBO|ZRH|YUL|IAH|MTY|
MTY|AOG,|AOG|PEK|IAH|MTY|
MTY|GMP,|GMP|PEK|IAH|MTY|
MTY|ISB,|ISB|IST|IAH|MTY|
MTY|TAS,|TAS|IST|IAH|MTY|
MTY|WUS,|WUS|PEK|IAH|MTY|
MTY|JMU,|JMU|PVG|YVR|IAH|MTY|
MTY|NDG,|NDG|PVG|YVR|IAH|MTY|
MTY|JXA,|JXA|SHE|ICN|YVR|IAH|MTY|
MTY|PUS,|PUS|SHE|ICN|YVR|IAH|MTY|
MTY|BKI,|BKI|SZX|PVG|YVR|IAH|MTY|
MTY|AKU,|AKU|URC|PEK|IAH|MTY|
MTY|ALA,|ALA|TSE|FRA|IAH|MTY|
MTY|ASB,|ASB|GYD|FRA|IAH|MTY|
MTY|DNH,|DNH|XIY|PEK|IAH|MTY|
MTY|DYU,|DYU|IST|IAH|MTY|
MTY|FRU,|FRU|IST|IAH|MTY|
MTY|GYD,|GYD|FRA|IAH|MTY|
MTY|HTN,|HTN|URC|PEK|IAH|MTY|
MTY|IKA,|IKA|SAW|VIE|YYZ|IAH|MTY|
MTY|KCA,|KCA|URC|PEK|IAH|MTY|
MTY|KHG,|KHG|URC|PEK|IAH|MTY|
MTY|KRL,|KRL|URC|PEK|IAH|MTY|
MTY|KRY,|KRY|URC|PEK|IAH|MTY|
MTY|LBD,|LBD|URC|PEK|IAH|MTY|
MTY|NLT,|NLT|URC|PEK|IAH|MTY|
MTY|OSS,|OSS|IST|IAH|MTY|
MTY|OVB,|OVB|IST|IAH|MTY|
MTY|TBS,|TBS|SAW|VIE|YYZ|IAH|MTY|
MTY|TCG,|TCG|URC|PEK|IAH|MTY|
MTY|TSE,|TSE|FRA|IAH|MTY|
MTY|YIN,|YIN|URC|PEK|IAH|MTY|
MTY|ENH,|ENH|WUH|PEK|IAH|MTY|
MTY|ENY,|ENY|XIY|PEK|IAH|MTY|
MTY|WXN,|WXN|XIY|PEK|IAH|MTY|
MTY|BLL,|BLL|IST|IAH|MTY|
MTY|ESB,|ESB|VIE|YYZ|IAH|MTY|
MTY|SAW,|SAW|VIE|YYZ|IAH|MTY|
MTY|HAM,|HAM|EWR|IAH|MTY|
MTY|HRE,|HRE|ADD|JED|FRA|IAH|MTY|
MTY|JUB,|JUB|CAI|JFK|IAD|IAH|MTY|
MTY|SSG,|SSG|DLA|BRU|YUL|IAH|MTY|
MTY|BGW,|BGW|ESB|VIE|YYZ|IAH|MTY|
MTY|EBL,|EBL|IST|IAH|MTY|
MTY|VKO,|VKO|IST|IAH|MTY|
MTY|MCT,|MCT|AUH|YYZ|IAH|MTY|
MTY|AYT,|AYT|IST|IAH|MTY|
MTY|SCQ,|SCQ|BIO|IST|IAH|MTY|
MTY|AAL,|AAL|IST|IAH|MTY|
MTY|AOE,|AOE|BRU|YUL|IAH|MTY|
MTY|JNB,|JNB|DKR|IAD|IAH|MTY|
MTY|LBV,|LBV|DLA|BRU|YUL|IAH|MTY|
MTY|ADA,|ADA|SAW|VIE|YYZ|IAH|MTY|
MTY|ADB,|ADB|HAM|EWR|IAH|MTY|
MTY|ADF,|ADF|ESB|VIE|YYZ|IAH|MTY|
MTY|AJI,|AJI|ESB|VIE|YYZ|IAH|MTY|
MTY|BAL,|BAL|ESB|VIE|YYZ|IAH|MTY|
MTY|BJV,|BJV|IST|IAH|MTY|
MTY|CKZ,|CKZ|ESB|VIE|YYZ|IAH|MTY|
MTY|DIY,|DIY|ESB|VIE|YYZ|IAH|MTY|
MTY|ECN,|ECN|IST|IAH|MTY|
MTY|ERC,|ERC|ESB|VIE|YYZ|IAH|MTY|
MTY|ERZ,|ERZ|ESB|VIE|YYZ|IAH|MTY|
MTY|EZS,|EZS|ESB|VIE|YYZ|IAH|MTY|
MTY|GNY,|GNY|ESB|VIE|YYZ|IAH|MTY|
MTY|GZP,|GZP|ESB|VIE|YYZ|IAH|MTY|
MTY|GZT,|GZT|ESB|VIE|YYZ|IAH|MTY|
MTY|HTY,|HTY|SAW|VIE|YYZ|IAH|MTY|
MTY|KCM,|KCM|ESB|VIE|YYZ|IAH|MTY|
MTY|KSY,|KSY|ESB|VIE|YYZ|IAH|MTY|
MTY|MLX,|MLX|ESB|VIE|YYZ|IAH|MTY|
MTY|MQM,|MQM|ESB|VIE|YYZ|IAH|MTY|
MTY|MSR,|MSR|ESB|VIE|YYZ|IAH|MTY|
MTY|TEQ,|TEQ|ESB|VIE|YYZ|IAH|MTY|
MTY|TZX,|TZX|ESB|VIE|YYZ|IAH|MTY|
MTY|VAN,|VAN|ESB|VIE|YYZ|IAH|MTY|
MTY|ULN,|ULN|FRU|IST|IAH|MTY|
MTY|HIJ,|HIJ|ICN|YVR|IAH|MTY|
MTY|VVO,|VVO|ICN|YVR|IAH|MTY|
MTY|ACC,|ACC|IST|IAH|MTY|
MTY|AER,|AER|IST|IAH|MTY|
MTY|AGP,|AGP|IST|IAH|MTY|
MTY|ALG,|ALG|IST|IAH|MTY|
MTY|AMM,|AMM|IST|IAH|MTY|
MTY|AQJ,|AQJ|IST|IAH|MTY|
MTY|ARN,|ARN|EWR|IAH|MTY|
MTY|ASR,|ASR|SAW|VIE|YYZ|IAH|MTY|
MTY|ATH,|ATH|IST|IAH|MTY|
MTY|BAH,|BAH|IST|IAH|MTY|
MTY|BEG,|BEG|IST|IAH|MTY|
MTY|BEN,|BEN|IST|IAH|MTY|
MTY|BEY,|BEY|IST|IAH|MTY|
MTY|BHX,|BHX|EWR|IAH|MTY|
MTY|BIO,|BIO|IST|IAH|MTY|
MTY|BLQ,|BLQ|IST|IAH|MTY|
MTY|BOM,|BOM|EWR|IAH|MTY|
MTY|BRE,|BRE|IST|IAH|MTY|
MTY|BSL,|BSL|IST|IAH|MTY|
MTY|BSR,|BSR|IST|IAH|MTY|
MTY|BUD,|BUD|IST|IAH|MTY|
MTY|BUS,|BUS|IST|IAH|MTY|
MTY|CAI,|CAI|JFK|IAD|IAH|MTY|
MTY|CGN,|CGN|IST|IAH|MTY|
MTY|CMN,|CMN|IST|IAH|MTY|
MTY|CND,|CND|IST|IAH|MTY|
MTY|DAR,|DAR|NBO|ZRH|YUL|IAH|MTY|
MTY|DLM,|DLM|IST|IAH|MTY|
MTY|DMM,|DMM|IST|IAH|MTY|
MTY|DNK,|DNK|IST|IAH|MTY|
MTY|DNZ,|DNZ|IST|IAH|MTY|
MTY|DOK,|DOK|IST|IAH|MTY|
MTY|DUS,|DUS|ORD|MTY|
MTY|EDI,|EDI|EWR|IAH|MTY|
MTY|ELQ,|ELQ|IST|IAH|MTY|
MTY|FDH,|FDH|IST|IAH|MTY|
MTY|GOA,|GOA|IST|IAH|MTY|
MTY|GOT,|GOT|BRU|YUL|IAH|MTY|
MTY|HAJ,|HAJ|BRU|YUL|IAH|MTY|
MTY|HBE,|HBE|IST|IAH|MTY|
MTY|HEL,|HEL|IST|IAH|MTY|
MTY|HRG,|HRG|IST|IAH|MTY|
MTY|IFN,|IFN|IST|IAH|MTY|
MTY|ISE,|ISE|IST|IAH|MTY|
MTY|ISU,|ISU|IST|IAH|MTY|
MTY|JIB,|JIB|IST|IAH|MTY|
MTY|JRO,|JRO|IST|IAH|MTY|
MTY|KAN,|KAN|IST|IAH|MTY|
MTY|KBL,|KBL|IST|IAH|MTY|
MTY|KBP,|KBP|IST|IAH|MTY|
MTY|KFS,|KFS|IST|IAH|MTY|
MTY|KHI,|KHI|IST|IAH|MTY|
MTY|KIV,|KIV|IST|IAH|MTY|
MTY|KRT,|KRT|IST|IAH|MTY|
MTY|KSH,|KSH|IST|IAH|MTY|
MTY|KVD,|KVD|IST|IAH|MTY|
MTY|KWI,|KWI|SAW|VIE|YYZ|IAH|MTY|
MTY|KYA,|KYA|IST|IAH|MTY|
MTY|KZN,|KZN|IST|IAH|MTY|
MTY|KZR,|KZR|IST|IAH|MTY|
MTY|LED,|LED|VIE|YYZ|IAH|MTY|
MTY|LEJ,|LEJ|IST|IAH|MTY|
MTY|LGW,|LGW|IST|IAH|MTY|
MTY|LHE,|LHE|IST|IAH|MTY|
MTY|LIS,|LIS|EWR|IAH|MTY|
MTY|LJU,|LJU|IST|IAH|MTY|
MTY|LOS,|LOS|IAH|MTY|
MTY|LUX,|LUX|IST|IAH|MTY|
MTY|LWO,|LWO|IST|IAH|MTY|
MTY|LYS,|LYS|IST|IAH|MTY|
MTY|MAD,|MAD|EWR|IAH|MTY|
MTY|MAN,|MAN|EWR|IAH|MTY|
MTY|MED,|MED|IST|IAH|MTY|
MTY|MHD,|MHD|IST|IAH|MTY|
MTY|MLA,|MLA|IST|IAH|MTY|
MTY|MRS,|MRS|IST|IAH|MTY|
MTY|MSQ,|MSQ|IST|IAH|MTY|
MTY|MXP,|MXP|EWR|IAH|MTY|
MTY|MZH,|MZH|IST|IAH|MTY|
MTY|MZR,|MZR|IST|IAH|MTY|
MTY|NAJ,|NAJ|IST|IAH|MTY|
MTY|NAV,|NAV|IST|IAH|MTY|
MTY|NCE,|NCE|IST|IAH|MTY|
MTY|NIM,|NIM|IST|IAH|MTY|
MTY|NJF,|NJF|IST|IAH|MTY|
MTY|NSI,|NSI|BRU|YUL|IAH|MTY|
MTY|NUE,|NUE|IST|IAH|MTY|
MTY|ODS,|ODS|IST|IAH|MTY|
MTY|ORN,|ORN|IST|IAH|MTY|
MTY|OTP,|OTP|IST|IAH|MTY|
MTY|PRG,|PRG|BRU|YUL|IAH|MTY|
MTY|PRN,|PRN|IST|IAH|MTY|
MTY|RIX,|RIX|IST|IAH|MTY|
MTY|ROV,|ROV|IST|IAH|MTY|
MTY|RTM,|RTM|IST|IAH|MTY|
MTY|RUH,|RUH|IST|IAH|MTY|
MTY|SAH,|SAH|IST|IAH|MTY|
MTY|SJJ,|SJJ|IST|IAH|MTY|
MTY|SKG,|SKG|IST|IAH|MTY|
MTY|SKP,|SKP|IST|IAH|MTY|
MTY|SSH,|SSH|IST|IAH|MTY|
MTY|STR,|STR|EWR|IAH|MTY|
MTY|SVX,|SVX|IST|IAH|MTY|
MTY|SYZ,|SYZ|IST|IAH|MTY|
MTY|SZG,|SZG|IST|IAH|MTY|
MTY|TBZ,|TBZ|IST|IAH|MTY|
MTY|TGD,|TGD|IST|IAH|MTY|
MTY|TIA,|TIA|IST|IAH|MTY|
MTY|TIF,|TIF|IST|IAH|MTY|
MTY|TIP,|TIP|IST|IAH|MTY|
MTY|TLL,|TLL|VNO|CPH|YYZ|IAH|MTY|
MTY|TLS,|TLS|IST|IAH|MTY|
MTY|TRN,|TRN|IST|IAH|MTY|
MTY|TUN,|TUN|IST|IAH|MTY|
MTY|TXL,|TXL|EWR|IAH|MTY|
MTY|UFA,|UFA|IST|IAH|MTY|
MTY|VAS,|VAS|SAW|VIE|YYZ|IAH|MTY|
MTY|VCE,|VCE|IST|IAH|MTY|
MTY|YNB,|YNB|IST|IAH|MTY|
MTY|ZAG,|ZAG|IST|IAH|MTY|
MTY|MGQ,|MGQ|JIB|IST|IAH|MTY|
MTY|CPT,|CPT|JNB|DKR|IAD|IAH|MTY|
MTY|MBA,|MBA|JRO|IST|IAH|MTY|
MTY|NDJ,|NDJ|KAN|IST|IAH|MTY|
MTY|CMB,|CMB|MLE|IST|IAH|MTY|
MTY|ADE,|ADE|SAH|IST|IAH|MTY|
MTY|ASF,|ASF|SAW|VIE|YYZ|IAH|MTY|
MTY|STW,|STW|SAW|VIE|YYZ|IAH|MTY|
MTY|LFW,|LFW|ABJ|BRU|YUL|IAH|MTY|
MTY|CEC,|CEC|ACV|SMF|IAH|MTY|
MTY|SMF,|SMF|IAH|MTY|
MTY|CDR,|CDR|AIA|DEN|IAH|MTY|
MTY|FMN,|FMN|DEN|IAH|MTY|
MTY|JST,|JST|IAD|IAH|MTY|
MTY|JHW,|JHW|CLE|IAH|MTY|
MTY|SHD,|SHD|IAD|IAH|MTY|
MTY|PTY,|PTY|IAH|MTY|
MTY|FNA,|FNA|BRU|YUL|IAH|MTY|
MTY|SXB,|SXB|BRU|YUL|IAH|MTY|
MTY|ACV,|ACV|SMF|IAH|MTY|
MTY|MGW,|MGW|IAD|IAH|MTY|
MTY|ALB,|ALB|IAD|IAH|MTY|
MTY|AUS,|AUS|IAH|MTY|
MTY|BFD,|BFD|CLE|IAH|MTY|
MTY|BUF,|BUF|CLE|IAH|MTY|
MTY|CHS,|CHS|IAH|MTY|
MTY|DAY,|DAY|ATL|IAH|MTY|
MTY|DUJ,|DUJ|CLE|IAH|MTY|
MTY|ERI,|ERI|CLE|IAH|MTY|
MTY|FKL,|FKL|CLE|IAH|MTY|
MTY|FNT,|FNT|CLE|IAH|MTY|
MTY|GRR,|GRR|ORD|MTY|
MTY|GSP,|GSP|IAH|MTY|
MTY|PBI,|PBI|IAH|MTY|
MTY|PKB,|PKB|CLE|IAH|MTY|
MTY|RIC,|RIC|IAH|MTY|
MTY|SDF,|SDF|IAH|MTY|
MTY|GUM,|GUM|HNL|IAH|MTY|
MTY|WRL,|WRL|CYS|DEN|IAH|MTY|
MTY|LBL,|MTY|
MTY|ABQ,|ABQ|IAH|MTY|
MTY|AIA,|AIA|DEN|IAH|MTY|
MTY|ALS,|ALS|DEN|IAH|MTY|
MTY|AMA,|AMA|IAH|MTY|
MTY|ANC,|ANC|DEN|IAH|MTY|
MTY|ASE,|ASE|DEN|IAH|MTY|
MTY|BFL,|BFL|IAH|MTY|
MTY|BHM,|BHM|IAH|MTY|
MTY|BIL,|BIL|DEN|IAH|MTY|
MTY|BIS,|BIS|DEN|IAH|MTY|
MTY|BOI,|BOI|DEN|IAH|MTY|
MTY|BUR,|BUR|PHX|IAH|MTY|
MTY|BZN,|BZN|DEN|IAH|MTY|
MTY|CID,|CID|ORD|MTY|
MTY|COD,|COD|DEN|IAH|MTY|
MTY|COS,|COS|IAH|MTY|
MTY|CPR,|CPR|DEN|IAH|MTY|
MTY|CYS,|CYS|DEN|IAH|MTY|
MTY|DIK,|DIK|DEN|IAH|MTY|
MTY|DRO,|DRO|DEN|IAH|MTY|
MTY|DSM,|DSM|IAH|MTY|
MTY|EGE,|EGE|DEN|IAH|MTY|
MTY|ELP,|ELP|IAH|MTY|
MTY|EUG,|EUG|DEN|IAH|MTY|
MTY|FAR,|FAR|ORD|MTY|
MTY|FAT,|FAT|LAS|IAH|MTY|
MTY|FCA,|FCA|DEN|IAH|MTY|
MTY|FSD,|FSD|DEN|IAH|MTY|
MTY|GCC,|GCC|DEN|IAH|MTY|
MTY|GEG,|GEG|DEN|IAH|MTY|
MTY|GJT,|GJT|IAH|MTY|
MTY|GTF,|GTF|DEN|IAH|MTY|
MTY|GUC,|GUC|DEN|IAH|MTY|
MTY|HDN,|HDN|DEN|IAH|MTY|
MTY|HLN,|HLN|DEN|IAH|MTY|
MTY|HSV,|HSV|IAH|MTY|
MTY|ICT,|ICT|IAH|MTY|
MTY|IDA,|IDA|DEN|IAH|MTY|
MTY|ISN,|ISN|DEN|IAH|MTY|
MTY|JAC,|JAC|DEN|IAH|MTY|
MTY|KOA,|KOA|LAX|IAH|MTY|
MTY|LAR,|LAR|DEN|IAH|MTY|
MTY|LBB,|LBB|IAH|MTY|
MTY|LIH,|LIH|LAX|IAH|MTY|
MTY|LIT,|LIT|IAH|MTY|
MTY|LNK,|LNK|DEN|IAH|MTY|
MTY|MAF,|MAF|IAH|MTY|
MTY|MEM,|MEM|IAH|MTY|
MTY|MFR,|MFR|DEN|IAH|MTY|
MTY|MLI,|MLI|ORD|MTY|
MTY|MOT,|MOT|DEN|IAH|MTY|
MTY|MRY,|MRY|LAX|IAH|MTY|
MTY|MSN,|MSN|ORD|MTY|
MTY|MSO,|MSO|DEN|IAH|MTY|
MTY|MTJ,|MTJ|DEN|IAH|MTY|
MTY|OKC,|OKC|IAH|MTY|
MTY|OMA,|OMA|IAH|MTY|
MTY|ONT,|ONT|PHX|IAH|MTY|
MTY|PIA,|PIA|ORD|MTY|
MTY|PIR,|PIR|DEN|IAH|MTY|
MTY|PSC,|PSC|DEN|IAH|MTY|
MTY|PSP,|PSP|IAH|MTY|
MTY|PUB,|PUB|DEN|IAH|MTY|
MTY|RAP,|RAP|DEN|IAH|MTY|
MTY|RDM,|RDM|DEN|IAH|MTY|
MTY|RKS,|RKS|DEN|IAH|MTY|
MTY|RNO,|RNO|LAS|IAH|MTY|
MTY|SAF,|SAF|DEN|IAH|MTY|
MTY|SAT,|SAT|IAH|MTY|
MTY|SBA,|SBA|LAX|IAH|MTY|
MTY|SGF,|SGF|ORD|MTY|
MTY|SGU,|SGU|DEN|IAH|MTY|
MTY|SHV,|SHV|IAH|MTY|
MTY|SJC,|SJC|IAH|MTY|
MTY|SLC,|SLC|IAH|MTY|
MTY|SNA,|SNA|IAH|MTY|
MTY|TUL,|TUL|IAH|MTY|
MTY|TUS,|TUS|IAH|MTY|
MTY|TYS,|TYS|IAH|MTY|
MTY|XNA,|XNA|IAH|MTY|
MTY|SAL,|SAL|IAH|MTY|
MTY|BJL,|BJL|DKR|IAD|IAH|MTY|
MTY|BFS,|BFS|EWR|IAH|MTY|
MTY|BON,|BON|IAH|MTY|
MTY|BQN,|BQN|EWR|IAH|MTY|
MTY|BTV,|BTV|IAD|IAH|MTY|
MTY|BZE,|BZE|IAH|MTY|
MTY|GLA,|GLA|EWR|IAH|MTY|
MTY|GSO,|GSO|IAD|IAH|MTY|
MTY|ITH,|ITH|EWR|IAH|MTY|
MTY|JAX,|JAX|IAH|MTY|
MTY|MHT,|MHT|EWR|IAH|MTY|
MTY|MYR,|MYR|ORD|MTY|
MTY|ORF,|ORF|IAH|MTY|
MTY|POS,|POS|IAH|MTY|
MTY|PVD,|PVD|EWR|IAH|MTY|
MTY|PWM,|PWM|IAD|IAH|MTY|
MTY|SAP,|SAP|IAH|MTY|
MTY|SAV,|SAV|IAH|MTY|
MTY|SDQ,|SDQ|EWR|IAH|MTY|
MTY|SJU,|SJU|IAH|MTY|
MTY|SNN,|SNN|EWR|IAH|MTY|
MTY|STT,|STT|IAD|IAH|MTY|
MTY|SXM,|SXM|IAD|IAH|MTY|
MTY|BIM,|BIM|FLL|IAH|MTY|
MTY|ELH,|ELH|PBI|IAH|MTY|
MTY|EYW,|EYW|MSY|IAH|MTY|
MTY|FPO,|FPO|FLL|IAH|MTY|
MTY|GHB,|GHB|FLL|IAH|MTY|
MTY|MHH,|MHH|PBI|IAH|MTY|
MTY|TCB,|TCB|FLL|IAH|MTY|
MTY|SOW,|SOW|PHX|IAH|MTY|
MTY|ROB,|ROB|FNA|BRU|YUL|IAH|MTY|
MTY|GIG,|GIG|IAH|MTY|
MTY|CNS,|CNS|GUM|HNL|IAH|MTY|
MTY|CTS,|CTS|GUM|HNL|IAH|MTY|
MTY|OKJ,|OKJ|GUM|HNL|IAH|MTY|
MTY|ROP,|ROP|GUM|HNL|IAH|MTY|
MTY|ROR,|ROR|GUM|HNL|IAH|MTY|
MTY|SDJ,|SDJ|GUM|HNL|IAH|MTY|
MTY|SPN,|SPN|GUM|HNL|IAH|MTY|
MTY|TKK,|TKK|PNI|KWA|MAJ|HNL|IAH|MTY|
MTY|YAP,|YAP|GUM|HNL|IAH|MTY|
MTY|MAJ,|MAJ|HNL|IAH|MTY|
MTY|AOO,|AOO|IAD|IAH|MTY|
MTY|BGM,|BGM|IAD|IAH|MTY|
MTY|BKW,|BKW|IAD|IAH|MTY|
MTY|CAE,|CAE|IAH|MTY|
MTY|CHO,|CHO|IAD|IAH|MTY|
MTY|CRW,|CRW|IAH|MTY|
MTY|FAY,|FAY|IAD|IAH|MTY|
MTY|LWB,|LWB|IAD|IAH|MTY|
MTY|ROA,|ROA|IAD|IAH|MTY|
MTY|SCE,|SCE|IAD|IAH|MTY|
MTY|ACA,|ACA|IAH|MTY|
MTY|ACY,|ACY|IAH|MTY|
MTY|AEX,|AEX|IAH|MTY|
MTY|AGU,|AGU|IAH|MTY|
MTY|BJX,|BJX|IAH|MTY|
MTY|BRO,|BRO|IAH|MTY|
MTY|BTR,|BTR|IAH|MTY|
MTY|CCS,|CCS|IAH|MTY|
MTY|CLL,|CLL|IAH|MTY|
MTY|CME,|CME|IAH|MTY|
MTY|CRP,|CRP|IAH|MTY|
MTY|CUU,|CUU|IAH|MTY|
MTY|DAL,|DAL|IAH|MTY|
MTY|DGO,|DGO|IAH|MTY|
MTY|GDL,|GDL|IAH|MTY|
MTY|GPT,|GPT|IAH|MTY|
MTY|GRK,|GRK|IAH|MTY|
MTY|HOB,|HOB|IAH|MTY|
MTY|HRL,|HRL|IAH|MTY|
MTY|HUX,|HUX|IAH|MTY|
MTY|JAN,|JAN|IAH|MTY|
MTY|LCH,|LCH|IAH|MTY|
MTY|LEX,|LEX|IAH|MTY|
MTY|LFT,|LFT|IAH|MTY|
MTY|LRD,|LRD|IAH|MTY|
MTY|MFE,|MFE|IAH|MTY|
MTY|MGA,|MGA|IAH|MTY|
MTY|MID,|MID|IAH|MTY|
MTY|MLM,|MLM|IAH|MTY|
MTY|MLU,|MLU|IAH|MTY|
MTY|MOB,|MOB|IAH|MTY|
MTY|OAX,|OAX|IAH|MTY|
MTY|PBC,|PBC|IAH|MTY|
MTY|PNS,|PNS|IAH|MTY|
MTY|QRO,|QRO|IAH|MTY|
MTY|RTB,|RTB|IAH|MTY|
MTY|SLP,|SLP|IAH|MTY|
MTY|SLW,|SLW|IAH|MTY|
MTY|TAM,|TAM|IAH|MTY|
MTY|TGU,|TGU|IAH|MTY|
MTY|TRC,|TRC|IAH|MTY|
MTY|TYR,|TYR|IAH|MTY|
MTY|UIO,|UIO|IAH|MTY|
MTY|VER,|VER|IAH|MTY|
MTY|VPS,|VPS|IAH|MTY|
MTY|VSA,|VSA|IAH|MTY|
MTY|ZIH,|ZIH|IAH|MTY|
MTY|ZLO,|ZLO|IAH|MTY|
MTY|KWA,|KWA|MAJ|HNL|IAH|MTY|
MTY|PNI,|PNI|KWA|MAJ|HNL|IAH|MTY|
MTY|KSA,|KSA|KWA|MAJ|HNL|IAH|MTY|
MTY|CLD,|CLD|LAX|IAH|MTY|
MTY|ITO,|ITO|LAX|IAH|MTY|
MTY|SBP,|SBP|LAX|IAH|MTY|
MTY|SMX,|SMX|LAX|IAH|MTY|
MTY|YUM,|YUM|LAX|IAH|MTY|
MTY|DDC,|MTY|
MTY|TMS,|TMS|LIS|EWR|IAH|MTY|
MTY|PHC,|PHC|LOS|IAH|MTY|
MTY|GNV,|GNV|TPA|IAH|MTY|
MTY|TLH,|TLH|TPA|IAH|MTY|
MTY|CKB,|CKB|MGW|IAD|IAH|MTY|
MTY|BAQ,|BAQ|MIA|IAH|MTY|
MTY|CLO,|CLO|MIA|IAH|MTY|
MTY|CTG,|CTG|MIA|IAH|MTY|
MTY|MDE,|MDE|MIA|IAH|MTY|
MTY|ABE,|ABE|ORD|MTY|
MTY|ATW,|ATW|ORD|MTY|
MTY|AVL,|AVL|ORD|MTY|
MTY|AVP,|AVP|ORD|MTY|
MTY|CAK,|CAK|ATL|IAH|MTY|
MTY|CMX,|CMX|ORD|MTY|
MTY|CWA,|CWA|ORD|MTY|
MTY|DLH,|DLH|ORD|MTY|
MTY|EAU,|EAU|ORD|MTY|
MTY|ELM,|ELM|ORD|MTY|
MTY|FOE,|FOE|ORD|MTY|
MTY|FWA,|FWA|ORD|MTY|
MTY|GRB,|GRB|ORD|MTY|
MTY|HPN,|HPN|ORD|MTY|
MTY|LAN,|LAN|ORD|MTY|
MTY|MBS,|MBS|ORD|MTY|
MTY|MKG,|MKG|ORD|MTY|
MTY|PAH,|PAH|ORD|MTY|
MTY|SBN,|SBN|ORD|MTY|
MTY|SPI,|SPI|ORD|MTY|
MTY|SRQ,|SRQ|ORD|MTY|
MTY|STC,|STC|ORD|MTY|
MTY|TVC,|TVC|ORD|MTY|
MTY|LMT,|LMT|SFO|IAH|MTY|
MTY|HON,|HON|PIR|DEN|IAH|MTY|
MTY|CIC,|CIC|SFO|IAH|MTY|
MTY|MOD,|MOD|SFO|IAH|MTY|
MTY|OTH,|OTH|SFO|IAH|MTY|
MTY|RDD,|RDD|SFO|IAH|MTY|
MTY|EIS,|EIS|SJU|IAH|MTY|
MTY|DME,|DME|VIE|YYZ|IAH|MTY|
MTY|EVN,|EVN|VIE|YYZ|IAH|MTY|
MTY|HOU,|HOU|AUS|IAH|MTY|
MTY|MDW,|MDW|LIT|IAH|MTY|
MTY|OAK,|OAK|LAS|IAH|MTY|
MTY|ECP,|ECP|HOU|AUS|IAH|MTY|
MTY|ISP,|ISP|BWI|IAH|MTY|
MTY|YHM,|YHM|YQM|EWR|IAH|MTY|
MTY|YXX,|YXX|YYC|IAH|MTY|
MTY|YBR,|YBR|YYC|IAH|MTY|
MTY|YKF,|YKF|YYC|IAH|MTY|
MTY|GDN,|MTY|
MTY|TRD,|MTY|
MTY|NKC,|MTY|
MTY|PGA,|MTY|
