NKC|BRU,|BRU|DKR|NKC|
NKC|OUA,|OUA|BRU|DKR|NKC|
NKC|JED,|JED|IST|DKR|NKC|
NKC|CPH,|CPH|IST|DKR|NKC|
NKC|YYZ,|YYZ|IAD|DKR|NKC|
NKC|DEN,|DEN|IAD|DKR|NKC|
NKC|YUL,|YUL|IAD|DKR|NKC|
NKC|NBO,|NBO|IST|DKR|NKC|
NKC|ICN,|ICN|IST|DKR|NKC|
NKC|NRT,|NRT|IST|DKR|NKC|
NKC|YHZ,|YHZ|LGA|IAD|DKR|NKC|
NKC|YOW,|YOW|IAD|DKR|NKC|
NKC|BJM,|BJM|BRU|DKR|NKC|
NKC|COO,|COO|BRU|DKR|NKC|
NKC|DKR,|DKR|NKC|
NKC|DLA,|DLA|BRU|DKR|NKC|
NKC|KGL,|KGL|IST|DKR|NKC|
NKC|LAD,|LAD|BRU|DKR|NKC|
NKC|ABJ,|ABJ|BRU|DKR|NKC|
NKC|AMS,|AMS|IST|DKR|NKC|
NKC|OSL,|OSL|IST|DKR|NKC|
NKC|VNO,|VNO|IST|DKR|NKC|
NKC|WAW,|WAW|IST|DKR|NKC|
NKC|YYC,|YYC|ORD|IAD|DKR|NKC|
NKC|ATL,|ATL|IAD|DKR|NKC|
NKC|MSY,|MSY|IAD|DKR|NKC|
NKC|YEG,|YEG|ORD|IAD|DKR|NKC|
NKC|YMM,|YMM|YYZ|IAD|DKR|NKC|
NKC|YQR,|YQR|ORD|IAD|DKR|NKC|
NKC|YVR,|YVR|ORD|IAD|DKR|NKC|
NKC|YWG,|YWG|YYZ|IAD|DKR|NKC|
NKC|YXE,|YXE|ORD|IAD|DKR|NKC|
NKC|CKY,|CKY|DKR|NKC|
NKC|FIH,|FIH|IST|DKR|NKC|
NKC|SCL,|SCL|YYZ|IAD|DKR|NKC|
NKC|LCA,|LCA|FRA|IST|DKR|NKC|
NKC|NAP,|NAP|IST|DKR|NKC|
NKC|VLC,|VLC|IST|DKR|NKC|
NKC|BKK,|BKK|IST|DKR|NKC|
NKC|ADD,|ADD|IST|DKR|NKC|
NKC|FRA,|FRA|IST|DKR|NKC|
NKC|IST,|IST|DKR|NKC|
NKC|EBB,|EBB|KGL|IST|DKR|NKC|
NKC|YLW,|YLW|YYC|ORD|IAD|DKR|NKC|
NKC|YYT,|YYT|YHZ|LGA|IAD|DKR|NKC|
NKC|GUA,|GUA|IAD|DKR|NKC|
NKC|EWR,|EWR|IAD|DKR|NKC|
NKC|IAD,|IAD|DKR|NKC|
NKC|IAH,|IAH|IAD|DKR|NKC|
NKC|ORD,|ORD|IAD|DKR|NKC|
NKC|SOF,|SOF|IST|DKR|NKC|
NKC|YQB,|YQB|YUL|IAD|DKR|NKC|
NKC|YXU,|YXU|YYZ|IAD|DKR|NKC|
NKC|EZE,|EZE|GRU|IAD|DKR|NKC|
NKC|YYJ,|YYJ|YVR|ORD|IAD|DKR|NKC|
NKC|YYY,|YYY|YUL|IAD|DKR|NKC|
NKC|YQQ,|YQQ|YYC|ORD|IAD|DKR|NKC|
NKC|YYR,|YYR|YWK|YZV|YUL|IAD|DKR|NKC|
NKC|LHR,|LHR|IST|DKR|NKC|
NKC|SFO,|SFO|IAD|DKR|NKC|
NKC|YQU,|YQU|YEG|ORD|IAD|DKR|NKC|
NKC|YZF,|YZF|YEG|ORD|IAD|DKR|NKC|
NKC|YGR,|YGR|YGP|YQB|YUL|IAD|DKR|NKC|
NKC|YGP,|YGP|YQB|YUL|IAD|DKR|NKC|
NKC|BOS,|BOS|IAD|DKR|NKC|
NKC|YDF,|YDF|YHZ|LGA|IAD|DKR|NKC|
NKC|YFC,|YFC|YUL|IAD|DKR|NKC|
NKC|YQM,|YQM|EWR|IAD|DKR|NKC|
NKC|YQX,|YQX|YHZ|LGA|IAD|DKR|NKC|
NKC|YQY,|YQY|YHZ|LGA|IAD|DKR|NKC|
NKC|YSJ,|YSJ|YUL|IAD|DKR|NKC|
NKC|YYG,|YYG|YHZ|LGA|IAD|DKR|NKC|
NKC|LAX,|LAX|IAD|DKR|NKC|
NKC|DCA,|DCA|EWR|IAD|DKR|NKC|
NKC|LGA,|LGA|IAD|DKR|NKC|
NKC|YZV,|YZV|YUL|IAD|DKR|NKC|
NKC|YWL,|YWL|YVR|ORD|IAD|DKR|NKC|
NKC|AZS,|AZS|YYZ|IAD|DKR|NKC|
NKC|BDL,|BDL|IAD|DKR|NKC|
NKC|CCC,|CCC|YYZ|IAD|DKR|NKC|
NKC|CDG,|CDG|IST|DKR|NKC|
NKC|CUN,|CUN|IAD|DKR|NKC|
NKC|CZM,|CZM|IAH|IAD|DKR|NKC|
NKC|FDF,|FDF|YUL|IAD|DKR|NKC|
NKC|FLL,|FLL|IAD|DKR|NKC|
NKC|GVA,|GVA|IST|DKR|NKC|
NKC|HOG,|HOG|YYZ|IAD|DKR|NKC|
NKC|LAS,|LAS|IAD|DKR|NKC|
NKC|MBJ,|MBJ|IAD|DKR|NKC|
NKC|MCO,|MCO|IAD|DKR|NKC|
NKC|MUC,|MUC|IST|DKR|NKC|
NKC|PAP,|PAP|YUL|IAD|DKR|NKC|
NKC|PTP,|PTP|YUL|IAD|DKR|NKC|
NKC|PUJ,|PUJ|IAD|DKR|NKC|
NKC|SNU,|SNU|YYZ|IAD|DKR|NKC|
NKC|VRA,|VRA|YYZ|IAD|DKR|NKC|
NKC|YBC,|YBC|YUL|IAD|DKR|NKC|
NKC|YBG,|YBG|YUL|IAD|DKR|NKC|
NKC|YTZ,|YTZ|YUL|IAD|DKR|NKC|
NKC|YUY,|YUY|YUL|IAD|DKR|NKC|
NKC|YVO,|YVO|YUL|IAD|DKR|NKC|
NKC|ZBF,|ZBF|YUL|IAD|DKR|NKC|
NKC|ZRH,|ZRH|IST|DKR|NKC|
NKC|ZSA,|ZSA|YUL|IAD|DKR|NKC|
NKC|AKL,|AKL|LAX|IAD|DKR|NKC|
NKC|HKG,|HKG|IST|DKR|NKC|
NKC|HND,|HND|YVR|ORD|IAD|DKR|NKC|
NKC|HNL,|HNL|IAD|DKR|NKC|
NKC|MEX,|MEX|IAD|DKR|NKC|
NKC|OGG,|OGG|DEN|IAD|DKR|NKC|
NKC|PDX,|PDX|IAD|DKR|NKC|
NKC|PEK,|PEK|IST|DKR|NKC|
NKC|PVG,|PVG|IST|DKR|NKC|
NKC|PVR,|PVR|IAH|IAD|DKR|NKC|
NKC|SEA,|SEA|IAD|DKR|NKC|
NKC|SYD,|SYD|BKK|IST|DKR|NKC|
NKC|YBL,|YBL|YVR|ORD|IAD|DKR|NKC|
NKC|YCD,|YCD|YVR|ORD|IAD|DKR|NKC|
NKC|YCG,|YCG|YYC|ORD|IAD|DKR|NKC|
NKC|YKA,|YKA|YYC|ORD|IAD|DKR|NKC|
NKC|YPR,|YPR|YVR|ORD|IAD|DKR|NKC|
NKC|YQZ,|YQZ|YVR|ORD|IAD|DKR|NKC|
NKC|YXC,|YXC|YYC|ORD|IAD|DKR|NKC|
NKC|YXJ,|YXJ|YYC|ORD|IAD|DKR|NKC|
NKC|YXS,|YXS|YYC|ORD|IAD|DKR|NKC|
NKC|YXT,|YXT|YVR|ORD|IAD|DKR|NKC|
NKC|YXY,|YXY|YVR|ORD|IAD|DKR|NKC|
NKC|YYD,|YYD|YVR|ORD|IAD|DKR|NKC|
NKC|YYF,|YYF|YVR|ORD|IAD|DKR|NKC|
NKC|YZP,|YZP|YVR|ORD|IAD|DKR|NKC|
NKC|YQT,|YQT|YYZ|IAD|DKR|NKC|
NKC|SJD,|SJD|IAH|IAD|DKR|NKC|
NKC|YQF,|YQF|YYC|ORD|IAD|DKR|NKC|
NKC|YQL,|YQL|YYC|ORD|IAD|DKR|NKC|
NKC|YXH,|YXH|YYC|ORD|IAD|DKR|NKC|
NKC|YWK,|YWK|YZV|YUL|IAD|DKR|NKC|
NKC|ANU,|ANU|EWR|IAD|DKR|NKC|
NKC|AUA,|AUA|IAD|DKR|NKC|
NKC|AUH,|AUH|IST|DKR|NKC|
NKC|BCN,|BCN|IST|DKR|NKC|
NKC|BDA,|BDA|EWR|IAD|DKR|NKC|
NKC|BGI,|BGI|YYZ|IAD|DKR|NKC|
NKC|BNA,|BNA|IAD|DKR|NKC|
NKC|BOG,|BOG|IAD|DKR|NKC|
NKC|BWI,|BWI|ORF|IAD|DKR|NKC|
NKC|CLE,|CLE|IAD|DKR|NKC|
NKC|CLT,|CLT|IAD|DKR|NKC|
NKC|CMH,|CMH|IAD|DKR|NKC|
NKC|CVG,|CVG|IAD|DKR|NKC|
NKC|DFW,|DFW|IAD|DKR|NKC|
NKC|DTW,|DTW|IAD|DKR|NKC|
NKC|DUB,|DUB|IST|DKR|NKC|
NKC|FCO,|FCO|IST|DKR|NKC|
NKC|GCM,|GCM|IAD|DKR|NKC|
NKC|GGT,|GGT|FLL|IAD|DKR|NKC|
NKC|GND,|GND|YYZ|IAD|DKR|NKC|
NKC|GRU,|GRU|IAD|DKR|NKC|
NKC|HAV,|HAV|YYZ|IAD|DKR|NKC|
NKC|IND,|IND|IAD|DKR|NKC|
NKC|JFK,|JFK|IAD|DKR|NKC|
NKC|KIN,|KIN|YYZ|IAD|DKR|NKC|
NKC|LIM,|LIM|MIA|IAD|DKR|NKC|
NKC|LIR,|LIR|EWR|IAD|DKR|NKC|
NKC|MCI,|MCI|IAD|DKR|NKC|
NKC|MDT,|MDT|IAD|DKR|NKC|
NKC|MIA,|MIA|IAD|DKR|NKC|
NKC|MKE,|MKE|CLE|IAD|DKR|NKC|
NKC|MSP,|MSP|IAD|DKR|NKC|
NKC|NAS,|NAS|ATL|IAD|DKR|NKC|
NKC|PHL,|PHL|IAD|DKR|NKC|
NKC|PHX,|PHX|IAD|DKR|NKC|
NKC|PIT,|PIT|IAD|DKR|NKC|
NKC|PLS,|PLS|EWR|IAD|DKR|NKC|
NKC|POP,|POP|EWR|IAD|DKR|NKC|
NKC|RDU,|RDU|IAD|DKR|NKC|
NKC|ROC,|ROC|IAD|DKR|NKC|
NKC|RSW,|RSW|MCO|IAD|DKR|NKC|
NKC|SAN,|SAN|IAD|DKR|NKC|
NKC|SJO,|SJO|IAD|DKR|NKC|
NKC|STL,|STL|IAD|DKR|NKC|
NKC|SYR,|SYR|IAD|DKR|NKC|
NKC|TLV,|TLV|IST|DKR|NKC|
NKC|TPA,|TPA|IAD|DKR|NKC|
NKC|UVF,|UVF|EWR|IAD|DKR|NKC|
NKC|VIE,|VIE|IST|DKR|NKC|
NKC|YAM,|YAM|YYZ|IAD|DKR|NKC|
NKC|YGK,|YGK|YYZ|IAD|DKR|NKC|
NKC|YQG,|YQG|YYZ|IAD|DKR|NKC|
NKC|YSB,|YSB|YYZ|IAD|DKR|NKC|
NKC|YTS,|YTS|YYZ|IAD|DKR|NKC|
NKC|YYB,|YYB|YYZ|IAD|DKR|NKC|
NKC|YZR,|YZR|YYZ|IAD|DKR|NKC|
NKC|CAN,|CAN|IST|DKR|NKC|
NKC|URC,|URC|IST|DKR|NKC|
NKC|CTU,|CTU|URC|IST|DKR|NKC|
NKC|HGH,|HGH|URC|IST|DKR|NKC|
NKC|XMN,|XMN|CSX|URC|IST|DKR|NKC|
NKC|CGO,|CGO|URC|IST|DKR|NKC|
NKC|CSX,|CSX|URC|IST|DKR|NKC|
NKC|SHE,|SHE|PEK|IST|DKR|NKC|
NKC|SJW,|SJW|URC|IST|DKR|NKC|
NKC|WUH,|WUH|URC|IST|DKR|NKC|
NKC|SZX,|SZX|CKG|URC|IST|DKR|NKC|
NKC|CKG,|CKG|URC|IST|DKR|NKC|
NKC|KMG,|KMG|CTU|URC|IST|DKR|NKC|
NKC|FOC,|FOC|XIY|URC|IST|DKR|NKC|
NKC|NNG,|NNG|KWE|URC|IST|DKR|NKC|
NKC|SWA,|SWA|CAN|IST|DKR|NKC|
NKC|ACX,|ACX|CAN|IST|DKR|NKC|
NKC|AQG,|AQG|CAN|IST|DKR|NKC|
NKC|AVA,|AVA|CAN|IST|DKR|NKC|
NKC|BFJ,|BFJ|CAN|IST|DKR|NKC|
NKC|BHY,|BHY|CKG|URC|IST|DKR|NKC|
NKC|BNE,|BNE|BKK|IST|DKR|NKC|
NKC|CGD,|CGD|PEK|IST|DKR|NKC|
NKC|CGK,|CGK|SIN|IST|DKR|NKC|
NKC|CGQ,|CGQ|HET|URC|IST|DKR|NKC|
NKC|CIH,|CIH|PEK|IST|DKR|NKC|
NKC|CNX,|CNX|CAN|IST|DKR|NKC|
NKC|CZX,|CZX|TYN|URC|IST|DKR|NKC|
NKC|DAC,|DAC|IST|DKR|NKC|
NKC|DAD,|DAD|CAN|IST|DKR|NKC|
NKC|DEL,|DEL|IST|DKR|NKC|
NKC|DIG,|DIG|KMG|CTU|URC|IST|DKR|NKC|
NKC|DLC,|DLC|PEK|IST|DKR|NKC|
NKC|DPS,|DPS|CAN|IST|DKR|NKC|
NKC|DXB,|DXB|IST|DKR|NKC|
NKC|DYG,|DYG|CSX|URC|IST|DKR|NKC|
NKC|FUG,|FUG|CAN|IST|DKR|NKC|
NKC|FUK,|FUK|ICN|IST|DKR|NKC|
NKC|HAK,|HAK|CTU|URC|IST|DKR|NKC|
NKC|HAN,|HAN|CAN|IST|DKR|NKC|
NKC|HDG,|HDG|CAN|IST|DKR|NKC|
NKC|HET,|HET|URC|IST|DKR|NKC|
NKC|HFE,|HFE|XIY|URC|IST|DKR|NKC|
NKC|HJJ,|HJJ|CSX|URC|IST|DKR|NKC|
NKC|HKT,|HKT|KWE|URC|IST|DKR|NKC|
NKC|HRB,|HRB|PEK|IST|DKR|NKC|
NKC|HZH,|HZH|CAN|IST|DKR|NKC|
NKC|JIU,|JIU|CAN|IST|DKR|NKC|
NKC|JJN,|JJN|CSX|URC|IST|DKR|NKC|
NKC|JNG,|JNG|CAN|IST|DKR|NKC|
NKC|KHN,|KHN|XIY|URC|IST|DKR|NKC|
NKC|KIX,|KIX|IST|DKR|NKC|
NKC|KOW,|KOW|CAN|IST|DKR|NKC|
NKC|KTM,|KTM|IST|DKR|NKC|
NKC|KUL,|KUL|IST|DKR|NKC|
NKC|KWE,|KWE|URC|IST|DKR|NKC|
NKC|KWL,|KWL|CKG|URC|IST|DKR|NKC|
NKC|LHW,|LHW|URC|IST|DKR|NKC|
NKC|LYA,|LYA|KHN|XIY|URC|IST|DKR|NKC|
NKC|LYG,|LYG|XUZ|INC|URC|IST|DKR|NKC|
NKC|LZH,|LZH|CAN|IST|DKR|NKC|
NKC|MEL,|MEL|BKK|IST|DKR|NKC|
NKC|MIG,|MIG|CSX|URC|IST|DKR|NKC|
NKC|MLE,|MLE|IST|DKR|NKC|
NKC|MNL,|MNL|CAN|IST|DKR|NKC|
NKC|MXZ,|MXZ|CAN|IST|DKR|NKC|
NKC|NAO,|NAO|PEK|IST|DKR|NKC|
NKC|NGB,|NGB|WUH|URC|IST|DKR|NKC|
NKC|NKG,|NKG|URC|IST|DKR|NKC|
NKC|NNY,|NNY|CGO|URC|IST|DKR|NKC|
NKC|PEN,|PEN|CAN|IST|DKR|NKC|
NKC|PER,|PER|BKK|IST|DKR|NKC|
NKC|PNH,|PNH|CAN|IST|DKR|NKC|
NKC|REP,|REP|CAN|IST|DKR|NKC|
NKC|RGN,|RGN|CAN|IST|DKR|NKC|
NKC|SGN,|SGN|BKK|IST|DKR|NKC|
NKC|SHA,|SHA|URC|IST|DKR|NKC|
NKC|SIN,|SIN|IST|DKR|NKC|
NKC|SVO,|SVO|URC|IST|DKR|NKC|
NKC|SYX,|SYX|CKG|URC|IST|DKR|NKC|
NKC|TAO,|TAO|TYN|URC|IST|DKR|NKC|
NKC|TEN,|TEN|CAN|IST|DKR|NKC|
NKC|TNA,|TNA|URC|IST|DKR|NKC|
NKC|TPE,|TPE|URC|IST|DKR|NKC|
NKC|TSN,|TSN|HET|URC|IST|DKR|NKC|
NKC|TXN,|TXN|TYN|URC|IST|DKR|NKC|
NKC|TYN,|TYN|URC|IST|DKR|NKC|
NKC|WNZ,|WNZ|XIY|URC|IST|DKR|NKC|
NKC|WUX,|WUX|CAN|IST|DKR|NKC|
NKC|XFN,|XFN|CAN|IST|DKR|NKC|
NKC|XIY,|XIY|URC|IST|DKR|NKC|
NKC|XUZ,|XUZ|INC|URC|IST|DKR|NKC|
NKC|YIH,|YIH|CKG|URC|IST|DKR|NKC|
NKC|YIW,|YIW|URC|IST|DKR|NKC|
NKC|YNT,|YNT|SHE|PEK|IST|DKR|NKC|
NKC|YNZ,|YNZ|WUH|URC|IST|DKR|NKC|
NKC|YTY,|YTY|CGO|URC|IST|DKR|NKC|
NKC|ZHA,|ZHA|CAN|IST|DKR|NKC|
NKC|ZYI,|ZYI|CAN|IST|DKR|NKC|
NKC|BAV,|BAV|URC|IST|DKR|NKC|
NKC|CJU,|CJU|DLC|PEK|IST|DKR|NKC|
NKC|DSN,|DSN|CGO|URC|IST|DKR|NKC|
NKC|HMI,|HMI|URC|IST|DKR|NKC|
NKC|INC,|INC|URC|IST|DKR|NKC|
NKC|KHH,|KHH|WUH|URC|IST|DKR|NKC|
NKC|UYN,|UYN|XIY|URC|IST|DKR|NKC|
NKC|XNN,|XNN|URC|IST|DKR|NKC|
NKC|ZUH,|ZUH|KWE|URC|IST|DKR|NKC|
NKC|YNJ,|YNJ|PEK|IST|DKR|NKC|
NKC|DAT,|DAT|TYN|URC|IST|DKR|NKC|
NKC|JHG,|JHG|KMG|CTU|URC|IST|DKR|NKC|
NKC|LJG,|LJG|KMG|CTU|URC|IST|DKR|NKC|
NKC|LXA,|LXA|CKG|URC|IST|DKR|NKC|
NKC|YCU,|YCU|CKG|URC|IST|DKR|NKC|
NKC|LZO,|LZO|CSX|URC|IST|DKR|NKC|
NKC|MDG,|MDG|DLC|PEK|IST|DKR|NKC|
NKC|NGO,|NGO|ICN|IST|DKR|NKC|
NKC|TOY,|TOY|DLC|PEK|IST|DKR|NKC|
NKC|MFM,|MFM|XMN|CSX|URC|IST|DKR|NKC|
NKC|TGO,|TGO|HET|URC|IST|DKR|NKC|
NKC|XIL,|XIL|HET|URC|IST|DKR|NKC|
NKC|HEK,|HEK|HRB|PEK|IST|DKR|NKC|
NKC|KIJ,|KIJ|HRB|PEK|IST|DKR|NKC|
NKC|LDS,|LDS|HRB|PEK|IST|DKR|NKC|
NKC|OHE,|OHE|HRB|PEK|IST|DKR|NKC|
NKC|HSN,|HSN|LYG|XUZ|INC|URC|IST|DKR|NKC|
NKC|DLU,|DLU|KMG|CTU|URC|IST|DKR|NKC|
NKC|SYM,|SYM|KMG|CTU|URC|IST|DKR|NKC|
NKC|ZAT,|ZAT|KMG|CTU|URC|IST|DKR|NKC|
NKC|LUN,|LUN|NBO|IST|DKR|NKC|
NKC|AOG,|AOG|PEK|IST|DKR|NKC|
NKC|GMP,|GMP|PEK|IST|DKR|NKC|
NKC|ISB,|ISB|IST|DKR|NKC|
NKC|TAS,|TAS|IST|DKR|NKC|
NKC|WUS,|WUS|PEK|IST|DKR|NKC|
NKC|JMU,|JMU|PVG|IST|DKR|NKC|
NKC|NDG,|NDG|PVG|IST|DKR|NKC|
NKC|JXA,|JXA|SHE|PEK|IST|DKR|NKC|
NKC|PUS,|PUS|SHE|PEK|IST|DKR|NKC|
NKC|BKI,|BKI|SZX|CKG|URC|IST|DKR|NKC|
NKC|AKU,|AKU|URC|IST|DKR|NKC|
NKC|ALA,|ALA|IST|DKR|NKC|
NKC|ASB,|ASB|IST|DKR|NKC|
NKC|DNH,|DNH|URC|IST|DKR|NKC|
NKC|DYU,|DYU|IST|DKR|NKC|
NKC|FRU,|FRU|IST|DKR|NKC|
NKC|GYD,|GYD|IST|DKR|NKC|
NKC|HTN,|HTN|URC|IST|DKR|NKC|
NKC|IKA,|IKA|IST|DKR|NKC|
NKC|KCA,|KCA|URC|IST|DKR|NKC|
NKC|KHG,|KHG|URC|IST|DKR|NKC|
NKC|KRL,|KRL|URC|IST|DKR|NKC|
NKC|KRY,|KRY|URC|IST|DKR|NKC|
NKC|LBD,|LBD|URC|IST|DKR|NKC|
NKC|NLT,|NLT|URC|IST|DKR|NKC|
NKC|OSS,|OSS|IST|DKR|NKC|
NKC|OVB,|OVB|IST|DKR|NKC|
NKC|TBS,|TBS|IST|DKR|NKC|
NKC|TCG,|TCG|URC|IST|DKR|NKC|
NKC|TSE,|TSE|IST|DKR|NKC|
NKC|YIN,|YIN|URC|IST|DKR|NKC|
NKC|ENH,|ENH|WUH|URC|IST|DKR|NKC|
NKC|ENY,|ENY|XIY|URC|IST|DKR|NKC|
NKC|WXN,|WXN|XIY|URC|IST|DKR|NKC|
NKC|BLL,|BLL|IST|DKR|NKC|
NKC|ESB,|ESB|IST|DKR|NKC|
NKC|SAW,|SAW|ADB|IST|DKR|NKC|
NKC|HAM,|HAM|IST|DKR|NKC|
NKC|HRE,|HRE|ADD|IST|DKR|NKC|
NKC|JUB,|JUB|CAI|IST|DKR|NKC|
NKC|SSG,|SSG|DLA|BRU|DKR|NKC|
NKC|BGW,|BGW|IST|DKR|NKC|
NKC|EBL,|EBL|IST|DKR|NKC|
NKC|VKO,|VKO|IST|DKR|NKC|
NKC|MCT,|MCT|IST|DKR|NKC|
NKC|AYT,|AYT|IST|DKR|NKC|
NKC|SCQ,|SCQ|BIO|IST|DKR|NKC|
NKC|AAL,|AAL|IST|DKR|NKC|
NKC|AOE,|AOE|BRU|DKR|NKC|
NKC|JNB,|JNB|DKR|NKC|
NKC|LBV,|LBV|DLA|BRU|DKR|NKC|
NKC|ADA,|ADA|IST|DKR|NKC|
NKC|ADB,|ADB|IST|DKR|NKC|
NKC|ADF,|ADF|IST|DKR|NKC|
NKC|AJI,|AJI|IST|DKR|NKC|
NKC|BAL,|BAL|IST|DKR|NKC|
NKC|BJV,|BJV|IST|DKR|NKC|
NKC|CKZ,|CKZ|ESB|IST|DKR|NKC|
NKC|DIY,|DIY|IST|DKR|NKC|
NKC|ECN,|ECN|IST|DKR|NKC|
NKC|ERC,|ERC|IST|DKR|NKC|
NKC|ERZ,|ERZ|IST|DKR|NKC|
NKC|EZS,|EZS|IST|DKR|NKC|
NKC|GNY,|GNY|IST|DKR|NKC|
NKC|GZP,|GZP|ESB|IST|DKR|NKC|
NKC|GZT,|GZT|IST|DKR|NKC|
NKC|HTY,|HTY|IST|DKR|NKC|
NKC|KCM,|KCM|IST|DKR|NKC|
NKC|KSY,|KSY|IST|DKR|NKC|
NKC|MLX,|MLX|IST|DKR|NKC|
NKC|MQM,|MQM|IST|DKR|NKC|
NKC|MSR,|MSR|IST|DKR|NKC|
NKC|TEQ,|TEQ|ESB|IST|DKR|NKC|
NKC|TZX,|TZX|IST|DKR|NKC|
NKC|VAN,|VAN|IST|DKR|NKC|
NKC|ULN,|ULN|FRU|IST|DKR|NKC|
NKC|HIJ,|HIJ|ICN|IST|DKR|NKC|
NKC|VVO,|VVO|ICN|IST|DKR|NKC|
NKC|ACC,|ACC|IST|DKR|NKC|
NKC|AER,|AER|IST|DKR|NKC|
NKC|AGP,|AGP|IST|DKR|NKC|
NKC|ALG,|ALG|IST|DKR|NKC|
NKC|AMM,|AMM|IST|DKR|NKC|
NKC|AQJ,|AQJ|IST|DKR|NKC|
NKC|ARN,|ARN|GOT|BRU|DKR|NKC|
NKC|ASR,|ASR|IST|DKR|NKC|
NKC|ATH,|ATH|IST|DKR|NKC|
NKC|BAH,|BAH|IST|DKR|NKC|
NKC|BEG,|BEG|IST|DKR|NKC|
NKC|BEN,|BEN|IST|DKR|NKC|
NKC|BEY,|BEY|IST|DKR|NKC|
NKC|BHX,|BHX|BRU|DKR|NKC|
NKC|BIO,|BIO|IST|DKR|NKC|
NKC|BLQ,|BLQ|IST|DKR|NKC|
NKC|BOM,|BOM|IST|DKR|NKC|
NKC|BRE,|BRE|IST|DKR|NKC|
NKC|BSL,|BSL|IST|DKR|NKC|
NKC|BSR,|BSR|IST|DKR|NKC|
NKC|BUD,|BUD|IST|DKR|NKC|
NKC|BUS,|BUS|IST|DKR|NKC|
NKC|CAI,|CAI|IST|DKR|NKC|
NKC|CGN,|CGN|IST|DKR|NKC|
NKC|CMN,|CMN|IST|DKR|NKC|
NKC|CND,|CND|IST|DKR|NKC|
NKC|DAR,|DAR|IST|DKR|NKC|
NKC|DLM,|DLM|IST|DKR|NKC|
NKC|DMM,|DMM|IST|DKR|NKC|
NKC|DNK,|DNK|IST|DKR|NKC|
NKC|DNZ,|DNZ|IST|DKR|NKC|
NKC|DOK,|DOK|IST|DKR|NKC|
NKC|DUS,|DUS|IST|DKR|NKC|
NKC|EDI,|EDI|IST|DKR|NKC|
NKC|ELQ,|ELQ|IST|DKR|NKC|
NKC|FDH,|FDH|IST|DKR|NKC|
NKC|GOA,|GOA|IST|DKR|NKC|
NKC|GOT,|GOT|BRU|DKR|NKC|
NKC|HAJ,|HAJ|BRU|DKR|NKC|
NKC|HBE,|HBE|IST|DKR|NKC|
NKC|HEL,|HEL|IST|DKR|NKC|
NKC|HRG,|HRG|IST|DKR|NKC|
NKC|IFN,|IFN|IST|DKR|NKC|
NKC|ISE,|ISE|IST|DKR|NKC|
NKC|ISU,|ISU|IST|DKR|NKC|
NKC|JIB,|JIB|IST|DKR|NKC|
NKC|JRO,|JRO|IST|DKR|NKC|
NKC|KAN,|KAN|IST|DKR|NKC|
NKC|KBL,|KBL|IST|DKR|NKC|
NKC|KBP,|KBP|IST|DKR|NKC|
NKC|KFS,|KFS|IST|DKR|NKC|
NKC|KHI,|KHI|IST|DKR|NKC|
NKC|KIV,|KIV|IST|DKR|NKC|
NKC|KRT,|KRT|IST|DKR|NKC|
NKC|KSH,|KSH|IST|DKR|NKC|
NKC|KVD,|KVD|IST|DKR|NKC|
NKC|KWI,|KWI|IST|DKR|NKC|
NKC|KYA,|KYA|IST|DKR|NKC|
NKC|KZN,|KZN|IST|DKR|NKC|
NKC|KZR,|KZR|IST|DKR|NKC|
NKC|LED,|LED|IST|DKR|NKC|
NKC|LEJ,|LEJ|IST|DKR|NKC|
NKC|LGW,|LGW|IST|DKR|NKC|
NKC|LHE,|LHE|IST|DKR|NKC|
NKC|LIS,|LIS|IST|DKR|NKC|
NKC|LJU,|LJU|IST|DKR|NKC|
NKC|LOS,|LOS|IST|DKR|NKC|
NKC|LUX,|LUX|IST|DKR|NKC|
NKC|LWO,|LWO|IST|DKR|NKC|
NKC|LYS,|LYS|IST|DKR|NKC|
NKC|MAD,|MAD|IST|DKR|NKC|
NKC|MAN,|MAN|BRU|DKR|NKC|
NKC|MED,|MED|IST|DKR|NKC|
NKC|MHD,|MHD|IST|DKR|NKC|
NKC|MLA,|MLA|IST|DKR|NKC|
NKC|MRS,|MRS|IST|DKR|NKC|
NKC|MSQ,|MSQ|IST|DKR|NKC|
NKC|MXP,|MXP|IST|DKR|NKC|
NKC|MZH,|MZH|IST|DKR|NKC|
NKC|MZR,|MZR|IST|DKR|NKC|
NKC|NAJ,|NAJ|IST|DKR|NKC|
NKC|NAV,|NAV|IST|DKR|NKC|
NKC|NCE,|NCE|IST|DKR|NKC|
NKC|NIM,|NIM|IST|DKR|NKC|
NKC|NJF,|NJF|IST|DKR|NKC|
NKC|NSI,|NSI|BRU|DKR|NKC|
NKC|NUE,|NUE|IST|DKR|NKC|
NKC|ODS,|ODS|IST|DKR|NKC|
NKC|ORN,|ORN|IST|DKR|NKC|
NKC|OTP,|OTP|IST|DKR|NKC|
NKC|PRG,|PRG|BRU|DKR|NKC|
NKC|PRN,|PRN|IST|DKR|NKC|
NKC|RIX,|RIX|IST|DKR|NKC|
NKC|ROV,|ROV|IST|DKR|NKC|
NKC|RTM,|RTM|IST|DKR|NKC|
NKC|RUH,|RUH|IST|DKR|NKC|
NKC|SAH,|SAH|IST|DKR|NKC|
NKC|SJJ,|SJJ|IST|DKR|NKC|
NKC|SKG,|SKG|IST|DKR|NKC|
NKC|SKP,|SKP|IST|DKR|NKC|
NKC|SSH,|SSH|IST|DKR|NKC|
NKC|STR,|STR|IST|DKR|NKC|
NKC|SVX,|SVX|IST|DKR|NKC|
NKC|SYZ,|SYZ|IST|DKR|NKC|
NKC|SZG,|SZG|IST|DKR|NKC|
NKC|TBZ,|TBZ|IST|DKR|NKC|
NKC|TGD,|TGD|IST|DKR|NKC|
NKC|TIA,|TIA|IST|DKR|NKC|
NKC|TIF,|TIF|IST|DKR|NKC|
NKC|TIP,|TIP|IST|DKR|NKC|
NKC|TLL,|TLL|IST|DKR|NKC|
NKC|TLS,|TLS|IST|DKR|NKC|
NKC|TRN,|TRN|IST|DKR|NKC|
NKC|TUN,|TUN|IST|DKR|NKC|
NKC|TXL,|TXL|IST|DKR|NKC|
NKC|UFA,|UFA|IST|DKR|NKC|
NKC|VAS,|VAS|IST|DKR|NKC|
NKC|VCE,|VCE|IST|DKR|NKC|
NKC|YNB,|YNB|IST|DKR|NKC|
NKC|ZAG,|ZAG|IST|DKR|NKC|
NKC|MGQ,|MGQ|JIB|IST|DKR|NKC|
NKC|CPT,|CPT|JNB|DKR|NKC|
NKC|MBA,|MBA|JRO|IST|DKR|NKC|
NKC|NDJ,|NDJ|KAN|IST|DKR|NKC|
NKC|CMB,|CMB|MLE|IST|DKR|NKC|
NKC|ADE,|ADE|SAH|IST|DKR|NKC|
NKC|ASF,|ASF|SAW|ADB|IST|DKR|NKC|
NKC|STW,|STW|SAW|ADB|IST|DKR|NKC|
NKC|LFW,|LFW|ABJ|BRU|DKR|NKC|
NKC|CEC,|CEC|ACV|SMF|IAD|DKR|NKC|
NKC|SMF,|SMF|IAD|DKR|NKC|
NKC|CDR,|CDR|AIA|DEN|IAD|DKR|NKC|
NKC|FMN,|FMN|DEN|IAD|DKR|NKC|
NKC|JST,|JST|IAD|DKR|NKC|
NKC|JHW,|JHW|CLE|IAD|DKR|NKC|
NKC|SHD,|SHD|IAD|DKR|NKC|
NKC|PTY,|PTY|IAD|DKR|NKC|
NKC|FNA,|FNA|BRU|DKR|NKC|
NKC|SXB,|SXB|BRU|DKR|NKC|
NKC|ACV,|ACV|SMF|IAD|DKR|NKC|
NKC|MGW,|MGW|IAD|DKR|NKC|
NKC|ALB,|ALB|IAD|DKR|NKC|
NKC|AUS,|AUS|IAD|DKR|NKC|
NKC|BFD,|BFD|CLE|IAD|DKR|NKC|
NKC|BUF,|BUF|IAD|DKR|NKC|
NKC|CHS,|CHS|IAD|DKR|NKC|
NKC|DAY,|DAY|IAD|DKR|NKC|
NKC|DUJ,|DUJ|CLE|IAD|DKR|NKC|
NKC|ERI,|ERI|CLE|IAD|DKR|NKC|
NKC|FKL,|FKL|CLE|IAD|DKR|NKC|
NKC|FNT,|FNT|CLE|IAD|DKR|NKC|
NKC|GRR,|GRR|IAD|DKR|NKC|
NKC|GSP,|GSP|IAD|DKR|NKC|
NKC|PBI,|PBI|TPA|IAD|DKR|NKC|
NKC|PKB,|PKB|CLE|IAD|DKR|NKC|
NKC|RIC,|RIC|IAD|DKR|NKC|
NKC|SDF,|SDF|IAD|DKR|NKC|
NKC|GUM,|GUM|FUK|ICN|IST|DKR|NKC|
NKC|WRL,|WRL|CYS|DEN|IAD|DKR|NKC|
NKC|LBL,|NKC|
NKC|ABQ,|ABQ|MCI|IAD|DKR|NKC|
NKC|AIA,|AIA|DEN|IAD|DKR|NKC|
NKC|ALS,|ALS|DEN|IAD|DKR|NKC|
NKC|AMA,|AMA|DAL|STL|IAD|DKR|NKC|
NKC|ANC,|ANC|ORD|IAD|DKR|NKC|
NKC|ASE,|ASE|DEN|IAD|DKR|NKC|
NKC|BFL,|BFL|DEN|IAD|DKR|NKC|
NKC|BHM,|BHM|BWI|ORF|IAD|DKR|NKC|
NKC|BIL,|BIL|DEN|IAD|DKR|NKC|
NKC|BIS,|BIS|DEN|IAD|DKR|NKC|
NKC|BOI,|BOI|ORD|IAD|DKR|NKC|
NKC|BUR,|BUR|LAS|IAD|DKR|NKC|
NKC|BZN,|BZN|ORD|IAD|DKR|NKC|
NKC|CID,|CID|ORD|IAD|DKR|NKC|
NKC|COD,|COD|DEN|IAD|DKR|NKC|
NKC|COS,|COS|IAD|DKR|NKC|
NKC|CPR,|CPR|DEN|IAD|DKR|NKC|
NKC|CYS,|CYS|DEN|IAD|DKR|NKC|
NKC|DIK,|DIK|DEN|IAD|DKR|NKC|
NKC|DRO,|DRO|DEN|IAD|DKR|NKC|
NKC|DSM,|DSM|MDW|IAD|DKR|NKC|
NKC|EGE,|EGE|DEN|IAD|DKR|NKC|
NKC|ELP,|ELP|DAL|STL|IAD|DKR|NKC|
NKC|EUG,|EUG|PDX|IAD|DKR|NKC|
NKC|FAR,|FAR|ORD|IAD|DKR|NKC|
NKC|FAT,|FAT|DEN|IAD|DKR|NKC|
NKC|FCA,|FCA|DEN|IAD|DKR|NKC|
NKC|FSD,|FSD|ORD|IAD|DKR|NKC|
NKC|GCC,|GCC|DEN|IAD|DKR|NKC|
NKC|GEG,|GEG|DEN|IAD|DKR|NKC|
NKC|GJT,|GJT|DEN|IAD|DKR|NKC|
NKC|GTF,|GTF|DEN|IAD|DKR|NKC|
NKC|GUC,|GUC|DEN|IAD|DKR|NKC|
NKC|HDN,|HDN|DEN|IAD|DKR|NKC|
NKC|HLN,|HLN|DEN|IAD|DKR|NKC|
NKC|HSV,|HSV|IAD|DKR|NKC|
NKC|ICT,|ICT|MDW|IAD|DKR|NKC|
NKC|IDA,|IDA|DEN|IAD|DKR|NKC|
NKC|ISN,|ISN|DEN|IAD|DKR|NKC|
NKC|JAC,|JAC|DEN|IAD|DKR|NKC|
NKC|KOA,|KOA|DEN|IAD|DKR|NKC|
NKC|LAR,|LAR|DEN|IAD|DKR|NKC|
NKC|LBB,|LBB|DAL|STL|IAD|DKR|NKC|
NKC|LIH,|LIH|SFO|IAD|DKR|NKC|
NKC|LIT,|LIT|MDW|IAD|DKR|NKC|
NKC|LNK,|LNK|ORD|IAD|DKR|NKC|
NKC|MAF,|MAF|DAL|STL|IAD|DKR|NKC|
NKC|MEM,|MEM|MDW|IAD|DKR|NKC|
NKC|MFR,|MFR|DEN|IAD|DKR|NKC|
NKC|MLI,|MLI|ORD|IAD|DKR|NKC|
NKC|MOT,|MOT|DEN|IAD|DKR|NKC|
NKC|MRY,|MRY|DEN|IAD|DKR|NKC|
NKC|MSN,|MSN|ORD|IAD|DKR|NKC|
NKC|MSO,|MSO|DEN|IAD|DKR|NKC|
NKC|MTJ,|MTJ|DEN|IAD|DKR|NKC|
NKC|OKC,|OKC|IAD|DKR|NKC|
NKC|OMA,|OMA|IAD|DKR|NKC|
NKC|ONT,|ONT|LAS|IAD|DKR|NKC|
NKC|PIA,|PIA|ORD|IAD|DKR|NKC|
NKC|PIR,|PIR|DEN|IAD|DKR|NKC|
NKC|PSC,|PSC|DEN|IAD|DKR|NKC|
NKC|PSP,|PSP|DEN|IAD|DKR|NKC|
NKC|PUB,|PUB|DEN|IAD|DKR|NKC|
NKC|RAP,|RAP|ORD|IAD|DKR|NKC|
NKC|RDM,|RDM|DEN|IAD|DKR|NKC|
NKC|RKS,|RKS|DEN|IAD|DKR|NKC|
NKC|RNO,|RNO|DEN|IAD|DKR|NKC|
NKC|SAF,|SAF|DEN|IAD|DKR|NKC|
NKC|SAT,|SAT|IAD|DKR|NKC|
NKC|SBA,|SBA|DEN|IAD|DKR|NKC|
NKC|SGF,|SGF|ORD|IAD|DKR|NKC|
NKC|SGU,|SGU|DEN|IAD|DKR|NKC|
NKC|SHV,|SHV|IAH|IAD|DKR|NKC|
NKC|SJC,|SJC|DEN|IAD|DKR|NKC|
NKC|SLC,|SLC|MDW|IAD|DKR|NKC|
NKC|SNA,|SNA|LAS|IAD|DKR|NKC|
NKC|TUL,|TUL|IAD|DKR|NKC|
NKC|TUS,|TUS|MDW|IAD|DKR|NKC|
NKC|TYS,|TYS|IAD|DKR|NKC|
NKC|XNA,|XNA|ORD|IAD|DKR|NKC|
NKC|SAL,|SAL|MIA|IAD|DKR|NKC|
NKC|BJL,|BJL|DKR|NKC|
NKC|BFS,|BFS|EWR|IAD|DKR|NKC|
NKC|BON,|BON|EWR|IAD|DKR|NKC|
NKC|BQN,|BQN|EWR|IAD|DKR|NKC|
NKC|BTV,|BTV|IAD|DKR|NKC|
NKC|BZE,|BZE|EWR|IAD|DKR|NKC|
NKC|GLA,|GLA|EWR|IAD|DKR|NKC|
NKC|GSO,|GSO|IAD|DKR|NKC|
NKC|ITH,|ITH|EWR|IAD|DKR|NKC|
NKC|JAX,|JAX|IAD|DKR|NKC|
NKC|MHT,|MHT|EWR|IAD|DKR|NKC|
NKC|MYR,|MYR|EWR|IAD|DKR|NKC|
NKC|ORF,|ORF|IAD|DKR|NKC|
NKC|POS,|POS|EWR|IAD|DKR|NKC|
NKC|PVD,|PVD|IAD|DKR|NKC|
NKC|PWM,|PWM|IAD|DKR|NKC|
NKC|SAP,|SAP|MIA|IAD|DKR|NKC|
NKC|SAV,|SAV|IAD|DKR|NKC|
NKC|SDQ,|SDQ|EWR|IAD|DKR|NKC|
NKC|SJU,|SJU|IAD|DKR|NKC|
NKC|SNN,|SNN|EWR|IAD|DKR|NKC|
NKC|STT,|STT|IAD|DKR|NKC|
NKC|SXM,|SXM|IAD|DKR|NKC|
NKC|BIM,|BIM|FLL|IAD|DKR|NKC|
NKC|ELH,|ELH|FLL|IAD|DKR|NKC|
NKC|EYW,|EYW|MCO|IAD|DKR|NKC|
NKC|FPO,|FPO|FLL|IAD|DKR|NKC|
NKC|GHB,|GHB|FLL|IAD|DKR|NKC|
NKC|MHH,|MHH|JAX|IAD|DKR|NKC|
NKC|TCB,|TCB|FLL|IAD|DKR|NKC|
NKC|SOW,|SOW|FMN|DEN|IAD|DKR|NKC|
NKC|ROB,|ROB|FNA|BRU|DKR|NKC|
NKC|GIG,|GIG|GRU|IAD|DKR|NKC|
NKC|CNS,|CNS|GUM|FUK|ICN|IST|DKR|NKC|
NKC|CTS,|CTS|GUM|FUK|ICN|IST|DKR|NKC|
NKC|OKJ,|OKJ|GUM|FUK|ICN|IST|DKR|NKC|
NKC|ROP,|ROP|GUM|FUK|ICN|IST|DKR|NKC|
NKC|ROR,|ROR|MNL|CAN|IST|DKR|NKC|
NKC|SDJ,|SDJ|GUM|FUK|ICN|IST|DKR|NKC|
NKC|SPN,|SPN|GUM|FUK|ICN|IST|DKR|NKC|
NKC|TKK,|TKK|GUM|FUK|ICN|IST|DKR|NKC|
NKC|YAP,|YAP|ROR|MNL|CAN|IST|DKR|NKC|
NKC|MAJ,|MAJ|HNL|IAD|DKR|NKC|
NKC|AOO,|AOO|IAD|DKR|NKC|
NKC|BGM,|BGM|IAD|DKR|NKC|
NKC|BKW,|BKW|IAD|DKR|NKC|
NKC|CAE,|CAE|IAD|DKR|NKC|
NKC|CHO,|CHO|IAD|DKR|NKC|
NKC|CRW,|CRW|IAD|DKR|NKC|
NKC|FAY,|FAY|IAD|DKR|NKC|
NKC|LWB,|LWB|IAD|DKR|NKC|
NKC|ROA,|ROA|IAD|DKR|NKC|
NKC|SCE,|SCE|IAD|DKR|NKC|
NKC|ACA,|ACA|IAH|IAD|DKR|NKC|
NKC|ACY,|ACY|ORD|IAD|DKR|NKC|
NKC|AEX,|AEX|IAH|IAD|DKR|NKC|
NKC|AGU,|AGU|IAH|IAD|DKR|NKC|
NKC|BJX,|BJX|IAH|IAD|DKR|NKC|
NKC|BRO,|BRO|IAH|IAD|DKR|NKC|
NKC|BTR,|BTR|IAH|IAD|DKR|NKC|
NKC|CCS,|CCS|IAH|IAD|DKR|NKC|
NKC|CLL,|CLL|IAH|IAD|DKR|NKC|
NKC|CME,|CME|IAH|IAD|DKR|NKC|
NKC|CRP,|CRP|IAH|IAD|DKR|NKC|
NKC|CUU,|CUU|IAH|IAD|DKR|NKC|
NKC|DAL,|DAL|STL|IAD|DKR|NKC|
NKC|DGO,|DGO|IAH|IAD|DKR|NKC|
NKC|GDL,|GDL|IAH|IAD|DKR|NKC|
NKC|GPT,|GPT|IAH|IAD|DKR|NKC|
NKC|GRK,|GRK|IAH|IAD|DKR|NKC|
NKC|HOB,|HOB|IAH|IAD|DKR|NKC|
NKC|HRL,|HRL|IAH|IAD|DKR|NKC|
NKC|HUX,|HUX|IAH|IAD|DKR|NKC|
NKC|JAN,|JAN|MDW|IAD|DKR|NKC|
NKC|LCH,|LCH|IAH|IAD|DKR|NKC|
NKC|LEX,|LEX|ORD|IAD|DKR|NKC|
NKC|LFT,|LFT|IAH|IAD|DKR|NKC|
NKC|LRD,|LRD|IAH|IAD|DKR|NKC|
NKC|MFE,|MFE|IAH|IAD|DKR|NKC|
NKC|MGA,|MGA|IAH|IAD|DKR|NKC|
NKC|MID,|MID|IAH|IAD|DKR|NKC|
NKC|MLM,|MLM|IAH|IAD|DKR|NKC|
NKC|MLU,|MLU|IAH|IAD|DKR|NKC|
NKC|MOB,|MOB|ORD|IAD|DKR|NKC|
NKC|MTY,|MTY|IAH|IAD|DKR|NKC|
NKC|OAX,|OAX|IAH|IAD|DKR|NKC|
NKC|PBC,|PBC|IAH|IAD|DKR|NKC|
NKC|PNS,|PNS|BNA|IAD|DKR|NKC|
NKC|QRO,|QRO|IAH|IAD|DKR|NKC|
NKC|RTB,|RTB|IAH|IAD|DKR|NKC|
NKC|SLP,|SLP|IAH|IAD|DKR|NKC|
NKC|SLW,|SLW|IAH|IAD|DKR|NKC|
NKC|TAM,|TAM|IAH|IAD|DKR|NKC|
NKC|TGU,|TGU|IAH|IAD|DKR|NKC|
NKC|TRC,|TRC|IAH|IAD|DKR|NKC|
NKC|TYR,|TYR|IAH|IAD|DKR|NKC|
NKC|UIO,|UIO|IAH|IAD|DKR|NKC|
NKC|VER,|VER|IAH|IAD|DKR|NKC|
NKC|VPS,|VPS|IAH|IAD|DKR|NKC|
NKC|VSA,|VSA|IAH|IAD|DKR|NKC|
NKC|ZIH,|ZIH|IAH|IAD|DKR|NKC|
NKC|ZLO,|ZLO|IAH|IAD|DKR|NKC|
NKC|KWA,|KWA|MAJ|HNL|IAD|DKR|NKC|
NKC|PNI,|PNI|TKK|GUM|FUK|ICN|IST|DKR|NKC|
NKC|KSA,|KSA|PNI|TKK|GUM|FUK|ICN|IST|DKR|NKC|
NKC|CLD,|CLD|LAX|IAD|DKR|NKC|
NKC|ITO,|ITO|LAX|IAD|DKR|NKC|
NKC|SBP,|SBP|LAX|IAD|DKR|NKC|
NKC|SMX,|SMX|LAX|IAD|DKR|NKC|
NKC|YUM,|YUM|LAX|IAD|DKR|NKC|
NKC|DDC,|NKC|
NKC|TMS,|TMS|LIS|IST|DKR|NKC|
NKC|PHC,|PHC|LOS|IST|DKR|NKC|
NKC|GNV,|GNV|MCO|IAD|DKR|NKC|
NKC|TLH,|TLH|MCO|IAD|DKR|NKC|
NKC|CKB,|CKB|MGW|IAD|DKR|NKC|
NKC|BAQ,|BAQ|MIA|IAD|DKR|NKC|
NKC|CLO,|CLO|MIA|IAD|DKR|NKC|
NKC|CTG,|CTG|MIA|IAD|DKR|NKC|
NKC|MDE,|MDE|MIA|IAD|DKR|NKC|
NKC|ABE,|ABE|ORD|IAD|DKR|NKC|
NKC|ATW,|ATW|ORD|IAD|DKR|NKC|
NKC|AVL,|AVL|ORD|IAD|DKR|NKC|
NKC|AVP,|AVP|ORD|IAD|DKR|NKC|
NKC|CAK,|CAK|LGA|IAD|DKR|NKC|
NKC|CMX,|CMX|ORD|IAD|DKR|NKC|
NKC|CWA,|CWA|ORD|IAD|DKR|NKC|
NKC|DLH,|DLH|ORD|IAD|DKR|NKC|
NKC|EAU,|EAU|ORD|IAD|DKR|NKC|
NKC|ELM,|ELM|ORD|IAD|DKR|NKC|
NKC|FOE,|FOE|ORD|IAD|DKR|NKC|
NKC|FWA,|FWA|ORD|IAD|DKR|NKC|
NKC|GRB,|GRB|ORD|IAD|DKR|NKC|
NKC|HPN,|HPN|ORD|IAD|DKR|NKC|
NKC|LAN,|LAN|ORD|IAD|DKR|NKC|
NKC|MBS,|MBS|ORD|IAD|DKR|NKC|
NKC|MKG,|MKG|ORD|IAD|DKR|NKC|
NKC|PAH,|PAH|ORD|IAD|DKR|NKC|
NKC|SBN,|SBN|ORD|IAD|DKR|NKC|
NKC|SPI,|SPI|ORD|IAD|DKR|NKC|
NKC|SRQ,|SRQ|ORD|IAD|DKR|NKC|
NKC|STC,|STC|ORD|IAD|DKR|NKC|
NKC|TVC,|TVC|ORD|IAD|DKR|NKC|
NKC|LMT,|LMT|PDX|IAD|DKR|NKC|
NKC|HON,|HON|PIR|DEN|IAD|DKR|NKC|
NKC|CIC,|CIC|SFO|IAD|DKR|NKC|
NKC|MOD,|MOD|SFO|IAD|DKR|NKC|
NKC|OTH,|OTH|SFO|IAD|DKR|NKC|
NKC|RDD,|RDD|SFO|IAD|DKR|NKC|
NKC|EIS,|EIS|SJU|IAD|DKR|NKC|
NKC|DME,|DME|VIE|IST|DKR|NKC|
NKC|EVN,|EVN|VIE|IST|DKR|NKC|
NKC|HOU,|HOU|BNA|IAD|DKR|NKC|
NKC|MDW,|MDW|IAD|DKR|NKC|
NKC|OAK,|OAK|DEN|IAD|DKR|NKC|
NKC|ECP,|ECP|BNA|IAD|DKR|NKC|
NKC|ISP,|ISP|BWI|ORF|IAD|DKR|NKC|
NKC|YHM,|YHM|YQM|EWR|IAD|DKR|NKC|
NKC|YXX,|YXX|YYC|ORD|IAD|DKR|NKC|
NKC|YBR,|YBR|YYC|ORD|IAD|DKR|NKC|
NKC|YKF,|YKF|YYC|ORD|IAD|DKR|NKC|
NKC|GDN,|NKC|
NKC|TRD,|NKC|
NKC|PGA,|NKC|
