RUH|BRU,|BRU|IST|RUH|
RUH|OUA,|OUA|NIM|IST|RUH|
RUH|JED,|JED|IST|RUH|
RUH|CPH,|CPH|IST|RUH|
RUH|YYZ,|YYZ|IST|RUH|
RUH|DEN,|DEN|FRA|IST|RUH|
RUH|YUL,|YUL|FRA|IST|RUH|
RUH|NBO,|NBO|IST|RUH|
RUH|ICN,|ICN|IST|RUH|
RUH|NRT,|NRT|IST|RUH|
RUH|YHZ,|YHZ|LHR|IST|RUH|
RUH|YOW,|YOW|FRA|IST|RUH|
RUH|BJM,|BJM|BRU|IST|RUH|
RUH|COO,|COO|BRU|IST|RUH|
RUH|DKR,|DKR|BRU|IST|RUH|
RUH|DLA,|DLA|IST|RUH|
RUH|KGL,|KGL|IST|RUH|
RUH|LAD,|LAD|BRU|IST|RUH|
RUH|ABJ,|ABJ|OUA|NIM|IST|RUH|
RUH|AMS,|AMS|IST|RUH|
RUH|OSL,|OSL|IST|RUH|
RUH|VNO,|VNO|IST|RUH|
RUH|WAW,|WAW|IST|RUH|
RUH|YYC,|YYC|FRA|IST|RUH|
RUH|ATL,|ATL|FRA|IST|RUH|
RUH|MSY,|MSY|IAD|IST|RUH|
RUH|YEG,|YEG|LHR|IST|RUH|
RUH|YMM,|YMM|YEG|LHR|IST|RUH|
RUH|YQR,|YQR|YEG|LHR|IST|RUH|
RUH|YVR,|YVR|MUC|IST|RUH|
RUH|YWG,|YWG|YUL|FRA|IST|RUH|
RUH|YXE,|YXE|YEG|LHR|IST|RUH|
RUH|CKY,|CKY|DKR|BRU|IST|RUH|
RUH|FIH,|FIH|IST|RUH|
RUH|SCL,|SCL|EZE|GRU|IST|RUH|
RUH|LCA,|LCA|FRA|IST|RUH|
RUH|NAP,|NAP|IST|RUH|
RUH|VLC,|VLC|IST|RUH|
RUH|BKK,|BKK|IST|RUH|
RUH|ADD,|ADD|IST|RUH|
RUH|FRA,|FRA|IST|RUH|
RUH|IST,|IST|RUH|
RUH|EBB,|EBB|KGL|IST|RUH|
RUH|YLW,|YLW|YYC|FRA|IST|RUH|
RUH|YYT,|YYT|LHR|IST|RUH|
RUH|GUA,|GUA|MIA|ZRH|IST|RUH|
RUH|EWR,|EWR|BHX|IST|RUH|
RUH|IAD,|IAD|IST|RUH|
RUH|IAH,|IAH|IST|RUH|
RUH|ORD,|ORD|IST|RUH|
RUH|SOF,|SOF|IST|RUH|
RUH|YQB,|YQB|YUL|FRA|IST|RUH|
RUH|YXU,|YXU|YYZ|IST|RUH|
RUH|EZE,|EZE|GRU|IST|RUH|
RUH|YYJ,|YYJ|YVR|MUC|IST|RUH|
RUH|YYY,|YYY|YUL|FRA|IST|RUH|
RUH|YQQ,|YQQ|YBL|YVR|MUC|IST|RUH|
RUH|YYR,|YYR|YYT|LHR|IST|RUH|
RUH|LHR,|LHR|IST|RUH|
RUH|SFO,|SFO|MUC|IST|RUH|
RUH|YQU,|YQU|YEG|LHR|IST|RUH|
RUH|YZF,|YZF|YEG|LHR|IST|RUH|
RUH|YGR,|YGR|YGP|YQB|YUL|FRA|IST|RUH|
RUH|YGP,|YGP|YQB|YUL|FRA|IST|RUH|
RUH|BOS,|BOS|FRA|IST|RUH|
RUH|YDF,|YDF|YYT|LHR|IST|RUH|
RUH|YFC,|YFC|YHZ|LHR|IST|RUH|
RUH|YQM,|YQM|YHZ|LHR|IST|RUH|
RUH|YQX,|YQX|YYT|LHR|IST|RUH|
RUH|YQY,|YQY|YHZ|LHR|IST|RUH|
RUH|YSJ,|YSJ|YHZ|LHR|IST|RUH|
RUH|YYG,|YYG|YHZ|LHR|IST|RUH|
RUH|LAX,|LAX|IST|RUH|
RUH|DCA,|DCA|EWR|BHX|IST|RUH|
RUH|LGA,|LGA|YHZ|LHR|IST|RUH|
RUH|YZV,|YZV|YWK|YYR|YYT|LHR|IST|RUH|
RUH|YWL,|YWL|YVR|MUC|IST|RUH|
RUH|AZS,|AZS|YUL|FRA|IST|RUH|
RUH|BDL,|BDL|YUL|FRA|IST|RUH|
RUH|CCC,|CCC|YUL|FRA|IST|RUH|
RUH|CDG,|CDG|IST|RUH|
RUH|CUN,|CUN|YHZ|LHR|IST|RUH|
RUH|CZM,|CZM|YUL|FRA|IST|RUH|
RUH|FDF,|FDF|YUL|FRA|IST|RUH|
RUH|FLL,|FLL|MCO|FRA|IST|RUH|
RUH|GVA,|GVA|IST|RUH|
RUH|HOG,|HOG|YUL|FRA|IST|RUH|
RUH|LAS,|LAS|DEN|FRA|IST|RUH|
RUH|MBJ,|MBJ|YHZ|LHR|IST|RUH|
RUH|MCO,|MCO|FRA|IST|RUH|
RUH|MUC,|MUC|IST|RUH|
RUH|PAP,|PAP|YUL|FRA|IST|RUH|
RUH|PTP,|PTP|YUL|FRA|IST|RUH|
RUH|PUJ,|PUJ|YHZ|LHR|IST|RUH|
RUH|SNU,|SNU|YUL|FRA|IST|RUH|
RUH|VRA,|VRA|YUL|FRA|IST|RUH|
RUH|YBC,|YBC|YUL|FRA|IST|RUH|
RUH|YBG,|YBG|YUL|FRA|IST|RUH|
RUH|YTZ,|YTZ|YUL|FRA|IST|RUH|
RUH|YUY,|YUY|YUL|FRA|IST|RUH|
RUH|YVO,|YVO|YUL|FRA|IST|RUH|
RUH|ZBF,|ZBF|YUL|FRA|IST|RUH|
RUH|ZRH,|ZRH|IST|RUH|
RUH|ZSA,|ZSA|YUL|FRA|IST|RUH|
RUH|AKL,|AKL|BKK|IST|RUH|
RUH|HKG,|HKG|IST|RUH|
RUH|HND,|HND|YVR|MUC|IST|RUH|
RUH|HNL,|HNL|YVR|MUC|IST|RUH|
RUH|MEX,|MEX|IAD|IST|RUH|
RUH|OGG,|OGG|YVR|MUC|IST|RUH|
RUH|PDX,|PDX|SEA|FRA|IST|RUH|
RUH|PEK,|PEK|IST|RUH|
RUH|PVG,|PVG|IST|RUH|
RUH|PVR,|PVR|ORD|IST|RUH|
RUH|SEA,|SEA|FRA|IST|RUH|
RUH|SYD,|SYD|BKK|IST|RUH|
RUH|YBL,|YBL|YVR|MUC|IST|RUH|
RUH|YCD,|YCD|YVR|MUC|IST|RUH|
RUH|YCG,|YCG|YYC|FRA|IST|RUH|
RUH|YKA,|YKA|YYC|FRA|IST|RUH|
RUH|YPR,|YPR|YVR|MUC|IST|RUH|
RUH|YQZ,|YQZ|YVR|MUC|IST|RUH|
RUH|YXC,|YXC|YYC|FRA|IST|RUH|
RUH|YXJ,|YXJ|YYC|FRA|IST|RUH|
RUH|YXS,|YXS|YYC|FRA|IST|RUH|
RUH|YXT,|YXT|YVR|MUC|IST|RUH|
RUH|YXY,|YXY|YVR|MUC|IST|RUH|
RUH|YYD,|YYD|YVR|MUC|IST|RUH|
RUH|YYF,|YYF|YVR|MUC|IST|RUH|
RUH|YZP,|YZP|YVR|MUC|IST|RUH|
RUH|YQT,|YQT|YYZ|IST|RUH|
RUH|SJD,|SJD|ORD|IST|RUH|
RUH|YQF,|YQF|YYC|FRA|IST|RUH|
RUH|YQL,|YQL|YYC|FRA|IST|RUH|
RUH|YXH,|YXH|YYC|FRA|IST|RUH|
RUH|YWK,|YWK|YYR|YYT|LHR|IST|RUH|
RUH|ANU,|ANU|EWR|BHX|IST|RUH|
RUH|AUA,|AUA|EWR|BHX|IST|RUH|
RUH|AUH,|AUH|IST|RUH|
RUH|BCN,|BCN|IST|RUH|
RUH|BDA,|BDA|EWR|BHX|IST|RUH|
RUH|BGI,|BGI|YYZ|IST|RUH|
RUH|BNA,|BNA|YYZ|IST|RUH|
RUH|BOG,|BOG|MIA|ZRH|IST|RUH|
RUH|BWI,|BWI|EWR|BHX|IST|RUH|
RUH|CLE,|CLE|YYZ|IST|RUH|
RUH|CLT,|CLT|EWR|BHX|IST|RUH|
RUH|CMH,|CMH|YYZ|IST|RUH|
RUH|CVG,|CVG|YYZ|IST|RUH|
RUH|DFW,|DFW|ORD|IST|RUH|
RUH|DTW,|DTW|FRA|IST|RUH|
RUH|DUB,|DUB|IST|RUH|
RUH|FCO,|FCO|IST|RUH|
RUH|GCM,|GCM|EWR|BHX|IST|RUH|
RUH|GGT,|GGT|FLL|MCO|FRA|IST|RUH|
RUH|GND,|GND|YYZ|IST|RUH|
RUH|GRU,|GRU|IST|RUH|
RUH|HAV,|HAV|YYZ|IST|RUH|
RUH|IND,|IND|YYZ|IST|RUH|
RUH|JFK,|JFK|IST|RUH|
RUH|KIN,|KIN|YYZ|IST|RUH|
RUH|LIM,|LIM|MIA|ZRH|IST|RUH|
RUH|LIR,|LIR|EWR|BHX|IST|RUH|
RUH|MCI,|MCI|ORD|IST|RUH|
RUH|MDT,|MDT|IAD|IST|RUH|
RUH|MIA,|MIA|ZRH|IST|RUH|
RUH|MKE,|MKE|YYZ|IST|RUH|
RUH|MSP,|MSP|YUL|FRA|IST|RUH|
RUH|NAS,|NAS|EWR|BHX|IST|RUH|
RUH|PHL,|PHL|IAD|IST|RUH|
RUH|PHX,|PHX|DEN|FRA|IST|RUH|
RUH|PIT,|PIT|YYZ|IST|RUH|
RUH|PLS,|PLS|EWR|BHX|IST|RUH|
RUH|POP,|POP|EWR|BHX|IST|RUH|
RUH|RDU,|RDU|EWR|BHX|IST|RUH|
RUH|ROC,|ROC|YYZ|IST|RUH|
RUH|RSW,|RSW|MCO|FRA|IST|RUH|
RUH|SAN,|SAN|LAX|IST|RUH|
RUH|SJO,|SJO|EWR|BHX|IST|RUH|
RUH|STL,|STL|ORD|IST|RUH|
RUH|SYR,|SYR|EWR|BHX|IST|RUH|
RUH|TLV,|TLV|IST|RUH|
RUH|TPA,|TPA|EWR|BHX|IST|RUH|
RUH|UVF,|UVF|EWR|BHX|IST|RUH|
RUH|VIE,|VIE|IST|RUH|
RUH|YAM,|YAM|YYZ|IST|RUH|
RUH|YGK,|YGK|YYZ|IST|RUH|
RUH|YQG,|YQG|YYZ|IST|RUH|
RUH|YSB,|YSB|YYZ|IST|RUH|
RUH|YTS,|YTS|YYZ|IST|RUH|
RUH|YYB,|YYB|YYZ|IST|RUH|
RUH|YZR,|YZR|YYZ|IST|RUH|
RUH|CAN,|CAN|IST|RUH|
RUH|URC,|URC|IST|RUH|
RUH|CTU,|CTU|URC|IST|RUH|
RUH|HGH,|HGH|URC|IST|RUH|
RUH|XMN,|XMN|CSX|URC|IST|RUH|
RUH|CGO,|CGO|URC|IST|RUH|
RUH|CSX,|CSX|URC|IST|RUH|
RUH|SHE,|SHE|PEK|IST|RUH|
RUH|SJW,|SJW|URC|IST|RUH|
RUH|WUH,|WUH|URC|IST|RUH|
RUH|SZX,|SZX|CKG|URC|IST|RUH|
RUH|CKG,|CKG|URC|IST|RUH|
RUH|KMG,|KMG|CTU|URC|IST|RUH|
RUH|FOC,|FOC|XIY|URC|IST|RUH|
RUH|NNG,|NNG|KWE|URC|IST|RUH|
RUH|SWA,|SWA|CAN|IST|RUH|
RUH|ACX,|ACX|CAN|IST|RUH|
RUH|AQG,|AQG|CAN|IST|RUH|
RUH|AVA,|AVA|CAN|IST|RUH|
RUH|BFJ,|BFJ|CAN|IST|RUH|
RUH|BHY,|BHY|CKG|URC|IST|RUH|
RUH|BNE,|BNE|BKK|IST|RUH|
RUH|CGD,|CGD|PEK|IST|RUH|
RUH|CGK,|CGK|SIN|IST|RUH|
RUH|CGQ,|CGQ|HET|URC|IST|RUH|
RUH|CIH,|CIH|PEK|IST|RUH|
RUH|CNX,|CNX|CAN|IST|RUH|
RUH|CZX,|CZX|TYN|URC|IST|RUH|
RUH|DAC,|DAC|IST|RUH|
RUH|DAD,|DAD|CAN|IST|RUH|
RUH|DEL,|DEL|IST|RUH|
RUH|DIG,|DIG|KMG|CTU|URC|IST|RUH|
RUH|DLC,|DLC|PEK|IST|RUH|
RUH|DPS,|DPS|CAN|IST|RUH|
RUH|DXB,|DXB|IST|RUH|
RUH|DYG,|DYG|CSX|URC|IST|RUH|
RUH|FUG,|FUG|CAN|IST|RUH|
RUH|FUK,|FUK|ICN|IST|RUH|
RUH|HAK,|HAK|CTU|URC|IST|RUH|
RUH|HAN,|HAN|CAN|IST|RUH|
RUH|HDG,|HDG|CAN|IST|RUH|
RUH|HET,|HET|URC|IST|RUH|
RUH|HFE,|HFE|XIY|URC|IST|RUH|
RUH|HJJ,|HJJ|CSX|URC|IST|RUH|
RUH|HKT,|HKT|KWE|URC|IST|RUH|
RUH|HRB,|HRB|PEK|IST|RUH|
RUH|HZH,|HZH|CAN|IST|RUH|
RUH|JIU,|JIU|CAN|IST|RUH|
RUH|JJN,|JJN|CSX|URC|IST|RUH|
RUH|JNG,|JNG|CAN|IST|RUH|
RUH|KHN,|KHN|XIY|URC|IST|RUH|
RUH|KIX,|KIX|IST|RUH|
RUH|KOW,|KOW|CAN|IST|RUH|
RUH|KTM,|KTM|IST|RUH|
RUH|KUL,|KUL|IST|RUH|
RUH|KWE,|KWE|URC|IST|RUH|
RUH|KWL,|KWL|CKG|URC|IST|RUH|
RUH|LHW,|LHW|URC|IST|RUH|
RUH|LYA,|LYA|KHN|XIY|URC|IST|RUH|
RUH|LYG,|LYG|XUZ|INC|URC|IST|RUH|
RUH|LZH,|LZH|CAN|IST|RUH|
RUH|MEL,|MEL|BKK|IST|RUH|
RUH|MIG,|MIG|CSX|URC|IST|RUH|
RUH|MLE,|MLE|IST|RUH|
RUH|MNL,|MNL|CAN|IST|RUH|
RUH|MXZ,|MXZ|CAN|IST|RUH|
RUH|NAO,|NAO|PEK|IST|RUH|
RUH|NGB,|NGB|WUH|URC|IST|RUH|
RUH|NKG,|NKG|URC|IST|RUH|
RUH|NNY,|NNY|CGO|URC|IST|RUH|
RUH|PEN,|PEN|CAN|IST|RUH|
RUH|PER,|PER|BKK|IST|RUH|
RUH|PNH,|PNH|CAN|IST|RUH|
RUH|REP,|REP|CAN|IST|RUH|
RUH|RGN,|RGN|CAN|IST|RUH|
RUH|SGN,|SGN|BKK|IST|RUH|
RUH|SHA,|SHA|URC|IST|RUH|
RUH|SIN,|SIN|IST|RUH|
RUH|SVO,|SVO|URC|IST|RUH|
RUH|SYX,|SYX|CKG|URC|IST|RUH|
RUH|TAO,|TAO|TYN|URC|IST|RUH|
RUH|TEN,|TEN|CAN|IST|RUH|
RUH|TNA,|TNA|URC|IST|RUH|
RUH|TPE,|TPE|URC|IST|RUH|
RUH|TSN,|TSN|HET|URC|IST|RUH|
RUH|TXN,|TXN|TYN|URC|IST|RUH|
RUH|TYN,|TYN|URC|IST|RUH|
RUH|WNZ,|WNZ|XIY|URC|IST|RUH|
RUH|WUX,|WUX|CAN|IST|RUH|
RUH|XFN,|XFN|CAN|IST|RUH|
RUH|XIY,|XIY|URC|IST|RUH|
RUH|XUZ,|XUZ|INC|URC|IST|RUH|
RUH|YIH,|YIH|CKG|URC|IST|RUH|
RUH|YIW,|YIW|URC|IST|RUH|
RUH|YNT,|YNT|SHE|PEK|IST|RUH|
RUH|YNZ,|YNZ|WUH|URC|IST|RUH|
RUH|YTY,|YTY|CGO|URC|IST|RUH|
RUH|ZHA,|ZHA|CAN|IST|RUH|
RUH|ZYI,|ZYI|CAN|IST|RUH|
RUH|BAV,|BAV|URC|IST|RUH|
RUH|CJU,|CJU|DLC|PEK|IST|RUH|
RUH|DSN,|DSN|CGO|URC|IST|RUH|
RUH|HMI,|HMI|URC|IST|RUH|
RUH|INC,|INC|URC|IST|RUH|
RUH|KHH,|KHH|WUH|URC|IST|RUH|
RUH|UYN,|UYN|XIY|URC|IST|RUH|
RUH|XNN,|XNN|URC|IST|RUH|
RUH|ZUH,|ZUH|KWE|URC|IST|RUH|
RUH|YNJ,|YNJ|PEK|IST|RUH|
RUH|DAT,|DAT|TYN|URC|IST|RUH|
RUH|JHG,|JHG|KMG|CTU|URC|IST|RUH|
RUH|LJG,|LJG|KMG|CTU|URC|IST|RUH|
RUH|LXA,|LXA|CKG|URC|IST|RUH|
RUH|YCU,|YCU|CKG|URC|IST|RUH|
RUH|LZO,|LZO|CSX|URC|IST|RUH|
RUH|MDG,|MDG|DLC|PEK|IST|RUH|
RUH|NGO,|NGO|ICN|IST|RUH|
RUH|TOY,|TOY|DLC|PEK|IST|RUH|
RUH|MFM,|MFM|XMN|CSX|URC|IST|RUH|
RUH|TGO,|TGO|HET|URC|IST|RUH|
RUH|XIL,|XIL|HET|URC|IST|RUH|
RUH|HEK,|HEK|HRB|PEK|IST|RUH|
RUH|KIJ,|KIJ|HRB|PEK|IST|RUH|
RUH|LDS,|LDS|HRB|PEK|IST|RUH|
RUH|OHE,|OHE|HRB|PEK|IST|RUH|
RUH|HSN,|HSN|LYG|XUZ|INC|URC|IST|RUH|
RUH|DLU,|DLU|KMG|CTU|URC|IST|RUH|
RUH|SYM,|SYM|KMG|CTU|URC|IST|RUH|
RUH|ZAT,|ZAT|KMG|CTU|URC|IST|RUH|
RUH|LUN,|LUN|NBO|IST|RUH|
RUH|AOG,|AOG|PEK|IST|RUH|
RUH|GMP,|GMP|PEK|IST|RUH|
RUH|ISB,|ISB|IST|RUH|
RUH|TAS,|TAS|IST|RUH|
RUH|WUS,|WUS|PEK|IST|RUH|
RUH|JMU,|JMU|PVG|IST|RUH|
RUH|NDG,|NDG|PVG|IST|RUH|
RUH|JXA,|JXA|SHE|PEK|IST|RUH|
RUH|PUS,|PUS|SHE|PEK|IST|RUH|
RUH|BKI,|BKI|SZX|CKG|URC|IST|RUH|
RUH|AKU,|AKU|URC|IST|RUH|
RUH|ALA,|ALA|IST|RUH|
RUH|ASB,|ASB|IST|RUH|
RUH|DNH,|DNH|URC|IST|RUH|
RUH|DYU,|DYU|IST|RUH|
RUH|FRU,|FRU|IST|RUH|
RUH|GYD,|GYD|IST|RUH|
RUH|HTN,|HTN|URC|IST|RUH|
RUH|IKA,|IKA|IST|RUH|
RUH|KCA,|KCA|URC|IST|RUH|
RUH|KHG,|KHG|URC|IST|RUH|
RUH|KRL,|KRL|URC|IST|RUH|
RUH|KRY,|KRY|URC|IST|RUH|
RUH|LBD,|LBD|URC|IST|RUH|
RUH|NLT,|NLT|URC|IST|RUH|
RUH|OSS,|OSS|IST|RUH|
RUH|OVB,|OVB|IST|RUH|
RUH|TBS,|TBS|IST|RUH|
RUH|TCG,|TCG|URC|IST|RUH|
RUH|TSE,|TSE|IST|RUH|
RUH|YIN,|YIN|URC|IST|RUH|
RUH|ENH,|ENH|WUH|URC|IST|RUH|
RUH|ENY,|ENY|XIY|URC|IST|RUH|
RUH|WXN,|WXN|XIY|URC|IST|RUH|
RUH|BLL,|BLL|IST|RUH|
RUH|ESB,|ESB|IST|RUH|
RUH|SAW,|SAW|ADB|IST|RUH|
RUH|HAM,|HAM|IST|RUH|
RUH|HRE,|HRE|ADD|IST|RUH|
RUH|JUB,|JUB|CAI|IST|RUH|
RUH|SSG,|SSG|DLA|IST|RUH|
RUH|BGW,|BGW|IST|RUH|
RUH|EBL,|EBL|IST|RUH|
RUH|VKO,|VKO|IST|RUH|
RUH|MCT,|MCT|IST|RUH|
RUH|AYT,|AYT|IST|RUH|
RUH|SCQ,|SCQ|BIO|IST|RUH|
RUH|AAL,|AAL|IST|RUH|
RUH|AOE,|AOE|BRU|IST|RUH|
RUH|JNB,|JNB|IST|RUH|
RUH|LBV,|LBV|DLA|IST|RUH|
RUH|ADA,|ADA|IST|RUH|
RUH|ADB,|ADB|IST|RUH|
RUH|ADF,|ADF|IST|RUH|
RUH|AJI,|AJI|IST|RUH|
RUH|BAL,|BAL|IST|RUH|
RUH|BJV,|BJV|IST|RUH|
RUH|CKZ,|CKZ|ESB|IST|RUH|
RUH|DIY,|DIY|IST|RUH|
RUH|ECN,|ECN|IST|RUH|
RUH|ERC,|ERC|IST|RUH|
RUH|ERZ,|ERZ|IST|RUH|
RUH|EZS,|EZS|IST|RUH|
RUH|GNY,|GNY|IST|RUH|
RUH|GZP,|GZP|ESB|IST|RUH|
RUH|GZT,|GZT|IST|RUH|
RUH|HTY,|HTY|IST|RUH|
RUH|KCM,|KCM|IST|RUH|
RUH|KSY,|KSY|IST|RUH|
RUH|MLX,|MLX|IST|RUH|
RUH|MQM,|MQM|IST|RUH|
RUH|MSR,|MSR|IST|RUH|
RUH|TEQ,|TEQ|ESB|IST|RUH|
RUH|TZX,|TZX|IST|RUH|
RUH|VAN,|VAN|IST|RUH|
RUH|ULN,|ULN|FRU|IST|RUH|
RUH|HIJ,|HIJ|ICN|IST|RUH|
RUH|VVO,|VVO|ICN|IST|RUH|
RUH|ACC,|ACC|IST|RUH|
RUH|AER,|AER|IST|RUH|
RUH|AGP,|AGP|IST|RUH|
RUH|ALG,|ALG|IST|RUH|
RUH|AMM,|AMM|IST|RUH|
RUH|AQJ,|AQJ|IST|RUH|
RUH|ARN,|ARN|IST|RUH|
RUH|ASR,|ASR|IST|RUH|
RUH|ATH,|ATH|IST|RUH|
RUH|BAH,|BAH|IST|RUH|
RUH|BEG,|BEG|IST|RUH|
RUH|BEN,|BEN|IST|RUH|
RUH|BEY,|BEY|IST|RUH|
RUH|BHX,|BHX|IST|RUH|
RUH|BIO,|BIO|IST|RUH|
RUH|BLQ,|BLQ|IST|RUH|
RUH|BOM,|BOM|IST|RUH|
RUH|BRE,|BRE|IST|RUH|
RUH|BSL,|BSL|IST|RUH|
RUH|BSR,|BSR|IST|RUH|
RUH|BUD,|BUD|IST|RUH|
RUH|BUS,|BUS|IST|RUH|
RUH|CAI,|CAI|IST|RUH|
RUH|CGN,|CGN|IST|RUH|
RUH|CMN,|CMN|IST|RUH|
RUH|CND,|CND|IST|RUH|
RUH|DAR,|DAR|IST|RUH|
RUH|DLM,|DLM|IST|RUH|
RUH|DMM,|DMM|IST|RUH|
RUH|DNK,|DNK|IST|RUH|
RUH|DNZ,|DNZ|IST|RUH|
RUH|DOK,|DOK|IST|RUH|
RUH|DUS,|DUS|IST|RUH|
RUH|EDI,|EDI|IST|RUH|
RUH|ELQ,|ELQ|IST|RUH|
RUH|FDH,|FDH|IST|RUH|
RUH|GOA,|GOA|IST|RUH|
RUH|GOT,|GOT|IST|RUH|
RUH|HAJ,|HAJ|IST|RUH|
RUH|HBE,|HBE|IST|RUH|
RUH|HEL,|HEL|IST|RUH|
RUH|HRG,|HRG|IST|RUH|
RUH|IFN,|IFN|IST|RUH|
RUH|ISE,|ISE|IST|RUH|
RUH|ISU,|ISU|IST|RUH|
RUH|JIB,|JIB|IST|RUH|
RUH|JRO,|JRO|IST|RUH|
RUH|KAN,|KAN|IST|RUH|
RUH|KBL,|KBL|IST|RUH|
RUH|KBP,|KBP|IST|RUH|
RUH|KFS,|KFS|IST|RUH|
RUH|KHI,|KHI|IST|RUH|
RUH|KIV,|KIV|IST|RUH|
RUH|KRT,|KRT|IST|RUH|
RUH|KSH,|KSH|IST|RUH|
RUH|KVD,|KVD|IST|RUH|
RUH|KWI,|KWI|IST|RUH|
RUH|KYA,|KYA|IST|RUH|
RUH|KZN,|KZN|IST|RUH|
RUH|KZR,|KZR|IST|RUH|
RUH|LED,|LED|IST|RUH|
RUH|LEJ,|LEJ|IST|RUH|
RUH|LGW,|LGW|IST|RUH|
RUH|LHE,|LHE|IST|RUH|
RUH|LIS,|LIS|IST|RUH|
RUH|LJU,|LJU|IST|RUH|
RUH|LOS,|LOS|IST|RUH|
RUH|LUX,|LUX|IST|RUH|
RUH|LWO,|LWO|IST|RUH|
RUH|LYS,|LYS|IST|RUH|
RUH|MAD,|MAD|IST|RUH|
RUH|MAN,|MAN|IST|RUH|
RUH|MED,|MED|IST|RUH|
RUH|MHD,|MHD|IST|RUH|
RUH|MLA,|MLA|IST|RUH|
RUH|MRS,|MRS|IST|RUH|
RUH|MSQ,|MSQ|IST|RUH|
RUH|MXP,|MXP|IST|RUH|
RUH|MZH,|MZH|IST|RUH|
RUH|MZR,|MZR|IST|RUH|
RUH|NAJ,|NAJ|IST|RUH|
RUH|NAV,|NAV|IST|RUH|
RUH|NCE,|NCE|IST|RUH|
RUH|NIM,|NIM|IST|RUH|
RUH|NJF,|NJF|IST|RUH|
RUH|NSI,|NSI|IST|RUH|
RUH|NUE,|NUE|IST|RUH|
RUH|ODS,|ODS|IST|RUH|
RUH|ORN,|ORN|IST|RUH|
RUH|OTP,|OTP|IST|RUH|
RUH|PRG,|PRG|IST|RUH|
RUH|PRN,|PRN|IST|RUH|
RUH|RIX,|RIX|IST|RUH|
RUH|ROV,|ROV|IST|RUH|
RUH|RTM,|RTM|IST|RUH|
RUH|SAH,|SAH|IST|RUH|
RUH|SJJ,|SJJ|IST|RUH|
RUH|SKG,|SKG|IST|RUH|
RUH|SKP,|SKP|IST|RUH|
RUH|SSH,|SSH|IST|RUH|
RUH|STR,|STR|IST|RUH|
RUH|SVX,|SVX|IST|RUH|
RUH|SYZ,|SYZ|IST|RUH|
RUH|SZG,|SZG|IST|RUH|
RUH|TBZ,|TBZ|IST|RUH|
RUH|TGD,|TGD|IST|RUH|
RUH|TIA,|TIA|IST|RUH|
RUH|TIF,|TIF|IST|RUH|
RUH|TIP,|TIP|IST|RUH|
RUH|TLL,|TLL|IST|RUH|
RUH|TLS,|TLS|IST|RUH|
RUH|TRN,|TRN|IST|RUH|
RUH|TUN,|TUN|IST|RUH|
RUH|TXL,|TXL|IST|RUH|
RUH|UFA,|UFA|IST|RUH|
RUH|VAS,|VAS|IST|RUH|
RUH|VCE,|VCE|IST|RUH|
RUH|YNB,|YNB|IST|RUH|
RUH|ZAG,|ZAG|IST|RUH|
RUH|MGQ,|MGQ|JIB|IST|RUH|
RUH|CPT,|CPT|JNB|IST|RUH|
RUH|MBA,|MBA|JRO|IST|RUH|
RUH|NDJ,|NDJ|KAN|IST|RUH|
RUH|CMB,|CMB|MLE|IST|RUH|
RUH|ADE,|ADE|SAH|IST|RUH|
RUH|ASF,|ASF|SAW|ADB|IST|RUH|
RUH|STW,|STW|SAW|ADB|IST|RUH|
RUH|LFW,|LFW|ABJ|OUA|NIM|IST|RUH|
RUH|CEC,|CEC|ACV|SMF|SEA|FRA|IST|RUH|
RUH|SMF,|SMF|SEA|FRA|IST|RUH|
RUH|CDR,|CDR|AIA|DEN|FRA|IST|RUH|
RUH|FMN,|FMN|DEN|FRA|IST|RUH|
RUH|JST,|JST|IAD|IST|RUH|
RUH|JHW,|JHW|CLE|YYZ|IST|RUH|
RUH|SHD,|SHD|IAD|IST|RUH|
RUH|PTY,|PTY|MIA|ZRH|IST|RUH|
RUH|FNA,|FNA|BRU|IST|RUH|
RUH|SXB,|SXB|BRU|IST|RUH|
RUH|ACV,|ACV|SMF|SEA|FRA|IST|RUH|
RUH|MGW,|MGW|IAD|IST|RUH|
RUH|ALB,|ALB|EWR|BHX|IST|RUH|
RUH|AUS,|AUS|ORD|IST|RUH|
RUH|BFD,|BFD|CLE|YYZ|IST|RUH|
RUH|BUF,|BUF|EWR|BHX|IST|RUH|
RUH|CHS,|CHS|EWR|BHX|IST|RUH|
RUH|DAY,|DAY|CLE|YYZ|IST|RUH|
RUH|DUJ,|DUJ|CLE|YYZ|IST|RUH|
RUH|ERI,|ERI|CLE|YYZ|IST|RUH|
RUH|FKL,|FKL|CLE|YYZ|IST|RUH|
RUH|FNT,|FNT|CLE|YYZ|IST|RUH|
RUH|GRR,|GRR|CLE|YYZ|IST|RUH|
RUH|GSP,|GSP|EWR|BHX|IST|RUH|
RUH|PBI,|PBI|EWR|BHX|IST|RUH|
RUH|PKB,|PKB|CLE|YYZ|IST|RUH|
RUH|RIC,|RIC|EWR|BHX|IST|RUH|
RUH|SDF,|SDF|CLE|YYZ|IST|RUH|
RUH|GUM,|GUM|FUK|ICN|IST|RUH|
RUH|WRL,|WRL|CYS|DEN|FRA|IST|RUH|
RUH|LBL,|RUH|
RUH|ABQ,|ABQ|DEN|FRA|IST|RUH|
RUH|AIA,|AIA|DEN|FRA|IST|RUH|
RUH|ALS,|ALS|DEN|FRA|IST|RUH|
RUH|AMA,|AMA|DEN|FRA|IST|RUH|
RUH|ANC,|ANC|SEA|FRA|IST|RUH|
RUH|ASE,|ASE|DEN|FRA|IST|RUH|
RUH|BFL,|BFL|LAX|IST|RUH|
RUH|BHM,|BHM|BWI|EWR|BHX|IST|RUH|
RUH|BIL,|BIL|DEN|FRA|IST|RUH|
RUH|BIS,|BIS|DEN|FRA|IST|RUH|
RUH|BOI,|BOI|DEN|FRA|IST|RUH|
RUH|BUR,|BUR|DEN|FRA|IST|RUH|
RUH|BZN,|BZN|ORD|IST|RUH|
RUH|CID,|CID|ORD|IST|RUH|
RUH|COD,|COD|DEN|FRA|IST|RUH|
RUH|COS,|COS|DEN|FRA|IST|RUH|
RUH|CPR,|CPR|DEN|FRA|IST|RUH|
RUH|CYS,|CYS|DEN|FRA|IST|RUH|
RUH|DIK,|DIK|DEN|FRA|IST|RUH|
RUH|DRO,|DRO|DEN|FRA|IST|RUH|
RUH|DSM,|DSM|ORD|IST|RUH|
RUH|EGE,|EGE|DEN|FRA|IST|RUH|
RUH|ELP,|ELP|DEN|FRA|IST|RUH|
RUH|EUG,|EUG|PDX|SEA|FRA|IST|RUH|
RUH|FAR,|FAR|ORD|IST|RUH|
RUH|FAT,|FAT|SFO|MUC|IST|RUH|
RUH|FCA,|FCA|DEN|FRA|IST|RUH|
RUH|FSD,|FSD|ORD|IST|RUH|
RUH|GCC,|GCC|DEN|FRA|IST|RUH|
RUH|GEG,|GEG|DEN|FRA|IST|RUH|
RUH|GJT,|GJT|DEN|FRA|IST|RUH|
RUH|GTF,|GTF|DEN|FRA|IST|RUH|
RUH|GUC,|GUC|DEN|FRA|IST|RUH|
RUH|HDN,|HDN|DEN|FRA|IST|RUH|
RUH|HLN,|HLN|DEN|FRA|IST|RUH|
RUH|HSV,|HSV|IAD|IST|RUH|
RUH|ICT,|ICT|ORD|IST|RUH|
RUH|IDA,|IDA|DEN|FRA|IST|RUH|
RUH|ISN,|ISN|DEN|FRA|IST|RUH|
RUH|JAC,|JAC|DEN|FRA|IST|RUH|
RUH|KOA,|KOA|YVR|MUC|IST|RUH|
RUH|LAR,|LAR|DEN|FRA|IST|RUH|
RUH|LBB,|LBB|DAL|STL|ORD|IST|RUH|
RUH|LIH,|LIH|YVR|MUC|IST|RUH|
RUH|LIT,|LIT|ORD|IST|RUH|
RUH|LNK,|LNK|ORD|IST|RUH|
RUH|MAF,|MAF|DAL|STL|ORD|IST|RUH|
RUH|MEM,|MEM|EWR|BHX|IST|RUH|
RUH|MFR,|MFR|DEN|FRA|IST|RUH|
RUH|MLI,|MLI|ORD|IST|RUH|
RUH|MOT,|MOT|DEN|FRA|IST|RUH|
RUH|MRY,|MRY|SFO|MUC|IST|RUH|
RUH|MSN,|MSN|ORD|IST|RUH|
RUH|MSO,|MSO|DEN|FRA|IST|RUH|
RUH|MTJ,|MTJ|DEN|FRA|IST|RUH|
RUH|OKC,|OKC|ORD|IST|RUH|
RUH|OMA,|OMA|ORD|IST|RUH|
RUH|ONT,|ONT|DEN|FRA|IST|RUH|
RUH|PIA,|PIA|ORD|IST|RUH|
RUH|PIR,|PIR|DEN|FRA|IST|RUH|
RUH|PSC,|PSC|DEN|FRA|IST|RUH|
RUH|PSP,|PSP|DEN|FRA|IST|RUH|
RUH|PUB,|PUB|DEN|FRA|IST|RUH|
RUH|RAP,|RAP|ORD|IST|RUH|
RUH|RDM,|RDM|PDX|SEA|FRA|IST|RUH|
RUH|RKS,|RKS|DEN|FRA|IST|RUH|
RUH|RNO,|RNO|SEA|FRA|IST|RUH|
RUH|SAF,|SAF|DEN|FRA|IST|RUH|
RUH|SAT,|SAT|ORD|IST|RUH|
RUH|SBA,|SBA|LAX|IST|RUH|
RUH|SGF,|SGF|ORD|IST|RUH|
RUH|SGU,|SGU|DEN|FRA|IST|RUH|
RUH|SHV,|SHV|IAH|IST|RUH|
RUH|SJC,|SJC|SEA|FRA|IST|RUH|
RUH|SLC,|SLC|DEN|FRA|IST|RUH|
RUH|SNA,|SNA|DEN|FRA|IST|RUH|
RUH|TUL,|TUL|ORD|IST|RUH|
RUH|TUS,|TUS|DEN|FRA|IST|RUH|
RUH|TYS,|TYS|IAD|IST|RUH|
RUH|XNA,|XNA|ORD|IST|RUH|
RUH|SAL,|SAL|MIA|ZRH|IST|RUH|
RUH|BJL,|BJL|DKR|BRU|IST|RUH|
RUH|BFS,|BFS|EWR|BHX|IST|RUH|
RUH|BON,|BON|EWR|BHX|IST|RUH|
RUH|BQN,|BQN|EWR|BHX|IST|RUH|
RUH|BTV,|BTV|EWR|BHX|IST|RUH|
RUH|BZE,|BZE|EWR|BHX|IST|RUH|
RUH|GLA,|GLA|EWR|BHX|IST|RUH|
RUH|GSO,|GSO|EWR|BHX|IST|RUH|
RUH|ITH,|ITH|EWR|BHX|IST|RUH|
RUH|JAX,|JAX|EWR|BHX|IST|RUH|
RUH|MHT,|MHT|EWR|BHX|IST|RUH|
RUH|MYR,|MYR|EWR|BHX|IST|RUH|
RUH|ORF,|ORF|EWR|BHX|IST|RUH|
RUH|POS,|POS|EWR|BHX|IST|RUH|
RUH|PVD,|PVD|EWR|BHX|IST|RUH|
RUH|PWM,|PWM|EWR|BHX|IST|RUH|
RUH|SAP,|SAP|MIA|ZRH|IST|RUH|
RUH|SAV,|SAV|EWR|BHX|IST|RUH|
RUH|SDQ,|SDQ|EWR|BHX|IST|RUH|
RUH|SJU,|SJU|EWR|BHX|IST|RUH|
RUH|SNN,|SNN|EWR|BHX|IST|RUH|
RUH|STT,|STT|EWR|BHX|IST|RUH|
RUH|SXM,|SXM|EWR|BHX|IST|RUH|
RUH|BIM,|BIM|FLL|MCO|FRA|IST|RUH|
RUH|ELH,|ELH|PBI|EWR|BHX|IST|RUH|
RUH|EYW,|EYW|MCO|FRA|IST|RUH|
RUH|FPO,|FPO|FLL|MCO|FRA|IST|RUH|
RUH|GHB,|GHB|FLL|MCO|FRA|IST|RUH|
RUH|MHH,|MHH|MCO|FRA|IST|RUH|
RUH|TCB,|TCB|FLL|MCO|FRA|IST|RUH|
RUH|SOW,|SOW|FMN|DEN|FRA|IST|RUH|
RUH|ROB,|ROB|FNA|BRU|IST|RUH|
RUH|GIG,|GIG|GRU|IST|RUH|
RUH|CNS,|CNS|GUM|FUK|ICN|IST|RUH|
RUH|CTS,|CTS|GUM|FUK|ICN|IST|RUH|
RUH|OKJ,|OKJ|GUM|FUK|ICN|IST|RUH|
RUH|ROP,|ROP|GUM|FUK|ICN|IST|RUH|
RUH|ROR,|ROR|MNL|CAN|IST|RUH|
RUH|SDJ,|SDJ|GUM|FUK|ICN|IST|RUH|
RUH|SPN,|SPN|GUM|FUK|ICN|IST|RUH|
RUH|TKK,|TKK|GUM|FUK|ICN|IST|RUH|
RUH|YAP,|YAP|ROR|MNL|CAN|IST|RUH|
RUH|MAJ,|MAJ|KWA|PNI|TKK|GUM|FUK|ICN|IST|RUH|
RUH|AOO,|AOO|IAD|IST|RUH|
RUH|BGM,|BGM|IAD|IST|RUH|
RUH|BKW,|BKW|IAD|IST|RUH|
RUH|CAE,|CAE|IAD|IST|RUH|
RUH|CHO,|CHO|IAD|IST|RUH|
RUH|CRW,|CRW|IAD|IST|RUH|
RUH|FAY,|FAY|IAD|IST|RUH|
RUH|LWB,|LWB|IAD|IST|RUH|
RUH|ROA,|ROA|IAD|IST|RUH|
RUH|SCE,|SCE|IAD|IST|RUH|
RUH|ACA,|ACA|IAH|IST|RUH|
RUH|ACY,|ACY|ORD|IST|RUH|
RUH|AEX,|AEX|IAH|IST|RUH|
RUH|AGU,|AGU|IAH|IST|RUH|
RUH|BJX,|BJX|IAH|IST|RUH|
RUH|BRO,|BRO|IAH|IST|RUH|
RUH|BTR,|BTR|IAH|IST|RUH|
RUH|CCS,|CCS|IAH|IST|RUH|
RUH|CLL,|CLL|IAH|IST|RUH|
RUH|CME,|CME|IAH|IST|RUH|
RUH|CRP,|CRP|IAH|IST|RUH|
RUH|CUU,|CUU|IAH|IST|RUH|
RUH|DAL,|DAL|STL|ORD|IST|RUH|
RUH|DGO,|DGO|IAH|IST|RUH|
RUH|GDL,|GDL|IAH|IST|RUH|
RUH|GPT,|GPT|IAH|IST|RUH|
RUH|GRK,|GRK|IAH|IST|RUH|
RUH|HOB,|HOB|IAH|IST|RUH|
RUH|HRL,|HRL|IAH|IST|RUH|
RUH|HUX,|HUX|IAH|IST|RUH|
RUH|JAN,|JAN|ORD|IST|RUH|
RUH|LCH,|LCH|IAH|IST|RUH|
RUH|LEX,|LEX|ORD|IST|RUH|
RUH|LFT,|LFT|IAH|IST|RUH|
RUH|LRD,|LRD|IAH|IST|RUH|
RUH|MFE,|MFE|IAH|IST|RUH|
RUH|MGA,|MGA|IAH|IST|RUH|
RUH|MID,|MID|IAH|IST|RUH|
RUH|MLM,|MLM|IAH|IST|RUH|
RUH|MLU,|MLU|IAH|IST|RUH|
RUH|MOB,|MOB|ORD|IST|RUH|
RUH|MTY,|MTY|IAH|IST|RUH|
RUH|OAX,|OAX|IAH|IST|RUH|
RUH|PBC,|PBC|IAH|IST|RUH|
RUH|PNS,|PNS|BNA|YYZ|IST|RUH|
RUH|QRO,|QRO|IAH|IST|RUH|
RUH|RTB,|RTB|IAH|IST|RUH|
RUH|SLP,|SLP|IAH|IST|RUH|
RUH|SLW,|SLW|IAH|IST|RUH|
RUH|TAM,|TAM|IAH|IST|RUH|
RUH|TGU,|TGU|IAH|IST|RUH|
RUH|TRC,|TRC|IAH|IST|RUH|
RUH|TYR,|TYR|IAH|IST|RUH|
RUH|UIO,|UIO|IAH|IST|RUH|
RUH|VER,|VER|IAH|IST|RUH|
RUH|VPS,|VPS|IAH|IST|RUH|
RUH|VSA,|VSA|IAH|IST|RUH|
RUH|ZIH,|ZIH|IAH|IST|RUH|
RUH|ZLO,|ZLO|IAH|IST|RUH|
RUH|KWA,|KWA|PNI|TKK|GUM|FUK|ICN|IST|RUH|
RUH|PNI,|PNI|TKK|GUM|FUK|ICN|IST|RUH|
RUH|KSA,|KSA|PNI|TKK|GUM|FUK|ICN|IST|RUH|
RUH|CLD,|CLD|LAX|IST|RUH|
RUH|ITO,|ITO|LAX|IST|RUH|
RUH|SBP,|SBP|LAX|IST|RUH|
RUH|SMX,|SMX|LAX|IST|RUH|
RUH|YUM,|YUM|LAX|IST|RUH|
RUH|DDC,|RUH|
RUH|TMS,|TMS|LIS|IST|RUH|
RUH|PHC,|PHC|LOS|IST|RUH|
RUH|GNV,|GNV|MCO|FRA|IST|RUH|
RUH|TLH,|TLH|MCO|FRA|IST|RUH|
RUH|CKB,|CKB|MGW|IAD|IST|RUH|
RUH|BAQ,|BAQ|MIA|ZRH|IST|RUH|
RUH|CLO,|CLO|MIA|ZRH|IST|RUH|
RUH|CTG,|CTG|MIA|ZRH|IST|RUH|
RUH|MDE,|MDE|MIA|ZRH|IST|RUH|
RUH|ABE,|ABE|ORD|IST|RUH|
RUH|ATW,|ATW|ORD|IST|RUH|
RUH|AVL,|AVL|ORD|IST|RUH|
RUH|AVP,|AVP|ORD|IST|RUH|
RUH|CAK,|CAK|BOS|FRA|IST|RUH|
RUH|CMX,|CMX|ORD|IST|RUH|
RUH|CWA,|CWA|ORD|IST|RUH|
RUH|DLH,|DLH|ORD|IST|RUH|
RUH|EAU,|EAU|ORD|IST|RUH|
RUH|ELM,|ELM|ORD|IST|RUH|
RUH|FOE,|FOE|ORD|IST|RUH|
RUH|FWA,|FWA|ORD|IST|RUH|
RUH|GRB,|GRB|ORD|IST|RUH|
RUH|HPN,|HPN|ORD|IST|RUH|
RUH|LAN,|LAN|ORD|IST|RUH|
RUH|MBS,|MBS|ORD|IST|RUH|
RUH|MKG,|MKG|ORD|IST|RUH|
RUH|PAH,|PAH|ORD|IST|RUH|
RUH|SBN,|SBN|ORD|IST|RUH|
RUH|SPI,|SPI|ORD|IST|RUH|
RUH|SRQ,|SRQ|ORD|IST|RUH|
RUH|STC,|STC|ORD|IST|RUH|
RUH|TVC,|TVC|ORD|IST|RUH|
RUH|LMT,|LMT|PDX|SEA|FRA|IST|RUH|
RUH|HON,|HON|PIR|DEN|FRA|IST|RUH|
RUH|CIC,|CIC|SFO|MUC|IST|RUH|
RUH|MOD,|MOD|SFO|MUC|IST|RUH|
RUH|OTH,|OTH|SFO|MUC|IST|RUH|
RUH|RDD,|RDD|SFO|MUC|IST|RUH|
RUH|EIS,|EIS|SJU|EWR|BHX|IST|RUH|
RUH|DME,|DME|VIE|IST|RUH|
RUH|EVN,|EVN|VIE|IST|RUH|
RUH|HOU,|HOU|IND|YYZ|IST|RUH|
RUH|MDW,|MDW|DTW|FRA|IST|RUH|
RUH|OAK,|OAK|SEA|FRA|IST|RUH|
RUH|ECP,|ECP|BWI|EWR|BHX|IST|RUH|
RUH|ISP,|ISP|BWI|EWR|BHX|IST|RUH|
RUH|YHM,|YHM|YHZ|LHR|IST|RUH|
RUH|YXX,|YXX|YYC|FRA|IST|RUH|
RUH|YBR,|YBR|YYC|FRA|IST|RUH|
RUH|YKF,|YKF|YYC|FRA|IST|RUH|
RUH|GDN,|RUH|
RUH|TRD,|RUH|
RUH|NKC,|RUH|
RUH|PGA,|RUH|
