YBG|BRU,|BRU|YUL|YBG|
YBG|OUA,|OUA|BRU|YUL|YBG|
YBG|JED,|JED|FRA|YUL|YBG|
YBG|CPH,|CPH|YYZ|YUL|YBG|
YBG|YYZ,|YYZ|YUL|YBG|
YBG|DEN,|DEN|YUL|YBG|
YBG|YUL,|YUL|YBG|
YBG|NBO,|NBO|ZRH|YUL|YBG|
YBG|ICN,|ICN|JFK|YUL|YBG|
YBG|NRT,|NRT|YYZ|YUL|YBG|
YBG|YHZ,|YHZ|YUL|YBG|
YBG|YOW,|YOW|YUL|YBG|
YBG|BJM,|BJM|BRU|YUL|YBG|
YBG|COO,|COO|BRU|YUL|YBG|
YBG|DKR,|DKR|IAD|YUL|YBG|
YBG|DLA,|DLA|BRU|YUL|YBG|
YBG|KGL,|KGL|BRU|YUL|YBG|
YBG|LAD,|LAD|BRU|YUL|YBG|
YBG|ABJ,|ABJ|BRU|YUL|YBG|
YBG|AMS,|AMS|EWR|YUL|YBG|
YBG|OSL,|OSL|EWR|YUL|YBG|
YBG|VNO,|VNO|FRA|YUL|YBG|
YBG|WAW,|WAW|YYZ|YUL|YBG|
YBG|YYC,|YYC|YUL|YBG|
YBG|ATL,|ATL|IAD|YUL|YBG|
YBG|MSY,|MSY|YYZ|YUL|YBG|
YBG|YEG,|YEG|YUL|YBG|
YBG|YMM,|YMM|YYZ|YUL|YBG|
YBG|YQR,|YQR|YWG|YUL|YBG|
YBG|YVR,|YVR|YUL|YBG|
YBG|YWG,|YWG|YUL|YBG|
YBG|YXE,|YXE|YWG|YUL|YBG|
YBG|CKY,|CKY|DKR|IAD|YUL|YBG|
YBG|FIH,|FIH|DLA|BRU|YUL|YBG|
YBG|SCL,|SCL|YYZ|YUL|YBG|
YBG|LCA,|LCA|FRA|YUL|YBG|
YBG|NAP,|NAP|FRA|YUL|YBG|
YBG|VLC,|VLC|FRA|YUL|YBG|
YBG|BKK,|BKK|CGO|PEK|YYZ|YUL|YBG|
YBG|ADD,|ADD|JED|FRA|YUL|YBG|
YBG|FRA,|FRA|YUL|YBG|
YBG|IST,|IST|FRA|YUL|YBG|
YBG|EBB,|EBB|KGL|BRU|YUL|YBG|
YBG|YLW,|YLW|YYC|YUL|YBG|
YBG|YYT,|YYT|YUL|YBG|
YBG|GUA,|GUA|IAD|YUL|YBG|
YBG|EWR,|EWR|YUL|YBG|
YBG|IAD,|IAD|YUL|YBG|
YBG|IAH,|IAH|YUL|YBG|
YBG|ORD,|ORD|YUL|YBG|
YBG|SOF,|SOF|MUC|YUL|YBG|
YBG|YQB,|YQB|YUL|YBG|
YBG|YXU,|YXU|YYZ|YUL|YBG|
YBG|EZE,|EZE|GRU|EWR|YUL|YBG|
YBG|YYJ,|YYJ|YYC|YUL|YBG|
YBG|YYY,|YYY|YUL|YBG|
YBG|YQQ,|YQQ|YYC|YUL|YBG|
YBG|YYR,|YYR|YWK|YZV|YUL|YBG|
YBG|LHR,|LHR|YUL|YBG|
YBG|SFO,|SFO|YUL|YBG|
YBG|YQU,|YQU|YEG|YUL|YBG|
YBG|YZF,|YZF|YEG|YUL|YBG|
YBG|YGR,|YGR|YGP|YQB|YUL|YBG|
YBG|YGP,|YGP|YQB|YUL|YBG|
YBG|BOS,|BOS|YUL|YBG|
YBG|YDF,|YDF|YHZ|YUL|YBG|
YBG|YFC,|YFC|YUL|YBG|
YBG|YQM,|YQM|YUL|YBG|
YBG|YQX,|YQX|YHZ|YUL|YBG|
YBG|YQY,|YQY|YHZ|YUL|YBG|
YBG|YSJ,|YSJ|YUL|YBG|
YBG|YYG,|YYG|YUL|YBG|
YBG|LAX,|LAX|YUL|YBG|
YBG|DCA,|DCA|YUL|YBG|
YBG|LGA,|LGA|YUL|YBG|
YBG|YZV,|YZV|YUL|YBG|
YBG|YWL,|YWL|YVR|YUL|YBG|
YBG|AZS,|AZS|YUL|YBG|
YBG|BDL,|BDL|YUL|YBG|
YBG|CCC,|CCC|YUL|YBG|
YBG|CDG,|CDG|YUL|YBG|
YBG|CUN,|CUN|YUL|YBG|
YBG|CZM,|CZM|YUL|YBG|
YBG|FDF,|FDF|YUL|YBG|
YBG|FLL,|FLL|YUL|YBG|
YBG|GVA,|GVA|YUL|YBG|
YBG|HOG,|HOG|YUL|YBG|
YBG|LAS,|LAS|YUL|YBG|
YBG|MBJ,|MBJ|YUL|YBG|
YBG|MCO,|MCO|YUL|YBG|
YBG|MUC,|MUC|YUL|YBG|
YBG|PAP,|PAP|YUL|YBG|
YBG|PTP,|PTP|YUL|YBG|
YBG|PUJ,|PUJ|YUL|YBG|
YBG|SNU,|SNU|YUL|YBG|
YBG|VRA,|VRA|YUL|YBG|
YBG|YBC,|YBC|YUL|YBG|
YBG|YTZ,|YTZ|YUL|YBG|
YBG|YUY,|YUY|YUL|YBG|
YBG|YVO,|YVO|YUL|YBG|
YBG|ZBF,|ZBF|YUL|YBG|
YBG|ZRH,|ZRH|YUL|YBG|
YBG|ZSA,|ZSA|YUL|YBG|
YBG|AKL,|AKL|LAX|YUL|YBG|
YBG|HKG,|HKG|YYZ|YUL|YBG|
YBG|HND,|HND|YVR|YUL|YBG|
YBG|HNL,|HNL|SFO|YUL|YBG|
YBG|MEX,|MEX|YYZ|YUL|YBG|
YBG|OGG,|OGG|SFO|YUL|YBG|
YBG|PDX,|PDX|YYC|YUL|YBG|
YBG|PEK,|PEK|YYZ|YUL|YBG|
YBG|PVG,|PVG|YYZ|YUL|YBG|
YBG|PVR,|PVR|IAH|YUL|YBG|
YBG|SEA,|SEA|YYZ|YUL|YBG|
YBG|SYD,|SYD|SFO|YUL|YBG|
YBG|YBL,|YBL|YVR|YUL|YBG|
YBG|YCD,|YCD|YVR|YUL|YBG|
YBG|YCG,|YCG|YYC|YUL|YBG|
YBG|YKA,|YKA|YYC|YUL|YBG|
YBG|YPR,|YPR|YVR|YUL|YBG|
YBG|YQZ,|YQZ|YVR|YUL|YBG|
YBG|YXC,|YXC|YYC|YUL|YBG|
YBG|YXJ,|YXJ|YYC|YUL|YBG|
YBG|YXS,|YXS|YYC|YUL|YBG|
YBG|YXT,|YXT|YVR|YUL|YBG|
YBG|YXY,|YXY|YVR|YUL|YBG|
YBG|YYD,|YYD|YVR|YUL|YBG|
YBG|YYF,|YYF|YVR|YUL|YBG|
YBG|YZP,|YZP|YVR|YUL|YBG|
YBG|YQT,|YQT|YYZ|YUL|YBG|
YBG|SJD,|SJD|ORD|YUL|YBG|
YBG|YQF,|YQF|YYC|YUL|YBG|
YBG|YQL,|YQL|YYC|YUL|YBG|
YBG|YXH,|YXH|YYC|YUL|YBG|
YBG|YWK,|YWK|YZV|YUL|YBG|
YBG|ANU,|ANU|EWR|YUL|YBG|
YBG|AUA,|AUA|EWR|YUL|YBG|
YBG|AUH,|AUH|FRA|YUL|YBG|
YBG|BCN,|BCN|EWR|YUL|YBG|
YBG|BDA,|BDA|EWR|YUL|YBG|
YBG|BGI,|BGI|YYZ|YUL|YBG|
YBG|BNA,|BNA|YYZ|YUL|YBG|
YBG|BOG,|BOG|JFK|YUL|YBG|
YBG|BWI,|BWI|EWR|YUL|YBG|
YBG|CLE,|CLE|YYZ|YUL|YBG|
YBG|CLT,|CLT|IAD|YUL|YBG|
YBG|CMH,|CMH|YYZ|YUL|YBG|
YBG|CVG,|CVG|YYZ|YUL|YBG|
YBG|DFW,|DFW|YUL|YBG|
YBG|DTW,|DTW|YYZ|YUL|YBG|
YBG|DUB,|DUB|BOS|YUL|YBG|
YBG|FCO,|FCO|EWR|YUL|YBG|
YBG|GCM,|GCM|IAD|YUL|YBG|
YBG|GGT,|GGT|FLL|YUL|YBG|
YBG|GND,|GND|YYZ|YUL|YBG|
YBG|GRU,|GRU|EWR|YUL|YBG|
YBG|HAV,|HAV|YYZ|YUL|YBG|
YBG|IND,|IND|YYZ|YUL|YBG|
YBG|JFK,|JFK|YUL|YBG|
YBG|KIN,|KIN|YYZ|YUL|YBG|
YBG|LIM,|LIM|EWR|YUL|YBG|
YBG|LIR,|LIR|EWR|YUL|YBG|
YBG|MCI,|MCI|ORD|YUL|YBG|
YBG|MDT,|MDT|IAD|YUL|YBG|
YBG|MIA,|MIA|YUL|YBG|
YBG|MKE,|MKE|YYZ|YUL|YBG|
YBG|MSP,|MSP|YUL|YBG|
YBG|NAS,|NAS|EWR|YUL|YBG|
YBG|PHL,|PHL|IAD|YUL|YBG|
YBG|PHX,|PHX|ORD|YUL|YBG|
YBG|PIT,|PIT|YYZ|YUL|YBG|
YBG|PLS,|PLS|EWR|YUL|YBG|
YBG|POP,|POP|EWR|YUL|YBG|
YBG|RDU,|RDU|IAD|YUL|YBG|
YBG|ROC,|ROC|YYZ|YUL|YBG|
YBG|RSW,|RSW|DCA|YUL|YBG|
YBG|SAN,|SAN|DEN|YUL|YBG|
YBG|SJO,|SJO|IAD|YUL|YBG|
YBG|STL,|STL|YYZ|YUL|YBG|
YBG|SYR,|SYR|YYZ|YUL|YBG|
YBG|TLV,|TLV|IST|FRA|YUL|YBG|
YBG|TPA,|TPA|IAD|YUL|YBG|
YBG|UVF,|UVF|EWR|YUL|YBG|
YBG|VIE,|VIE|JFK|YUL|YBG|
YBG|YAM,|YAM|YYZ|YUL|YBG|
YBG|YGK,|YGK|YYZ|YUL|YBG|
YBG|YQG,|YQG|YYZ|YUL|YBG|
YBG|YSB,|YSB|YYZ|YUL|YBG|
YBG|YTS,|YTS|YYZ|YUL|YBG|
YBG|YYB,|YYB|YYZ|YUL|YBG|
YBG|YZR,|YZR|YYZ|YUL|YBG|
YBG|CAN,|CAN|PEK|YYZ|YUL|YBG|
YBG|URC,|URC|TSE|FRA|YUL|YBG|
YBG|CTU,|CTU|PEK|YYZ|YUL|YBG|
YBG|HGH,|HGH|PEK|YYZ|YUL|YBG|
YBG|XMN,|XMN|PEK|YYZ|YUL|YBG|
YBG|CGO,|CGO|PEK|YYZ|YUL|YBG|
YBG|CSX,|CSX|PEK|YYZ|YUL|YBG|
YBG|SHE,|SHE|PEK|YYZ|YUL|YBG|
YBG|SJW,|SJW|DLC|PEK|YYZ|YUL|YBG|
YBG|WUH,|WUH|PEK|YYZ|YUL|YBG|
YBG|SZX,|SZX|PEK|YYZ|YUL|YBG|
YBG|CKG,|CKG|PEK|YYZ|YUL|YBG|
YBG|KMG,|KMG|PEK|YYZ|YUL|YBG|
YBG|FOC,|FOC|PEK|YYZ|YUL|YBG|
YBG|NNG,|NNG|PEK|YYZ|YUL|YBG|
YBG|SWA,|SWA|PEK|YYZ|YUL|YBG|
YBG|ACX,|ACX|CAN|PEK|YYZ|YUL|YBG|
YBG|AQG,|AQG|CAN|PEK|YYZ|YUL|YBG|
YBG|AVA,|AVA|CAN|PEK|YYZ|YUL|YBG|
YBG|BFJ,|BFJ|CAN|PEK|YYZ|YUL|YBG|
YBG|BHY,|BHY|CGO|PEK|YYZ|YUL|YBG|
YBG|BNE,|BNE|CAN|PEK|YYZ|YUL|YBG|
YBG|CGD,|CGD|PEK|YYZ|YUL|YBG|
YBG|CGK,|CGK|CAN|PEK|YYZ|YUL|YBG|
YBG|CGQ,|CGQ|PEK|YYZ|YUL|YBG|
YBG|CIH,|CIH|PEK|YYZ|YUL|YBG|
YBG|CNX,|CNX|CAN|PEK|YYZ|YUL|YBG|
YBG|CZX,|CZX|SHE|PEK|YYZ|YUL|YBG|
YBG|DAC,|DAC|IST|FRA|YUL|YBG|
YBG|DAD,|DAD|CAN|PEK|YYZ|YUL|YBG|
YBG|DEL,|DEL|IST|FRA|YUL|YBG|
YBG|DIG,|DIG|KMG|PEK|YYZ|YUL|YBG|
YBG|DLC,|DLC|PEK|YYZ|YUL|YBG|
YBG|DPS,|DPS|SZX|PEK|YYZ|YUL|YBG|
YBG|DXB,|DXB|IST|FRA|YUL|YBG|
YBG|DYG,|DYG|PEK|YYZ|YUL|YBG|
YBG|FUG,|FUG|CAN|PEK|YYZ|YUL|YBG|
YBG|FUK,|FUK|ICN|JFK|YUL|YBG|
YBG|HAK,|HAK|PEK|YYZ|YUL|YBG|
YBG|HAN,|HAN|PEK|YYZ|YUL|YBG|
YBG|HDG,|HDG|CAN|PEK|YYZ|YUL|YBG|
YBG|HET,|HET|DLC|PEK|YYZ|YUL|YBG|
YBG|HFE,|HFE|XIY|PEK|YYZ|YUL|YBG|
YBG|HJJ,|HJJ|CSX|PEK|YYZ|YUL|YBG|
YBG|HKT,|HKT|KWE|PEK|YYZ|YUL|YBG|
YBG|HRB,|HRB|PEK|YYZ|YUL|YBG|
YBG|HZH,|HZH|CAN|PEK|YYZ|YUL|YBG|
YBG|JIU,|JIU|CAN|PEK|YYZ|YUL|YBG|
YBG|JJN,|JJN|PEK|YYZ|YUL|YBG|
YBG|JNG,|JNG|CAN|PEK|YYZ|YUL|YBG|
YBG|KHN,|KHN|DLC|PEK|YYZ|YUL|YBG|
YBG|KIX,|KIX|SFO|YUL|YBG|
YBG|KOW,|KOW|PEK|YYZ|YUL|YBG|
YBG|KTM,|KTM|IST|FRA|YUL|YBG|
YBG|KUL,|KUL|CAN|PEK|YYZ|YUL|YBG|
YBG|KWE,|KWE|PEK|YYZ|YUL|YBG|
YBG|KWL,|KWL|PEK|YYZ|YUL|YBG|
YBG|LHW,|LHW|CGO|PEK|YYZ|YUL|YBG|
YBG|LYA,|LYA|KHN|DLC|PEK|YYZ|YUL|YBG|
YBG|LYG,|LYG|HSN|PEK|YYZ|YUL|YBG|
YBG|LZH,|LZH|CAN|PEK|YYZ|YUL|YBG|
YBG|MEL,|MEL|SYD|SFO|YUL|YBG|
YBG|MIG,|MIG|CSX|PEK|YYZ|YUL|YBG|
YBG|MLE,|MLE|IST|FRA|YUL|YBG|
YBG|MNL,|MNL|XMN|PEK|YYZ|YUL|YBG|
YBG|MXZ,|MXZ|CAN|PEK|YYZ|YUL|YBG|
YBG|NAO,|NAO|PEK|YYZ|YUL|YBG|
YBG|NGB,|NGB|PEK|YYZ|YUL|YBG|
YBG|NKG,|NKG|DLC|PEK|YYZ|YUL|YBG|
YBG|NNY,|NNY|CGO|PEK|YYZ|YUL|YBG|
YBG|PEN,|PEN|CAN|PEK|YYZ|YUL|YBG|
YBG|PER,|PER|CAN|PEK|YYZ|YUL|YBG|
YBG|PNH,|PNH|CAN|PEK|YYZ|YUL|YBG|
YBG|REP,|REP|CAN|PEK|YYZ|YUL|YBG|
YBG|RGN,|RGN|CAN|PEK|YYZ|YUL|YBG|
YBG|SGN,|SGN|CAN|PEK|YYZ|YUL|YBG|
YBG|SHA,|SHA|PEK|YYZ|YUL|YBG|
YBG|SIN,|SIN|CAN|PEK|YYZ|YUL|YBG|
YBG|SVO,|SVO|URC|TSE|FRA|YUL|YBG|
YBG|SYX,|SYX|PEK|YYZ|YUL|YBG|
YBG|TAO,|TAO|DLC|PEK|YYZ|YUL|YBG|
YBG|TEN,|TEN|PEK|YYZ|YUL|YBG|
YBG|TNA,|TNA|DLC|PEK|YYZ|YUL|YBG|
YBG|TPE,|TPE|PVG|YYZ|YUL|YBG|
YBG|TSN,|TSN|DLC|PEK|YYZ|YUL|YBG|
YBG|TXN,|TXN|DLC|PEK|YYZ|YUL|YBG|
YBG|TYN,|TYN|DAT|CIH|PEK|YYZ|YUL|YBG|
YBG|WNZ,|WNZ|CGO|PEK|YYZ|YUL|YBG|
YBG|WUX,|WUX|CAN|PEK|YYZ|YUL|YBG|
YBG|XFN,|XFN|XMN|PEK|YYZ|YUL|YBG|
YBG|XIY,|XIY|PEK|YYZ|YUL|YBG|
YBG|XUZ,|XUZ|LYG|HSN|PEK|YYZ|YUL|YBG|
YBG|YIH,|YIH|CKG|PEK|YYZ|YUL|YBG|
YBG|YIW,|YIW|PEK|YYZ|YUL|YBG|
YBG|YNT,|YNT|SHE|PEK|YYZ|YUL|YBG|
YBG|YNZ,|YNZ|DLC|PEK|YYZ|YUL|YBG|
YBG|YTY,|YTY|DLC|PEK|YYZ|YUL|YBG|
YBG|ZHA,|ZHA|CAN|PEK|YYZ|YUL|YBG|
YBG|ZYI,|ZYI|PEK|YYZ|YUL|YBG|
YBG|BAV,|BAV|CGO|PEK|YYZ|YUL|YBG|
YBG|CJU,|CJU|DLC|PEK|YYZ|YUL|YBG|
YBG|DSN,|DSN|CGO|PEK|YYZ|YUL|YBG|
YBG|HMI,|HMI|URC|TSE|FRA|YUL|YBG|
YBG|INC,|INC|PEK|YYZ|YUL|YBG|
YBG|KHH,|KHH|CGO|PEK|YYZ|YUL|YBG|
YBG|UYN,|UYN|CGO|PEK|YYZ|YUL|YBG|
YBG|XNN,|XNN|PEK|YYZ|YUL|YBG|
YBG|ZUH,|ZUH|PEK|YYZ|YUL|YBG|
YBG|YNJ,|YNJ|PEK|YYZ|YUL|YBG|
YBG|DAT,|DAT|CIH|PEK|YYZ|YUL|YBG|
YBG|JHG,|JHG|CKG|PEK|YYZ|YUL|YBG|
YBG|LJG,|LJG|CKG|PEK|YYZ|YUL|YBG|
YBG|LXA,|LXA|XIY|PEK|YYZ|YUL|YBG|
YBG|YCU,|YCU|CSX|PEK|YYZ|YUL|YBG|
YBG|LZO,|LZO|CSX|PEK|YYZ|YUL|YBG|
YBG|MDG,|MDG|DLC|PEK|YYZ|YUL|YBG|
YBG|NGO,|NGO|ICN|JFK|YUL|YBG|
YBG|TOY,|TOY|DLC|PEK|YYZ|YUL|YBG|
YBG|MFM,|MFM|XMN|PEK|YYZ|YUL|YBG|
YBG|TGO,|TGO|HET|DLC|PEK|YYZ|YUL|YBG|
YBG|XIL,|XIL|HET|DLC|PEK|YYZ|YUL|YBG|
YBG|HEK,|HEK|HRB|PEK|YYZ|YUL|YBG|
YBG|KIJ,|KIJ|HRB|PEK|YYZ|YUL|YBG|
YBG|LDS,|LDS|HRB|PEK|YYZ|YUL|YBG|
YBG|OHE,|OHE|HRB|PEK|YYZ|YUL|YBG|
YBG|HSN,|HSN|PEK|YYZ|YUL|YBG|
YBG|DLU,|DLU|KMG|PEK|YYZ|YUL|YBG|
YBG|SYM,|SYM|KMG|PEK|YYZ|YUL|YBG|
YBG|ZAT,|ZAT|KMG|PEK|YYZ|YUL|YBG|
YBG|LUN,|LUN|NBO|ZRH|YUL|YBG|
YBG|AOG,|AOG|PEK|YYZ|YUL|YBG|
YBG|GMP,|GMP|PEK|YYZ|YUL|YBG|
YBG|ISB,|ISB|IST|FRA|YUL|YBG|
YBG|TAS,|TAS|IST|FRA|YUL|YBG|
YBG|WUS,|WUS|PEK|YYZ|YUL|YBG|
YBG|JMU,|JMU|PVG|YYZ|YUL|YBG|
YBG|NDG,|NDG|PVG|YYZ|YUL|YBG|
YBG|JXA,|JXA|SHE|PEK|YYZ|YUL|YBG|
YBG|PUS,|PUS|SHE|PEK|YYZ|YUL|YBG|
YBG|BKI,|BKI|SZX|PEK|YYZ|YUL|YBG|
YBG|AKU,|AKU|URC|TSE|FRA|YUL|YBG|
YBG|ALA,|ALA|TSE|FRA|YUL|YBG|
YBG|ASB,|ASB|GYD|FRA|YUL|YBG|
YBG|DNH,|DNH|URC|TSE|FRA|YUL|YBG|
YBG|DYU,|DYU|IST|FRA|YUL|YBG|
YBG|FRU,|FRU|IST|FRA|YUL|YBG|
YBG|GYD,|GYD|FRA|YUL|YBG|
YBG|HTN,|HTN|URC|TSE|FRA|YUL|YBG|
YBG|IKA,|IKA|SAW|FRA|YUL|YBG|
YBG|KCA,|KCA|URC|TSE|FRA|YUL|YBG|
YBG|KHG,|KHG|URC|TSE|FRA|YUL|YBG|
YBG|KRL,|KRL|URC|TSE|FRA|YUL|YBG|
YBG|KRY,|KRY|URC|TSE|FRA|YUL|YBG|
YBG|LBD,|LBD|URC|TSE|FRA|YUL|YBG|
YBG|NLT,|NLT|URC|TSE|FRA|YUL|YBG|
YBG|OSS,|OSS|IST|FRA|YUL|YBG|
YBG|OVB,|OVB|IST|FRA|YUL|YBG|
YBG|TBS,|TBS|SAW|FRA|YUL|YBG|
YBG|TCG,|TCG|URC|TSE|FRA|YUL|YBG|
YBG|TSE,|TSE|FRA|YUL|YBG|
YBG|YIN,|YIN|URC|TSE|FRA|YUL|YBG|
YBG|ENH,|ENH|WUH|PEK|YYZ|YUL|YBG|
YBG|ENY,|ENY|XIY|PEK|YYZ|YUL|YBG|
YBG|WXN,|WXN|XIY|PEK|YYZ|YUL|YBG|
YBG|BLL,|BLL|IST|FRA|YUL|YBG|
YBG|ESB,|ESB|FRA|YUL|YBG|
YBG|SAW,|SAW|FRA|YUL|YBG|
YBG|HAM,|HAM|EWR|YUL|YBG|
YBG|HRE,|HRE|ADD|JED|FRA|YUL|YBG|
YBG|JUB,|JUB|CAI|IST|FRA|YUL|YBG|
YBG|SSG,|SSG|DLA|BRU|YUL|YBG|
YBG|BGW,|BGW|ESB|FRA|YUL|YBG|
YBG|EBL,|EBL|IST|FRA|YUL|YBG|
YBG|VKO,|VKO|IST|FRA|YUL|YBG|
YBG|MCT,|MCT|IST|FRA|YUL|YBG|
YBG|AYT,|AYT|IST|FRA|YUL|YBG|
YBG|SCQ,|SCQ|BIO|IST|FRA|YUL|YBG|
YBG|AAL,|AAL|IST|FRA|YUL|YBG|
YBG|AOE,|AOE|BRU|YUL|YBG|
YBG|JNB,|JNB|JFK|YUL|YBG|
YBG|LBV,|LBV|DLA|BRU|YUL|YBG|
YBG|ADA,|ADA|SAW|FRA|YUL|YBG|
YBG|ADB,|ADB|IST|FRA|YUL|YBG|
YBG|ADF,|ADF|ESB|FRA|YUL|YBG|
YBG|AJI,|AJI|ESB|FRA|YUL|YBG|
YBG|BAL,|BAL|ESB|FRA|YUL|YBG|
YBG|BJV,|BJV|IST|FRA|YUL|YBG|
YBG|CKZ,|CKZ|ESB|FRA|YUL|YBG|
YBG|DIY,|DIY|ESB|FRA|YUL|YBG|
YBG|ECN,|ECN|IST|FRA|YUL|YBG|
YBG|ERC,|ERC|ESB|FRA|YUL|YBG|
YBG|ERZ,|ERZ|ESB|FRA|YUL|YBG|
YBG|EZS,|EZS|ESB|FRA|YUL|YBG|
YBG|GNY,|GNY|ESB|FRA|YUL|YBG|
YBG|GZP,|GZP|ESB|FRA|YUL|YBG|
YBG|GZT,|GZT|ESB|FRA|YUL|YBG|
YBG|HTY,|HTY|SAW|FRA|YUL|YBG|
YBG|KCM,|KCM|ESB|FRA|YUL|YBG|
YBG|KSY,|KSY|ESB|FRA|YUL|YBG|
YBG|MLX,|MLX|ESB|FRA|YUL|YBG|
YBG|MQM,|MQM|ESB|FRA|YUL|YBG|
YBG|MSR,|MSR|ESB|FRA|YUL|YBG|
YBG|TEQ,|TEQ|ESB|FRA|YUL|YBG|
YBG|TZX,|TZX|ESB|FRA|YUL|YBG|
YBG|VAN,|VAN|ESB|FRA|YUL|YBG|
YBG|ULN,|ULN|FRU|IST|FRA|YUL|YBG|
YBG|HIJ,|HIJ|ICN|JFK|YUL|YBG|
YBG|VVO,|VVO|ICN|JFK|YUL|YBG|
YBG|ACC,|ACC|IST|FRA|YUL|YBG|
YBG|AER,|AER|IST|FRA|YUL|YBG|
YBG|AGP,|AGP|IST|FRA|YUL|YBG|
YBG|ALG,|ALG|IST|FRA|YUL|YBG|
YBG|AMM,|AMM|IST|FRA|YUL|YBG|
YBG|AQJ,|AQJ|IST|FRA|YUL|YBG|
YBG|ARN,|ARN|EWR|YUL|YBG|
YBG|ASR,|ASR|SAW|FRA|YUL|YBG|
YBG|ATH,|ATH|IST|FRA|YUL|YBG|
YBG|BAH,|BAH|IST|FRA|YUL|YBG|
YBG|BEG,|BEG|IST|FRA|YUL|YBG|
YBG|BEN,|BEN|IST|FRA|YUL|YBG|
YBG|BEY,|BEY|IST|FRA|YUL|YBG|
YBG|BHX,|BHX|EWR|YUL|YBG|
YBG|BIO,|BIO|IST|FRA|YUL|YBG|
YBG|BLQ,|BLQ|IST|FRA|YUL|YBG|
YBG|BOM,|BOM|IST|FRA|YUL|YBG|
YBG|BRE,|BRE|IST|FRA|YUL|YBG|
YBG|BSL,|BSL|IST|FRA|YUL|YBG|
YBG|BSR,|BSR|IST|FRA|YUL|YBG|
YBG|BUD,|BUD|IST|FRA|YUL|YBG|
YBG|BUS,|BUS|IST|FRA|YUL|YBG|
YBG|CAI,|CAI|IST|FRA|YUL|YBG|
YBG|CGN,|CGN|IST|FRA|YUL|YBG|
YBG|CMN,|CMN|IST|FRA|YUL|YBG|
YBG|CND,|CND|IST|FRA|YUL|YBG|
YBG|DAR,|DAR|NBO|ZRH|YUL|YBG|
YBG|DLM,|DLM|IST|FRA|YUL|YBG|
YBG|DMM,|DMM|IST|FRA|YUL|YBG|
YBG|DNK,|DNK|IST|FRA|YUL|YBG|
YBG|DNZ,|DNZ|IST|FRA|YUL|YBG|
YBG|DOK,|DOK|IST|FRA|YUL|YBG|
YBG|DUS,|DUS|EWR|YUL|YBG|
YBG|EDI,|EDI|EWR|YUL|YBG|
YBG|ELQ,|ELQ|IST|FRA|YUL|YBG|
YBG|FDH,|FDH|IST|FRA|YUL|YBG|
YBG|GOA,|GOA|IST|FRA|YUL|YBG|
YBG|GOT,|GOT|BRU|YUL|YBG|
YBG|HAJ,|HAJ|BRU|YUL|YBG|
YBG|HBE,|HBE|IST|FRA|YUL|YBG|
YBG|HEL,|HEL|IST|FRA|YUL|YBG|
YBG|HRG,|HRG|IST|FRA|YUL|YBG|
YBG|IFN,|IFN|IST|FRA|YUL|YBG|
YBG|ISE,|ISE|IST|FRA|YUL|YBG|
YBG|ISU,|ISU|IST|FRA|YUL|YBG|
YBG|JIB,|JIB|IST|FRA|YUL|YBG|
YBG|JRO,|JRO|IST|FRA|YUL|YBG|
YBG|KAN,|KAN|IST|FRA|YUL|YBG|
YBG|KBL,|KBL|IST|FRA|YUL|YBG|
YBG|KBP,|KBP|IST|FRA|YUL|YBG|
YBG|KFS,|KFS|IST|FRA|YUL|YBG|
YBG|KHI,|KHI|IST|FRA|YUL|YBG|
YBG|KIV,|KIV|IST|FRA|YUL|YBG|
YBG|KRT,|KRT|IST|FRA|YUL|YBG|
YBG|KSH,|KSH|IST|FRA|YUL|YBG|
YBG|KVD,|KVD|IST|FRA|YUL|YBG|
YBG|KWI,|KWI|SAW|FRA|YUL|YBG|
YBG|KYA,|KYA|IST|FRA|YUL|YBG|
YBG|KZN,|KZN|IST|FRA|YUL|YBG|
YBG|KZR,|KZR|IST|FRA|YUL|YBG|
YBG|LED,|LED|VIE|JFK|YUL|YBG|
YBG|LEJ,|LEJ|IST|FRA|YUL|YBG|
YBG|LGW,|LGW|IST|FRA|YUL|YBG|
YBG|LHE,|LHE|IST|FRA|YUL|YBG|
YBG|LIS,|LIS|EWR|YUL|YBG|
YBG|LJU,|LJU|IST|FRA|YUL|YBG|
YBG|LOS,|LOS|FRA|YUL|YBG|
YBG|LUX,|LUX|IST|FRA|YUL|YBG|
YBG|LWO,|LWO|IST|FRA|YUL|YBG|
YBG|LYS,|LYS|IST|FRA|YUL|YBG|
YBG|MAD,|MAD|EWR|YUL|YBG|
YBG|MAN,|MAN|EWR|YUL|YBG|
YBG|MED,|MED|IST|FRA|YUL|YBG|
YBG|MHD,|MHD|IST|FRA|YUL|YBG|
YBG|MLA,|MLA|IST|FRA|YUL|YBG|
YBG|MRS,|MRS|IST|FRA|YUL|YBG|
YBG|MSQ,|MSQ|IST|FRA|YUL|YBG|
YBG|MXP,|MXP|EWR|YUL|YBG|
YBG|MZH,|MZH|IST|FRA|YUL|YBG|
YBG|MZR,|MZR|IST|FRA|YUL|YBG|
YBG|NAJ,|NAJ|IST|FRA|YUL|YBG|
YBG|NAV,|NAV|IST|FRA|YUL|YBG|
YBG|NCE,|NCE|IST|FRA|YUL|YBG|
YBG|NIM,|NIM|IST|FRA|YUL|YBG|
YBG|NJF,|NJF|IST|FRA|YUL|YBG|
YBG|NSI,|NSI|BRU|YUL|YBG|
YBG|NUE,|NUE|IST|FRA|YUL|YBG|
YBG|ODS,|ODS|IST|FRA|YUL|YBG|
YBG|ORN,|ORN|IST|FRA|YUL|YBG|
YBG|OTP,|OTP|IST|FRA|YUL|YBG|
YBG|PRG,|PRG|BRU|YUL|YBG|
YBG|PRN,|PRN|IST|FRA|YUL|YBG|
YBG|RIX,|RIX|IST|FRA|YUL|YBG|
YBG|ROV,|ROV|IST|FRA|YUL|YBG|
YBG|RTM,|RTM|IST|FRA|YUL|YBG|
YBG|RUH,|RUH|IST|FRA|YUL|YBG|
YBG|SAH,|SAH|IST|FRA|YUL|YBG|
YBG|SJJ,|SJJ|IST|FRA|YUL|YBG|
YBG|SKG,|SKG|IST|FRA|YUL|YBG|
YBG|SKP,|SKP|IST|FRA|YUL|YBG|
YBG|SSH,|SSH|IST|FRA|YUL|YBG|
YBG|STR,|STR|EWR|YUL|YBG|
YBG|SVX,|SVX|IST|FRA|YUL|YBG|
YBG|SYZ,|SYZ|IST|FRA|YUL|YBG|
YBG|SZG,|SZG|IST|FRA|YUL|YBG|
YBG|TBZ,|TBZ|IST|FRA|YUL|YBG|
YBG|TGD,|TGD|IST|FRA|YUL|YBG|
YBG|TIA,|TIA|IST|FRA|YUL|YBG|
YBG|TIF,|TIF|IST|FRA|YUL|YBG|
YBG|TIP,|TIP|IST|FRA|YUL|YBG|
YBG|TLL,|TLL|VNO|FRA|YUL|YBG|
YBG|TLS,|TLS|IST|FRA|YUL|YBG|
YBG|TRN,|TRN|IST|FRA|YUL|YBG|
YBG|TUN,|TUN|IST|FRA|YUL|YBG|
YBG|TXL,|TXL|EWR|YUL|YBG|
YBG|UFA,|UFA|IST|FRA|YUL|YBG|
YBG|VAS,|VAS|SAW|FRA|YUL|YBG|
YBG|VCE,|VCE|IST|FRA|YUL|YBG|
YBG|YNB,|YNB|IST|FRA|YUL|YBG|
YBG|ZAG,|ZAG|IST|FRA|YUL|YBG|
YBG|MGQ,|MGQ|JIB|IST|FRA|YUL|YBG|
YBG|CPT,|CPT|JNB|JFK|YUL|YBG|
YBG|MBA,|MBA|JRO|IST|FRA|YUL|YBG|
YBG|NDJ,|NDJ|KAN|IST|FRA|YUL|YBG|
YBG|CMB,|CMB|MLE|IST|FRA|YUL|YBG|
YBG|ADE,|ADE|SAH|IST|FRA|YUL|YBG|
YBG|ASF,|ASF|SAW|FRA|YUL|YBG|
YBG|STW,|STW|SAW|FRA|YUL|YBG|
YBG|LFW,|LFW|ABJ|BRU|YUL|YBG|
YBG|CEC,|CEC|ACV|SMF|DEN|YUL|YBG|
YBG|SMF,|SMF|DEN|YUL|YBG|
YBG|CDR,|CDR|AIA|DEN|YUL|YBG|
YBG|FMN,|FMN|DEN|YUL|YBG|
YBG|JST,|JST|IAD|YUL|YBG|
YBG|JHW,|JHW|CLE|YYZ|YUL|YBG|
YBG|SHD,|SHD|IAD|YUL|YBG|
YBG|PTY,|PTY|EWR|YUL|YBG|
YBG|FNA,|FNA|BRU|YUL|YBG|
YBG|SXB,|SXB|BRU|YUL|YBG|
YBG|ACV,|ACV|SMF|DEN|YUL|YBG|
YBG|MGW,|MGW|IAD|YUL|YBG|
YBG|ALB,|ALB|EWR|YUL|YBG|
YBG|AUS,|AUS|CLE|YYZ|YUL|YBG|
YBG|BFD,|BFD|CLE|YYZ|YUL|YBG|
YBG|BUF,|BUF|EWR|YUL|YBG|
YBG|CHS,|CHS|IAD|YUL|YBG|
YBG|DAY,|DAY|CLE|YYZ|YUL|YBG|
YBG|DUJ,|DUJ|CLE|YYZ|YUL|YBG|
YBG|ERI,|ERI|CLE|YYZ|YUL|YBG|
YBG|FKL,|FKL|CLE|YYZ|YUL|YBG|
YBG|FNT,|FNT|CLE|YYZ|YUL|YBG|
YBG|GRR,|GRR|CLE|YYZ|YUL|YBG|
YBG|GSP,|GSP|IAD|YUL|YBG|
YBG|PBI,|PBI|EWR|YUL|YBG|
YBG|PKB,|PKB|CLE|YYZ|YUL|YBG|
YBG|RIC,|RIC|IAD|YUL|YBG|
YBG|SDF,|SDF|CLE|YYZ|YUL|YBG|
YBG|GUM,|GUM|NRT|YYZ|YUL|YBG|
YBG|WRL,|WRL|CYS|DEN|YUL|YBG|
YBG|LBL,|YBG|
YBG|ABQ,|ABQ|ORD|YUL|YBG|
YBG|AIA,|AIA|DEN|YUL|YBG|
YBG|ALS,|ALS|DEN|YUL|YBG|
YBG|AMA,|AMA|DAL|STL|YYZ|YUL|YBG|
YBG|ANC,|ANC|ORD|YUL|YBG|
YBG|ASE,|ASE|DEN|YUL|YBG|
YBG|BFL,|BFL|DEN|YUL|YBG|
YBG|BHM,|BHM|BWI|EWR|YUL|YBG|
YBG|BIL,|BIL|DEN|YUL|YBG|
YBG|BIS,|BIS|DEN|YUL|YBG|
YBG|BOI,|BOI|ORD|YUL|YBG|
YBG|BUR,|BUR|DEN|YUL|YBG|
YBG|BZN,|BZN|ORD|YUL|YBG|
YBG|CID,|CID|ORD|YUL|YBG|
YBG|COD,|COD|DEN|YUL|YBG|
YBG|COS,|COS|ORD|YUL|YBG|
YBG|CPR,|CPR|DEN|YUL|YBG|
YBG|CYS,|CYS|DEN|YUL|YBG|
YBG|DIK,|DIK|DEN|YUL|YBG|
YBG|DRO,|DRO|DEN|YUL|YBG|
YBG|DSM,|DSM|ORD|YUL|YBG|
YBG|EGE,|EGE|DEN|YUL|YBG|
YBG|ELP,|ELP|DAL|STL|YYZ|YUL|YBG|
YBG|EUG,|EUG|PDX|YYC|YUL|YBG|
YBG|FAR,|FAR|ORD|YUL|YBG|
YBG|FAT,|FAT|DEN|YUL|YBG|
YBG|FCA,|FCA|DEN|YUL|YBG|
YBG|FSD,|FSD|ORD|YUL|YBG|
YBG|GCC,|GCC|DEN|YUL|YBG|
YBG|GEG,|GEG|DEN|YUL|YBG|
YBG|GJT,|GJT|DEN|YUL|YBG|
YBG|GTF,|GTF|DEN|YUL|YBG|
YBG|GUC,|GUC|DEN|YUL|YBG|
YBG|HDN,|HDN|DEN|YUL|YBG|
YBG|HLN,|HLN|DEN|YUL|YBG|
YBG|HSV,|HSV|IAD|YUL|YBG|
YBG|ICT,|ICT|ORD|YUL|YBG|
YBG|IDA,|IDA|DEN|YUL|YBG|
YBG|ISN,|ISN|DEN|YUL|YBG|
YBG|JAC,|JAC|DEN|YUL|YBG|
YBG|KOA,|KOA|SFO|YUL|YBG|
YBG|LAR,|LAR|DEN|YUL|YBG|
YBG|LBB,|LBB|DAL|STL|YYZ|YUL|YBG|
YBG|LIH,|LIH|SFO|YUL|YBG|
YBG|LIT,|LIT|ORD|YUL|YBG|
YBG|LNK,|LNK|ORD|YUL|YBG|
YBG|MAF,|MAF|DAL|STL|YYZ|YUL|YBG|
YBG|MEM,|MEM|MDW|DTW|YYZ|YUL|YBG|
YBG|MFR,|MFR|DEN|YUL|YBG|
YBG|MLI,|MLI|ORD|YUL|YBG|
YBG|MOT,|MOT|DEN|YUL|YBG|
YBG|MRY,|MRY|DEN|YUL|YBG|
YBG|MSN,|MSN|ORD|YUL|YBG|
YBG|MSO,|MSO|DEN|YUL|YBG|
YBG|MTJ,|MTJ|DEN|YUL|YBG|
YBG|OKC,|OKC|STL|YYZ|YUL|YBG|
YBG|OMA,|OMA|ORD|YUL|YBG|
YBG|ONT,|ONT|DEN|YUL|YBG|
YBG|PIA,|PIA|ORD|YUL|YBG|
YBG|PIR,|PIR|DEN|YUL|YBG|
YBG|PSC,|PSC|DEN|YUL|YBG|
YBG|PSP,|PSP|DEN|YUL|YBG|
YBG|PUB,|PUB|DEN|YUL|YBG|
YBG|RAP,|RAP|ORD|YUL|YBG|
YBG|RDM,|RDM|DEN|YUL|YBG|
YBG|RKS,|RKS|DEN|YUL|YBG|
YBG|RNO,|RNO|DEN|YUL|YBG|
YBG|SAF,|SAF|DEN|YUL|YBG|
YBG|SAT,|SAT|STL|YYZ|YUL|YBG|
YBG|SBA,|SBA|DEN|YUL|YBG|
YBG|SGF,|SGF|ORD|YUL|YBG|
YBG|SGU,|SGU|DEN|YUL|YBG|
YBG|SHV,|SHV|IAH|YUL|YBG|
YBG|SJC,|SJC|DEN|YUL|YBG|
YBG|SLC,|SLC|ORD|YUL|YBG|
YBG|SNA,|SNA|DEN|YUL|YBG|
YBG|TUL,|TUL|STL|YYZ|YUL|YBG|
YBG|TUS,|TUS|MDW|DTW|YYZ|YUL|YBG|
YBG|TYS,|TYS|IAD|YUL|YBG|
YBG|XNA,|XNA|ORD|YUL|YBG|
YBG|SAL,|SAL|EWR|YUL|YBG|
YBG|BJL,|BJL|DKR|IAD|YUL|YBG|
YBG|BFS,|BFS|EWR|YUL|YBG|
YBG|BON,|BON|EWR|YUL|YBG|
YBG|BQN,|BQN|EWR|YUL|YBG|
YBG|BTV,|BTV|EWR|YUL|YBG|
YBG|BZE,|BZE|EWR|YUL|YBG|
YBG|GLA,|GLA|EWR|YUL|YBG|
YBG|GSO,|GSO|IAD|YUL|YBG|
YBG|ITH,|ITH|EWR|YUL|YBG|
YBG|JAX,|JAX|IAD|YUL|YBG|
YBG|MHT,|MHT|EWR|YUL|YBG|
YBG|MYR,|MYR|EWR|YUL|YBG|
YBG|ORF,|ORF|EWR|YUL|YBG|
YBG|POS,|POS|EWR|YUL|YBG|
YBG|PVD,|PVD|EWR|YUL|YBG|
YBG|PWM,|PWM|EWR|YUL|YBG|
YBG|SAP,|SAP|EWR|YUL|YBG|
YBG|SAV,|SAV|IAD|YUL|YBG|
YBG|SDQ,|SDQ|EWR|YUL|YBG|
YBG|SJU,|SJU|EWR|YUL|YBG|
YBG|SNN,|SNN|EWR|YUL|YBG|
YBG|STT,|STT|EWR|YUL|YBG|
YBG|SXM,|SXM|EWR|YUL|YBG|
YBG|BIM,|BIM|FLL|YUL|YBG|
YBG|ELH,|ELH|PBI|EWR|YUL|YBG|
YBG|EYW,|EYW|MCO|YUL|YBG|
YBG|FPO,|FPO|FLL|YUL|YBG|
YBG|GHB,|GHB|FLL|YUL|YBG|
YBG|MHH,|MHH|JAX|IAD|YUL|YBG|
YBG|TCB,|TCB|FLL|YUL|YBG|
YBG|SOW,|SOW|FMN|DEN|YUL|YBG|
YBG|ROB,|ROB|FNA|BRU|YUL|YBG|
YBG|GIG,|GIG|GRU|EWR|YUL|YBG|
YBG|CNS,|CNS|GUM|NRT|YYZ|YUL|YBG|
YBG|CTS,|CTS|GUM|NRT|YYZ|YUL|YBG|
YBG|OKJ,|OKJ|GUM|NRT|YYZ|YUL|YBG|
YBG|ROP,|ROP|GUM|NRT|YYZ|YUL|YBG|
YBG|ROR,|ROR|GUM|NRT|YYZ|YUL|YBG|
YBG|SDJ,|SDJ|GUM|NRT|YYZ|YUL|YBG|
YBG|SPN,|SPN|GUM|NRT|YYZ|YUL|YBG|
YBG|TKK,|TKK|PNI|KWA|MAJ|HNL|SFO|YUL|YBG|
YBG|YAP,|YAP|GUM|NRT|YYZ|YUL|YBG|
YBG|MAJ,|MAJ|HNL|SFO|YUL|YBG|
YBG|AOO,|AOO|IAD|YUL|YBG|
YBG|BGM,|BGM|IAD|YUL|YBG|
YBG|BKW,|BKW|IAD|YUL|YBG|
YBG|CAE,|CAE|IAD|YUL|YBG|
YBG|CHO,|CHO|IAD|YUL|YBG|
YBG|CRW,|CRW|IAD|YUL|YBG|
YBG|FAY,|FAY|IAD|YUL|YBG|
YBG|LWB,|LWB|IAD|YUL|YBG|
YBG|ROA,|ROA|IAD|YUL|YBG|
YBG|SCE,|SCE|IAD|YUL|YBG|
YBG|ACA,|ACA|IAH|YUL|YBG|
YBG|ACY,|ACY|ORD|YUL|YBG|
YBG|AEX,|AEX|IAH|YUL|YBG|
YBG|AGU,|AGU|IAH|YUL|YBG|
YBG|BJX,|BJX|IAH|YUL|YBG|
YBG|BRO,|BRO|IAH|YUL|YBG|
YBG|BTR,|BTR|IAH|YUL|YBG|
YBG|CCS,|CCS|IAH|YUL|YBG|
YBG|CLL,|CLL|IAH|YUL|YBG|
YBG|CME,|CME|IAH|YUL|YBG|
YBG|CRP,|CRP|IAH|YUL|YBG|
YBG|CUU,|CUU|IAH|YUL|YBG|
YBG|DAL,|DAL|STL|YYZ|YUL|YBG|
YBG|DGO,|DGO|IAH|YUL|YBG|
YBG|GDL,|GDL|IAH|YUL|YBG|
YBG|GPT,|GPT|IAH|YUL|YBG|
YBG|GRK,|GRK|IAH|YUL|YBG|
YBG|HOB,|HOB|IAH|YUL|YBG|
YBG|HRL,|HRL|IAH|YUL|YBG|
YBG|HUX,|HUX|IAH|YUL|YBG|
YBG|JAN,|JAN|MDW|DTW|YYZ|YUL|YBG|
YBG|LCH,|LCH|IAH|YUL|YBG|
YBG|LEX,|LEX|ORD|YUL|YBG|
YBG|LFT,|LFT|IAH|YUL|YBG|
YBG|LRD,|LRD|IAH|YUL|YBG|
YBG|MFE,|MFE|IAH|YUL|YBG|
YBG|MGA,|MGA|IAH|YUL|YBG|
YBG|MID,|MID|IAH|YUL|YBG|
YBG|MLM,|MLM|IAH|YUL|YBG|
YBG|MLU,|MLU|IAH|YUL|YBG|
YBG|MOB,|MOB|ORD|YUL|YBG|
YBG|MTY,|MTY|IAH|YUL|YBG|
YBG|OAX,|OAX|IAH|YUL|YBG|
YBG|PBC,|PBC|IAH|YUL|YBG|
YBG|PNS,|PNS|BNA|YYZ|YUL|YBG|
YBG|QRO,|QRO|IAH|YUL|YBG|
YBG|RTB,|RTB|IAH|YUL|YBG|
YBG|SLP,|SLP|IAH|YUL|YBG|
YBG|SLW,|SLW|IAH|YUL|YBG|
YBG|TAM,|TAM|IAH|YUL|YBG|
YBG|TGU,|TGU|IAH|YUL|YBG|
YBG|TRC,|TRC|IAH|YUL|YBG|
YBG|TYR,|TYR|IAH|YUL|YBG|
YBG|UIO,|UIO|IAH|YUL|YBG|
YBG|VER,|VER|IAH|YUL|YBG|
YBG|VPS,|VPS|IAH|YUL|YBG|
YBG|VSA,|VSA|IAH|YUL|YBG|
YBG|ZIH,|ZIH|IAH|YUL|YBG|
YBG|ZLO,|ZLO|IAH|YUL|YBG|
YBG|KWA,|KWA|MAJ|HNL|SFO|YUL|YBG|
YBG|PNI,|PNI|KWA|MAJ|HNL|SFO|YUL|YBG|
YBG|KSA,|KSA|KWA|MAJ|HNL|SFO|YUL|YBG|
YBG|CLD,|CLD|LAX|YUL|YBG|
YBG|ITO,|ITO|LAX|YUL|YBG|
YBG|SBP,|SBP|LAX|YUL|YBG|
YBG|SMX,|SMX|LAX|YUL|YBG|
YBG|YUM,|YUM|LAX|YUL|YBG|
YBG|DDC,|YBG|
YBG|TMS,|TMS|LIS|EWR|YUL|YBG|
YBG|PHC,|PHC|LOS|FRA|YUL|YBG|
YBG|GNV,|GNV|MCO|YUL|YBG|
YBG|TLH,|TLH|MCO|YUL|YBG|
YBG|CKB,|CKB|MGW|IAD|YUL|YBG|
YBG|BAQ,|BAQ|MIA|YUL|YBG|
YBG|CLO,|CLO|MIA|YUL|YBG|
YBG|CTG,|CTG|MIA|YUL|YBG|
YBG|MDE,|MDE|MIA|YUL|YBG|
YBG|ABE,|ABE|ORD|YUL|YBG|
YBG|ATW,|ATW|ORD|YUL|YBG|
YBG|AVL,|AVL|ORD|YUL|YBG|
YBG|AVP,|AVP|ORD|YUL|YBG|
YBG|CAK,|CAK|LGA|YUL|YBG|
YBG|CMX,|CMX|ORD|YUL|YBG|
YBG|CWA,|CWA|ORD|YUL|YBG|
YBG|DLH,|DLH|ORD|YUL|YBG|
YBG|EAU,|EAU|ORD|YUL|YBG|
YBG|ELM,|ELM|ORD|YUL|YBG|
YBG|FOE,|FOE|ORD|YUL|YBG|
YBG|FWA,|FWA|ORD|YUL|YBG|
YBG|GRB,|GRB|ORD|YUL|YBG|
YBG|HPN,|HPN|ORD|YUL|YBG|
YBG|LAN,|LAN|ORD|YUL|YBG|
YBG|MBS,|MBS|ORD|YUL|YBG|
YBG|MKG,|MKG|ORD|YUL|YBG|
YBG|PAH,|PAH|ORD|YUL|YBG|
YBG|SBN,|SBN|ORD|YUL|YBG|
YBG|SPI,|SPI|ORD|YUL|YBG|
YBG|SRQ,|SRQ|ORD|YUL|YBG|
YBG|STC,|STC|ORD|YUL|YBG|
YBG|TVC,|TVC|ORD|YUL|YBG|
YBG|LMT,|LMT|PDX|YYC|YUL|YBG|
YBG|HON,|HON|PIR|DEN|YUL|YBG|
YBG|CIC,|CIC|SFO|YUL|YBG|
YBG|MOD,|MOD|SFO|YUL|YBG|
YBG|OTH,|OTH|SFO|YUL|YBG|
YBG|RDD,|RDD|SFO|YUL|YBG|
YBG|EIS,|EIS|SJU|EWR|YUL|YBG|
YBG|DME,|DME|VIE|JFK|YUL|YBG|
YBG|EVN,|EVN|VIE|JFK|YUL|YBG|
YBG|HOU,|HOU|IND|YYZ|YUL|YBG|
YBG|MDW,|MDW|DTW|YYZ|YUL|YBG|
YBG|OAK,|OAK|DEN|YUL|YBG|
YBG|ECP,|ECP|BWI|EWR|YUL|YBG|
YBG|ISP,|ISP|BWI|EWR|YUL|YBG|
YBG|YHM,|YHM|YQM|YUL|YBG|
YBG|YXX,|YXX|YYC|YUL|YBG|
YBG|YBR,|YBR|YYC|YUL|YBG|
YBG|YKF,|YKF|YYC|YUL|YBG|
YBG|GDN,|YBG|
YBG|TRD,|YBG|
YBG|NKC,|YBG|
YBG|PGA,|YBG|
